codigo,nombre,precio,iva,deposito,codigo_barras,stock_min,stock
4000459,FRAZADITA CELESTE MAXIPLUS (D MAMA),0.0,10,URGENCIAS(2),4000459,0.0,0.0
4000459,FRAZADITA CELESTE MAXIPLUS (D MAMA),0.0,10,INTERNADO(3),4000459,0.0,0.0
4000459,FRAZADITA CELESTE MAXIPLUS (D MAMA),0.0,10,QUIROFANO(4),4000459,0.0,0.0
4000459,FRAZADITA CELESTE MAXIPLUS (D MAMA),0.0,10,ADMINISTRACION,4000459,0.0,0.0
4000459,FRAZADITA CELESTE MAXIPLUS (D MAMA),0.0,10,CARRO DE PARO,4000459,0.0,0.0
4000460,FRAZADITA ROSA MAXIPLUS (D MAMA),0.0,10,FARMACIA INTERNA(1),4000460,0.0,1.0
4000460,FRAZADITA ROSA MAXIPLUS (D MAMA),0.0,10,URGENCIAS(2),4000460,0.0,0.0
4000460,FRAZADITA ROSA MAXIPLUS (D MAMA),0.0,10,INTERNADO(3),4000460,0.0,0.0
4000460,FRAZADITA ROSA MAXIPLUS (D MAMA),0.0,10,QUIROFANO(4),4000460,0.0,0.0
4000460,FRAZADITA ROSA MAXIPLUS (D MAMA),0.0,10,ADMINISTRACION,4000460,0.0,0.0
4000460,FRAZADITA ROSA MAXIPLUS (D MAMA),0.0,10,CARRO DE PARO,4000460,0.0,0.0
4000461,FRAZADITA BLANCO MAXIPLUS (D MAMA),0.0,10,FARMACIA INTERNA(1),4000461,0.0,1.0
4000461,FRAZADITA BLANCO MAXIPLUS (D MAMA),0.0,10,URGENCIAS(2),4000461,0.0,0.0
4000461,FRAZADITA BLANCO MAXIPLUS (D MAMA),0.0,10,INTERNADO(3),4000461,0.0,0.0
4000461,FRAZADITA BLANCO MAXIPLUS (D MAMA),0.0,10,QUIROFANO(4),4000461,0.0,0.0
4000461,FRAZADITA BLANCO MAXIPLUS (D MAMA),0.0,10,ADMINISTRACION,4000461,0.0,0.0
4000461,FRAZADITA BLANCO MAXIPLUS (D MAMA),0.0,10,CARRO DE PARO,4000461,0.0,0.0
4000462,BOLSA PATOLOGICA ROJA P7 80LTS X 10,15000.0,10,FARMACIA INTERNA(1),4000462,0.0,1.0
4000462,BOLSA PATOLOGICA ROJA P7 80LTS X 10,15000.0,10,URGENCIAS(2),4000462,0.0,0.0
4000462,BOLSA PATOLOGICA ROJA P7 80LTS X 10,15000.0,10,INTERNADO(3),4000462,0.0,0.0
4000462,BOLSA PATOLOGICA ROJA P7 80LTS X 10,15000.0,10,QUIROFANO(4),4000462,0.0,0.0
4000462,BOLSA PATOLOGICA ROJA P7 80LTS X 10,15000.0,10,ADMINISTRACION,4000462,0.0,0.0
4000462,BOLSA PATOLOGICA ROJA P7 80LTS X 10,15000.0,10,CARRO DE PARO,4000462,0.0,0.0
4000463,ALGODON ZIG ZAG 200GR,13000.0,10,FARMACIA INTERNA(1),4000463,0.0,0.0
4000463,ALGODON ZIG ZAG 200GR,13000.0,10,URGENCIAS(2),4000463,0.0,0.0
4000463,ALGODON ZIG ZAG 200GR,13000.0,10,INTERNADO(3),4000463,0.0,0.0
4000463,ALGODON ZIG ZAG 200GR,13000.0,10,QUIROFANO(4),4000463,0.0,0.0
4000463,ALGODON ZIG ZAG 200GR,13000.0,10,ADMINISTRACION,4000463,0.0,0.0
4000463,ALGODON ZIG ZAG 200GR,13000.0,10,CARRO DE PARO,4000463,0.0,0.0
4000464,OXIGENO MEDICINAL,5000000.0,10,FARMACIA INTERNA(1),4000464,0.0,1.0
4000464,OXIGENO MEDICINAL,5000000.0,10,URGENCIAS(2),4000464,0.0,0.0
4000464,OXIGENO MEDICINAL,5000000.0,10,INTERNADO(3),4000464,0.0,0.0
4000464,OXIGENO MEDICINAL,5000000.0,10,QUIROFANO(4),4000464,0.0,0.0
4000464,OXIGENO MEDICINAL,5000000.0,10,ADMINISTRACION,4000464,0.0,39.0
4000464,OXIGENO MEDICINAL,5000000.0,10,CARRO DE PARO,4000464,0.0,0.0
4000465,RECARGA DE EXTINTOR PQS 6 KG,0.0,10,FARMACIA INTERNA(1),4000465,0.0,0.0
4000465,RECARGA DE EXTINTOR PQS 6 KG,0.0,10,URGENCIAS(2),4000465,0.0,0.0
4000465,RECARGA DE EXTINTOR PQS 6 KG,0.0,10,INTERNADO(3),4000465,0.0,0.0
4000465,RECARGA DE EXTINTOR PQS 6 KG,0.0,10,QUIROFANO(4),4000465,0.0,0.0
4000465,RECARGA DE EXTINTOR PQS 6 KG,0.0,10,ADMINISTRACION,4000465,0.0,13.0
4000465,RECARGA DE EXTINTOR PQS 6 KG,0.0,10,CARRO DE PARO,4000465,0.0,0.0
4000466,RECARGA DE EXTINTOR CO2 5 KG,0.0,10,FARMACIA INTERNA(1),4000466,0.0,0.0
4000466,RECARGA DE EXTINTOR CO2 5 KG,0.0,10,URGENCIAS(2),4000466,0.0,0.0
4000466,RECARGA DE EXTINTOR CO2 5 KG,0.0,10,INTERNADO(3),4000466,0.0,0.0
4000466,RECARGA DE EXTINTOR CO2 5 KG,0.0,10,QUIROFANO(4),4000466,0.0,0.0
4000466,RECARGA DE EXTINTOR CO2 5 KG,0.0,10,ADMINISTRACION,4000466,0.0,6.0
4000466,RECARGA DE EXTINTOR CO2 5 KG,0.0,10,CARRO DE PARO,4000466,0.0,0.0
4000467,PRESERVATIVOS S/ LUBRICANTE CAJA X 144,150000.0,10,FARMACIA INTERNA(1),4000467,0.0,1.0
4000467,PRESERVATIVOS S/ LUBRICANTE CAJA X 144,150000.0,10,URGENCIAS(2),4000467,0.0,0.0
4000467,PRESERVATIVOS S/ LUBRICANTE CAJA X 144,150000.0,10,INTERNADO(3),4000467,0.0,0.0
4000467,PRESERVATIVOS S/ LUBRICANTE CAJA X 144,150000.0,10,QUIROFANO(4),4000467,0.0,0.0
4000467,PRESERVATIVOS S/ LUBRICANTE CAJA X 144,150000.0,10,ADMINISTRACION,4000467,0.0,0.0
4000467,PRESERVATIVOS S/ LUBRICANTE CAJA X 144,150000.0,10,CARRO DE PARO,4000467,0.0,0.0
4000468,RESMA DE PAPEL FOTOGRAFICO X 200 UN,150000.0,10,FARMACIA INTERNA(1),4000468,0.0,1.0
4000468,RESMA DE PAPEL FOTOGRAFICO X 200 UN,150000.0,10,URGENCIAS(2),4000468,0.0,0.0
4000468,RESMA DE PAPEL FOTOGRAFICO X 200 UN,150000.0,10,INTERNADO(3),4000468,0.0,0.0
4000468,RESMA DE PAPEL FOTOGRAFICO X 200 UN,150000.0,10,QUIROFANO(4),4000468,0.0,0.0
4000468,RESMA DE PAPEL FOTOGRAFICO X 200 UN,150000.0,10,ADMINISTRACION,4000468,0.0,0.0
4000468,RESMA DE PAPEL FOTOGRAFICO X 200 UN,150000.0,10,CARRO DE PARO,4000468,0.0,0.0
4000469,PAPEL PARA VIDEO PRINTER UPP - 110MMX8M (SONY),220000.0,10,FARMACIA INTERNA(1),4000469,0.0,1.0
4000469,PAPEL PARA VIDEO PRINTER UPP - 110MMX8M (SONY),220000.0,10,URGENCIAS(2),4000469,0.0,0.0
4000469,PAPEL PARA VIDEO PRINTER UPP - 110MMX8M (SONY),220000.0,10,INTERNADO(3),4000469,0.0,0.0
4000469,PAPEL PARA VIDEO PRINTER UPP - 110MMX8M (SONY),220000.0,10,QUIROFANO(4),4000469,0.0,0.0
4000469,PAPEL PARA VIDEO PRINTER UPP - 110MMX8M (SONY),220000.0,10,ADMINISTRACION,4000469,0.0,0.0
4000469,PAPEL PARA VIDEO PRINTER UPP - 110MMX8M (SONY),220000.0,10,CARRO DE PARO,4000469,0.0,0.0
4000470,PLACA P/ ELECTRO BISTURI BIPOLAR (ADULTO),70000.0,10,FARMACIA INTERNA(1),4000470,0.0,0.0
4000470,PLACA P/ ELECTRO BISTURI BIPOLAR (ADULTO),70000.0,10,URGENCIAS(2),4000470,0.0,0.0
4000470,PLACA P/ ELECTRO BISTURI BIPOLAR (ADULTO),70000.0,10,INTERNADO(3),4000470,0.0,0.0
4000470,PLACA P/ ELECTRO BISTURI BIPOLAR (ADULTO),70000.0,10,QUIROFANO(4),4000470,0.0,0.0
4000470,PLACA P/ ELECTRO BISTURI BIPOLAR (ADULTO),70000.0,10,ADMINISTRACION,4000470,0.0,0.0
4000470,PLACA P/ ELECTRO BISTURI BIPOLAR (ADULTO),70000.0,10,CARRO DE PARO,4000470,0.0,0.0
4000471,MASCARA P/ ANESTESIA N0,50000.0,10,FARMACIA INTERNA(1),4000471,0.0,2.0
4000471,MASCARA P/ ANESTESIA N0,50000.0,10,URGENCIAS(2),4000471,0.0,0.0
4000471,MASCARA P/ ANESTESIA N0,50000.0,10,INTERNADO(3),4000471,0.0,0.0
4000471,MASCARA P/ ANESTESIA N0,50000.0,10,QUIROFANO(4),4000471,0.0,0.0
4000471,MASCARA P/ ANESTESIA N0,50000.0,10,ADMINISTRACION,4000471,0.0,0.0
4000471,MASCARA P/ ANESTESIA N0,50000.0,10,CARRO DE PARO,4000471,0.0,0.0
4000472,OXIGENO MEDICINAL AL 5%,960120.0,5,FARMACIA INTERNA(1),4000472,0.0,0.0
4000472,OXIGENO MEDICINAL AL 5%,960120.0,5,URGENCIAS(2),4000472,0.0,0.0
4000472,OXIGENO MEDICINAL AL 5%,960120.0,5,INTERNADO(3),4000472,0.0,0.0
4000472,OXIGENO MEDICINAL AL 5%,960120.0,5,QUIROFANO(4),4000472,0.0,0.0
4000472,OXIGENO MEDICINAL AL 5%,960120.0,5,ADMINISTRACION,4000472,0.0,49.0
4000472,OXIGENO MEDICINAL AL 5%,960120.0,5,CARRO DE PARO,4000472,0.0,0.0
4000473,"LEUKOMED T PLUS 5 X 7,2 (CURITON)",11000.0,10,FARMACIA INTERNA(1),4000473,0.0,18.0
4000473,"LEUKOMED T PLUS 5 X 7,2 (CURITON)",11000.0,10,URGENCIAS(2),4000473,0.0,36.0
4000473,"LEUKOMED T PLUS 5 X 7,2 (CURITON)",11000.0,10,INTERNADO(3),4000473,0.0,0.0
4000473,"LEUKOMED T PLUS 5 X 7,2 (CURITON)",11000.0,10,QUIROFANO(4),4000473,0.0,0.0
4000473,"LEUKOMED T PLUS 5 X 7,2 (CURITON)",11000.0,10,ADMINISTRACION,4000473,0.0,0.0
4000473,"LEUKOMED T PLUS 5 X 7,2 (CURITON)",11000.0,10,CARRO DE PARO,4000473,0.0,0.0
4000474,GERMI RIO (DESINFECTANTE P7 ECOGRAFO) ENV 750ML,125000.0,10,FARMACIA INTERNA(1),4000474,0.0,1.0
4000474,GERMI RIO (DESINFECTANTE P7 ECOGRAFO) ENV 750ML,125000.0,10,URGENCIAS(2),4000474,0.0,0.0
4000474,GERMI RIO (DESINFECTANTE P7 ECOGRAFO) ENV 750ML,125000.0,10,INTERNADO(3),4000474,0.0,0.0
4000474,GERMI RIO (DESINFECTANTE P7 ECOGRAFO) ENV 750ML,125000.0,10,QUIROFANO(4),4000474,0.0,0.0
4000474,GERMI RIO (DESINFECTANTE P7 ECOGRAFO) ENV 750ML,125000.0,10,ADMINISTRACION,4000474,0.0,0.0
4000474,GERMI RIO (DESINFECTANTE P7 ECOGRAFO) ENV 750ML,125000.0,10,CARRO DE PARO,4000474,0.0,0.0
700006,ECOGRAFIA TRANSVAGINAL,250000.0,10,INTERNADO(3),700006,0.0,0.0
700006,ECOGRAFIA TRANSVAGINAL,250000.0,10,QUIROFANO(4),700006,0.0,0.0
700006,ECOGRAFIA TRANSVAGINAL,250000.0,10,ADMINISTRACION,700006,0.0,0.0
700007,ECOGRAFIA OBSTETRICA,0.0,10,FARMACIA INTERNA(1),700007,0.0,0.0
700007,ECOGRAFIA OBSTETRICA,0.0,10,INTERNADO(3),700007,0.0,0.0
700007,ECOGRAFIA OBSTETRICA,0.0,10,QUIROFANO(4),700007,0.0,0.0
700007,ECOGRAFIA OBSTETRICA,0.0,10,ADMINISTRACION,700007,0.0,0.0
700008,ECOG. DOPPLER,0.0,10,ADMINISTRACION,700008,0.0,0.0
700009,ECOG. MORFOLOGICA,400000.0,10,URGENCIAS(2),700009,0.0,0.0
700009,ECOG. MORFOLOGICA,400000.0,10,INTERNADO(3),700009,0.0,0.0
700009,ECOG. MORFOLOGICA,400000.0,10,QUIROFANO(4),700009,0.0,0.0
700009,ECOG. MORFOLOGICA,400000.0,10,ADMINISTRACION,700009,0.0,0.0
700010,ECOG. PERFIL BIOFISICO FETAL,0.0,10,URGENCIAS(2),700010,0.0,0.0
700010,ECOG. PERFIL BIOFISICO FETAL,0.0,10,INTERNADO(3),700010,0.0,0.0
700010,ECOG. PERFIL BIOFISICO FETAL,0.0,10,QUIROFANO(4),700010,0.0,0.0
700010,ECOG. PERFIL BIOFISICO FETAL,0.0,10,ADMINISTRACION,700010,0.0,0.0
700012,ECOG. MARCADORES CROMOSOMICOS,400000.0,10,URGENCIAS(2),700012,0.0,0.0
700012,ECOG. MARCADORES CROMOSOMICOS,400000.0,10,INTERNADO(3),700012,0.0,0.0
700012,ECOG. MARCADORES CROMOSOMICOS,400000.0,10,ADMINISTRACION,700012,0.0,0.0
700013,ECOG. TESTICULAR,350000.0,10,URGENCIAS(2),700013,0.0,0.0
700013,ECOG. TESTICULAR,350000.0,10,INTERNADO(3),700013,0.0,0.0
700013,ECOG. TESTICULAR,350000.0,10,ADMINISTRACION,700013,0.0,0.0
700014,ECOGRAFIA DE URGENCIA,50000.0,10,FARMACIA INTERNA(1),700014,0.0,0.0
700014,ECOGRAFIA DE URGENCIA,50000.0,10,URGENCIAS(2),700014,0.0,0.0
700014,ECOGRAFIA DE URGENCIA,50000.0,10,INTERNADO(3),700014,0.0,0.0
700014,ECOGRAFIA DE URGENCIA,50000.0,10,QUIROFANO(4),700014,0.0,0.0
700014,ECOGRAFIA DE URGENCIA,50000.0,10,ADMINISTRACION,700014,0.0,0.0
700014,ECOGRAFIA DE URGENCIA,50000.0,10,CARRO DE PARO,700014,0.0,0.0
8000001,COLCHON THERAFOAM,2650000.0,10,FARMACIA INTERNA(1),8000001,0.0,0.0
8000001,COLCHON THERAFOAM,2650000.0,10,URGENCIAS(2),8000001,0.0,0.0
8000001,COLCHON THERAFOAM,2650000.0,10,INTERNADO(3),8000001,0.0,0.0
8000001,COLCHON THERAFOAM,2650000.0,10,QUIROFANO(4),8000001,0.0,0.0
8000001,COLCHON THERAFOAM,2650000.0,10,ADMINISTRACION,8000001,0.0,1.0
8000001,COLCHON THERAFOAM,2650000.0,10,CARRO DE PARO,8000001,0.0,0.0
93000000,DESCUENTO OBTENIDO DE PROVEEDORES,0.0,10,URGENCIAS(2),93000000,0.0,0.0
93000000,DESCUENTO OBTENIDO DE PROVEEDORES,0.0,10,INTERNADO(3),93000000,0.0,0.0
93000000,DESCUENTO OBTENIDO DE PROVEEDORES,0.0,10,QUIROFANO(4),93000000,0.0,0.0
93000000,DESCUENTO OBTENIDO DE PROVEEDORES,0.0,10,ADMINISTRACION,93000000,0.0,0.0
93000002,GASTOS DE CATERING 10%,0.0,10,ADMINISTRACION,93000002,0.0,0.0
93000003,DECORACIONES VARIAS,0.0,10,URGENCIAS(2),93000003,0.0,0.0
93000003,DECORACIONES VARIAS,0.0,10,INTERNADO(3),93000003,0.0,0.0
93000003,DECORACIONES VARIAS,0.0,10,QUIROFANO(4),93000003,0.0,0.0
93000003,DECORACIONES VARIAS,0.0,10,ADMINISTRACION,93000003,0.0,0.0
93000003,DECORACIONES VARIAS,0.0,10,CARRO DE PARO,93000003,0.0,0.0
93000004,ADESIVOS ESMERILADOS,0.0,10,URGENCIAS(2),93000004,0.0,0.0
93000004,ADESIVOS ESMERILADOS,0.0,10,INTERNADO(3),93000004,0.0,0.0
93000004,ADESIVOS ESMERILADOS,0.0,10,QUIROFANO(4),93000004,0.0,0.0
93000004,ADESIVOS ESMERILADOS,0.0,10,ADMINISTRACION,93000004,0.0,0.0
93000004,ADESIVOS ESMERILADOS,0.0,10,CARRO DE PARO,93000004,0.0,0.0
93000005,LETRERO - PUBLICIDAD Y PROPAGANDA,0.0,10,URGENCIAS(2),93000005,0.0,0.0
93000005,LETRERO - PUBLICIDAD Y PROPAGANDA,0.0,10,INTERNADO(3),93000005,0.0,0.0
93000005,LETRERO - PUBLICIDAD Y PROPAGANDA,0.0,10,QUIROFANO(4),93000005,0.0,0.0
93000005,LETRERO - PUBLICIDAD Y PROPAGANDA,0.0,10,ADMINISTRACION,93000005,0.0,0.0
93000005,LETRERO - PUBLICIDAD Y PROPAGANDA,0.0,10,CARRO DE PARO,93000005,0.0,0.0
93000006,CROCS ADULTO (PAR),0.0,10,URGENCIAS(2),93000006,0.0,0.0
93000006,CROCS ADULTO (PAR),0.0,10,INTERNADO(3),93000006,0.0,0.0
93000006,CROCS ADULTO (PAR),0.0,10,QUIROFANO(4),93000006,0.0,0.0
93000006,CROCS ADULTO (PAR),0.0,10,ADMINISTRACION,93000006,0.0,6.0
93000006,CROCS ADULTO (PAR),0.0,10,CARRO DE PARO,93000006,0.0,0.0
93000007,ARTICULOS Y PRODUCTOS DE LIMPIEZA,483000.0,10,URGENCIAS(2),93000007,0.0,0.0
93000007,ARTICULOS Y PRODUCTOS DE LIMPIEZA,483000.0,10,INTERNADO(3),93000007,0.0,0.0
93000007,ARTICULOS Y PRODUCTOS DE LIMPIEZA,483000.0,10,QUIROFANO(4),93000007,0.0,1.0
93000007,ARTICULOS Y PRODUCTOS DE LIMPIEZA,483000.0,10,ADMINISTRACION,93000007,0.0,109.0
93000007,ARTICULOS Y PRODUCTOS DE LIMPIEZA,483000.0,10,CARRO DE PARO,93000007,0.0,0.0
94000000,INTERESES PAGADOS,0.0,10,URGENCIAS(2),94000000,0.0,0.0
94000000,INTERESES PAGADOS,0.0,10,INTERNADO(3),94000000,0.0,0.0
94000000,INTERESES PAGADOS,0.0,10,QUIROFANO(4),94000000,0.0,0.0
94000000,INTERESES PAGADOS,0.0,10,ADMINISTRACION,94000000,0.0,0.0
94000000,INTERESES PAGADOS,0.0,10,CARRO DE PARO,94000000,0.0,0.0
94000001,COMISIONES BANCARIAS,1308859.0,10,URGENCIAS(2),94000001,0.0,0.0
94000001,COMISIONES BANCARIAS,1308859.0,10,INTERNADO(3),94000001,0.0,0.0
94000001,COMISIONES BANCARIAS,1308859.0,10,QUIROFANO(4),94000001,0.0,0.0
94000001,COMISIONES BANCARIAS,1308859.0,10,ADMINISTRACION,94000001,0.0,22.0
94000001,COMISIONES BANCARIAS,1308859.0,10,CARRO DE PARO,94000001,0.0,0.0
93000025,BANDEJA DE 3MTS,0.0,10,URGENCIAS(2),93000025,0.0,0.0
93000025,BANDEJA DE 3MTS,0.0,10,INTERNADO(3),93000025,0.0,0.0
93000025,BANDEJA DE 3MTS,0.0,10,QUIROFANO(4),93000025,0.0,0.0
93000025,BANDEJA DE 3MTS,0.0,10,ADMINISTRACION,93000025,0.0,0.0
93000025,BANDEJA DE 3MTS,0.0,10,CARRO DE PARO,93000025,0.0,0.0
93000026,MATERIAL PARA TERMINACIONES,0.0,10,URGENCIAS(2),93000026,0.0,0.0
93000026,MATERIAL PARA TERMINACIONES,0.0,10,INTERNADO(3),93000026,0.0,0.0
93000026,MATERIAL PARA TERMINACIONES,0.0,10,QUIROFANO(4),93000026,0.0,0.0
93000026,MATERIAL PARA TERMINACIONES,0.0,10,ADMINISTRACION,93000026,0.0,0.0
93000026,MATERIAL PARA TERMINACIONES,0.0,10,CARRO DE PARO,93000026,0.0,0.0
93000027,INTALACION Y CONFIGURACION DE CAMARAS,0.0,10,URGENCIAS(2),93000027,0.0,0.0
93000027,INTALACION Y CONFIGURACION DE CAMARAS,0.0,10,INTERNADO(3),93000027,0.0,0.0
93000027,INTALACION Y CONFIGURACION DE CAMARAS,0.0,10,QUIROFANO(4),93000027,0.0,0.0
93000027,INTALACION Y CONFIGURACION DE CAMARAS,0.0,10,ADMINISTRACION,93000027,0.0,0.0
93000027,INTALACION Y CONFIGURACION DE CAMARAS,0.0,10,CARRO DE PARO,93000027,0.0,0.0
93000028,SOFA,2400000.0,10,URGENCIAS(2),93000028,0.0,0.0
93000028,SOFA,2400000.0,10,INTERNADO(3),93000028,0.0,0.0
93000028,SOFA,2400000.0,10,QUIROFANO(4),93000028,0.0,0.0
93000028,SOFA,2400000.0,10,ADMINISTRACION,93000028,0.0,10.0
93000028,SOFA,2400000.0,10,CARRO DE PARO,93000028,0.0,0.0
93000029,LONGARINA,1650000.0,10,URGENCIAS(2),93000029,0.0,0.0
93000029,LONGARINA,1650000.0,10,INTERNADO(3),93000029,0.0,0.0
93000029,LONGARINA,1650000.0,10,QUIROFANO(4),93000029,0.0,0.0
93000029,LONGARINA,1650000.0,10,ADMINISTRACION,93000029,0.0,10.0
93000029,LONGARINA,1650000.0,10,CARRO DE PARO,93000029,0.0,0.0
93000030,SILLA GIRATORIA,870000.0,10,URGENCIAS(2),93000030,0.0,0.0
93000030,SILLA GIRATORIA,870000.0,10,INTERNADO(3),93000030,0.0,0.0
93000030,SILLA GIRATORIA,870000.0,10,QUIROFANO(4),93000030,0.0,0.0
93000030,SILLA GIRATORIA,870000.0,10,ADMINISTRACION,93000030,0.0,10.0
93000030,SILLA GIRATORIA,870000.0,10,CARRO DE PARO,93000030,0.0,0.0
93000031,SILLA FIJA,790000.0,10,URGENCIAS(2),93000031,0.0,0.0
93000031,SILLA FIJA,790000.0,10,INTERNADO(3),93000031,0.0,0.0
93000031,SILLA FIJA,790000.0,10,QUIROFANO(4),93000031,0.0,0.0
93000031,SILLA FIJA,790000.0,10,ADMINISTRACION,93000031,0.0,20.0
93000031,SILLA FIJA,790000.0,10,CARRO DE PARO,93000031,0.0,0.0
93000032,SERVICIOS PAGADOS DE TV CABLE,0.0,10,URGENCIAS(2),93000032,0.0,0.0
93000032,SERVICIOS PAGADOS DE TV CABLE,0.0,10,INTERNADO(3),93000032,0.0,0.0
93000032,SERVICIOS PAGADOS DE TV CABLE,0.0,10,QUIROFANO(4),93000032,0.0,0.0
93000032,SERVICIOS PAGADOS DE TV CABLE,0.0,10,ADMINISTRACION,93000032,0.0,0.0
93000032,SERVICIOS PAGADOS DE TV CABLE,0.0,10,CARRO DE PARO,93000032,0.0,0.0
93000033,ARTICULOS DE FERRETERIA,0.0,10,URGENCIAS(2),93000033,0.0,0.0
93000033,ARTICULOS DE FERRETERIA,0.0,10,INTERNADO(3),93000033,0.0,0.0
93000033,ARTICULOS DE FERRETERIA,0.0,10,QUIROFANO(4),93000033,0.0,0.0
93000033,ARTICULOS DE FERRETERIA,0.0,10,ADMINISTRACION,93000033,0.0,0.0
93000033,ARTICULOS DE FERRETERIA,0.0,10,CARRO DE PARO,93000033,0.0,0.0
93000034,FLETE MARITIMO POR IMPORTACION,0.0,0,URGENCIAS(2),93000034,0.0,0.0
93000034,FLETE MARITIMO POR IMPORTACION,0.0,0,INTERNADO(3),93000034,0.0,0.0
93000034,FLETE MARITIMO POR IMPORTACION,0.0,0,QUIROFANO(4),93000034,0.0,0.0
93000034,FLETE MARITIMO POR IMPORTACION,0.0,0,ADMINISTRACION,93000034,0.0,0.0
93000034,FLETE MARITIMO POR IMPORTACION,0.0,0,CARRO DE PARO,93000034,0.0,0.0
93000035,GASTOS DE ESCRIBANIA,0.0,10,URGENCIAS(2),93000035,0.0,0.0
93000035,GASTOS DE ESCRIBANIA,0.0,10,INTERNADO(3),93000035,0.0,0.0
93000035,GASTOS DE ESCRIBANIA,0.0,10,QUIROFANO(4),93000035,0.0,0.0
93000035,GASTOS DE ESCRIBANIA,0.0,10,ADMINISTRACION,93000035,0.0,0.0
93000035,GASTOS DE ESCRIBANIA,0.0,10,CARRO DE PARO,93000035,0.0,0.0
93000036,IMPUESTOS MUNICIPALES,0.0,0,URGENCIAS(2),93000036,0.0,0.0
93000036,IMPUESTOS MUNICIPALES,0.0,0,INTERNADO(3),93000036,0.0,0.0
93000036,IMPUESTOS MUNICIPALES,0.0,0,QUIROFANO(4),93000036,0.0,0.0
93000036,IMPUESTOS MUNICIPALES,0.0,0,ADMINISTRACION,93000036,0.0,0.0
93000036,IMPUESTOS MUNICIPALES,0.0,0,CARRO DE PARO,93000036,0.0,0.0
93000037,MERCADERIAS EXENTAS,0.0,0,URGENCIAS(2),93000037,0.0,0.0
93000037,MERCADERIAS EXENTAS,0.0,0,INTERNADO(3),93000037,0.0,0.0
93000037,MERCADERIAS EXENTAS,0.0,0,QUIROFANO(4),93000037,0.0,0.0
93000037,MERCADERIAS EXENTAS,0.0,0,ADMINISTRACION,93000037,0.0,0.0
93000037,MERCADERIAS EXENTAS,0.0,0,CARRO DE PARO,93000037,0.0,0.0
93000038,DEVOLUCION DE MERCADERIAS AL 5%,0.0,5,URGENCIAS(2),93000038,0.0,0.0
93000038,DEVOLUCION DE MERCADERIAS AL 5%,0.0,5,INTERNADO(3),93000038,0.0,0.0
93000038,DEVOLUCION DE MERCADERIAS AL 5%,0.0,5,QUIROFANO(4),93000038,0.0,0.0
93000038,DEVOLUCION DE MERCADERIAS AL 5%,0.0,5,ADMINISTRACION,93000038,0.0,0.0
93000038,DEVOLUCION DE MERCADERIAS AL 5%,0.0,5,CARRO DE PARO,93000038,0.0,0.0
93000039,DEVOLUCION DE MERCADERIAS AL 10%,0.0,10,URGENCIAS(2),93000039,0.0,0.0
93000039,DEVOLUCION DE MERCADERIAS AL 10%,0.0,10,INTERNADO(3),93000039,0.0,0.0
93000039,DEVOLUCION DE MERCADERIAS AL 10%,0.0,10,QUIROFANO(4),93000039,0.0,0.0
93000039,DEVOLUCION DE MERCADERIAS AL 10%,0.0,10,ADMINISTRACION,93000039,0.0,0.0
93000039,DEVOLUCION DE MERCADERIAS AL 10%,0.0,10,CARRO DE PARO,93000039,0.0,0.0
93000040,LUBRICANTES AL 10%,84000.0,10,URGENCIAS(2),93000040,0.0,0.0
93000040,LUBRICANTES AL 10%,84000.0,10,INTERNADO(3),93000040,0.0,0.0
93000040,LUBRICANTES AL 10%,84000.0,10,QUIROFANO(4),93000040,0.0,0.0
93000040,LUBRICANTES AL 10%,84000.0,10,ADMINISTRACION,93000040,0.0,1.0
93000040,LUBRICANTES AL 10%,84000.0,10,CARRO DE PARO,93000040,0.0,0.0
2000254,ENTERO GAS PEDIATRICO GOTAS 15 ML,0.0,5,URGENCIAS(2),7840199099866,0.0,0.0
2000254,ENTERO GAS PEDIATRICO GOTAS 15 ML,0.0,5,INTERNADO(3),7840199099866,0.0,0.0
2000254,ENTERO GAS PEDIATRICO GOTAS 15 ML,0.0,5,QUIROFANO(4),7840199099866,0.0,0.0
2000255,ENTEROFAR GTS X 15ML,30000.0,5,URGENCIAS(2),7840653007420,0.0,1.0
2000255,ENTEROFAR GTS X 15ML,30000.0,5,INTERNADO(3),7840653007420,0.0,0.0
2000255,ENTEROFAR GTS X 15ML,30000.0,5,QUIROFANO(4),7840653007420,0.0,0.0
2000256,ENTEROGERMINA X 10 AMP BEBIBLE,0.0,5,URGENCIAS(2),7795312108317,0.0,0.0
2000256,ENTEROGERMINA X 10 AMP BEBIBLE,0.0,5,INTERNADO(3),7795312108317,0.0,0.0
2000256,ENTEROGERMINA X 10 AMP BEBIBLE,0.0,5,QUIROFANO(4),7795312108317,0.0,0.0
2000257,EPLERONE 25MG X 30 COMP,0.0,5,URGENCIAS(2),7840036010306,0.0,0.0
2000257,EPLERONE 25MG X 30 COMP,0.0,5,INTERNADO(3),7840036010306,0.0,0.0
2000257,EPLERONE 25MG X 30 COMP,0.0,5,QUIROFANO(4),7840036010306,0.0,0.0
2000258,EPOGEN 10000UI X 1 AMP ( ERITROPOYETINA),0.0,5,URGENCIAS(2),7795373099753,0.0,0.0
2000258,EPOGEN 10000UI X 1 AMP ( ERITROPOYETINA),0.0,5,INTERNADO(3),7795373099753,0.0,0.0
2000258,EPOGEN 10000UI X 1 AMP ( ERITROPOYETINA),0.0,5,QUIROFANO(4),7795373099753,0.0,0.0
2000259,ERGOLASCA N.F. X 10 COMP,0.0,5,URGENCIAS(2),7840199076669,0.0,0.0
2000259,ERGOLASCA N.F. X 10 COMP,0.0,5,INTERNADO(3),7840199076669,0.0,0.0
2000259,ERGOLASCA N.F. X 10 COMP,0.0,5,QUIROFANO(4),7840199076669,0.0,0.0
200026,ANESTESIOLOGO,0.0,10,URGENCIAS(2),200026,0.0,0.0
200026,ANESTESIOLOGO,0.0,10,INTERNADO(3),200026,0.0,0.0
200026,ANESTESIOLOGO,0.0,10,QUIROFANO(4),200026,0.0,0.0
200026,ANESTESIOLOGO,0.0,10,ADMINISTRACION,200026,0.0,0.0
200026,ANESTESIOLOGO,0.0,10,CARRO DE PARO,200026,0.0,0.0
2000260,ESOMEP 20MG X 30 CAPS,0.0,5,URGENCIAS(2),7840199100548,0.0,0.0
2000260,ESOMEP 20MG X 30 CAPS,0.0,5,INTERNADO(3),7840199100548,0.0,0.0
2000260,ESOMEP 20MG X 30 CAPS,0.0,5,QUIROFANO(4),7840199100548,0.0,0.0
2000261,ESOMEP 40MG X 1 AMP,0.0,5,URGENCIAS(2),7840199087863,0.0,0.0
2000261,ESOMEP 40MG X 1 AMP,0.0,5,INTERNADO(3),7840199087863,0.0,0.0
2000261,ESOMEP 40MG X 1 AMP,0.0,5,QUIROFANO(4),7840199087863,0.0,0.0
3000000,AEROCAMARA ADULTO PA05 (SILFAB),0.0,10,URGENCIAS(2),7798028882618,0.0,0.0
3000000,AEROCAMARA ADULTO PA05 (SILFAB),0.0,10,INTERNADO(3),7798028882618,0.0,0.0
3000000,AEROCAMARA ADULTO PA05 (SILFAB),0.0,10,QUIROFANO(4),7798028882618,0.0,0.0
3000001,"AEROCAMARA ""AEROSPACER"" BIVAL. ADULTO",0.0,10,URGENCIAS(2),7840213259481,0.0,0.0
3000001,"AEROCAMARA ""AEROSPACER"" BIVAL. ADULTO",0.0,10,INTERNADO(3),7840213259481,0.0,0.0
3000001,"AEROCAMARA ""AEROSPACER"" BIVAL. ADULTO",0.0,10,QUIROFANO(4),7840213259481,0.0,0.0
3000002,"AEROCAMARA ""AEROSPACER"" BIVAL. INFANTIL",0.0,10,URGENCIAS(2),7840213262443,0.0,0.0
3000002,"AEROCAMARA ""AEROSPACER"" BIVAL. INFANTIL",0.0,10,INTERNADO(3),7840213262443,0.0,0.0
3000002,"AEROCAMARA ""AEROSPACER"" BIVAL. INFANTIL",0.0,10,QUIROFANO(4),7840213262443,0.0,0.0
3000003,AEROCAMARA AEROFACIDOSE LACTANTE,0.0,10,URGENCIAS(2),7800007484024,0.0,0.0
3000003,AEROCAMARA AEROFACIDOSE LACTANTE,0.0,10,INTERNADO(3),7800007484024,0.0,0.0
3000003,AEROCAMARA AEROFACIDOSE LACTANTE,0.0,10,QUIROFANO(4),7800007484024,0.0,0.0
3000004,AEROCAMARA MULTIVALVULA LACTANTE,0.0,10,URGENCIAS(2),6970701960184,0.0,0.0
3000004,AEROCAMARA MULTIVALVULA LACTANTE,0.0,10,INTERNADO(3),6970701960184,0.0,0.0
3000004,AEROCAMARA MULTIVALVULA LACTANTE,0.0,10,QUIROFANO(4),6970701960184,0.0,0.0
2000003,ACECNOU 3G.ORAL SOBRE,0.0,5,URGENCIAS(2),8436024610987,0.0,0.0
2000003,ACECNOU 3G.ORAL SOBRE,0.0,5,INTERNADO(3),8436024610987,0.0,0.0
2000003,ACECNOU 3G.ORAL SOBRE,0.0,5,QUIROFANO(4),8436024610987,0.0,0.0
2000004,CEPROX 1GR IV X 1 AMP (CEFTRIAXONA),65000.0,5,URGENCIAS(2),7841134000152,0.0,1.0
2000004,CEPROX 1GR IV X 1 AMP (CEFTRIAXONA),65000.0,5,INTERNADO(3),7841134000152,0.0,0.0
2000004,CEPROX 1GR IV X 1 AMP (CEFTRIAXONA),65000.0,5,QUIROFANO(4),7841134000152,0.0,0.0
2000005,ACEMUK 600 X 10 COMP EFERV,0.0,5,URGENCIAS(2),7795380043466,0.0,0.0
2000005,ACEMUK 600 X 10 COMP EFERV,0.0,5,INTERNADO(3),7795380043466,0.0,0.0
2000005,ACEMUK 600 X 10 COMP EFERV,0.0,5,QUIROFANO(4),7795380043466,0.0,0.0
2000006,ACEMUK GRANULADO FCO X 100ML,0.0,5,URGENCIAS(2),7795380043480,0.0,0.0
2000006,ACEMUK GRANULADO FCO X 100ML,0.0,5,INTERNADO(3),7795380043480,0.0,0.0
2000006,ACEMUK GRANULADO FCO X 100ML,0.0,5,QUIROFANO(4),7795380043480,0.0,0.0
2000007,ACETAMOL C/ CODEINA X 10 COMP,0.0,5,URGENCIAS(2),7840036007658,0.0,0.0
2000007,ACETAMOL C/ CODEINA X 10 COMP,0.0,5,INTERNADO(3),7840036007658,0.0,0.0
2000007,ACETAMOL C/ CODEINA X 10 COMP,0.0,5,QUIROFANO(4),7840036007658,0.0,0.0
2000008,ACID 500MG X 14 COMP,0.0,5,URGENCIAS(2),7840653004719,0.0,0.0
2000008,ACID 500MG X 14 COMP,0.0,5,INTERNADO(3),7840653004719,0.0,0.0
2000008,ACID 500MG X 14 COMP,0.0,5,QUIROFANO(4),7840653004719,0.0,0.0
2000009,ACIFOL 5 MG GOTAS 10 ML,0.0,5,URGENCIAS(2),7795327060167,0.0,0.0
2000009,ACIFOL 5 MG GOTAS 10 ML,0.0,5,INTERNADO(3),7795327060167,0.0,0.0
2000009,ACIFOL 5 MG GOTAS 10 ML,0.0,5,QUIROFANO(4),7795327060167,0.0,0.0
2000010,ACIFOL 5 X 30 COMP. ACIDO FOLICO 5MG,0.0,5,URGENCIAS(2),7795327060082,0.0,0.0
2000010,ACIFOL 5 X 30 COMP. ACIDO FOLICO 5MG,0.0,5,INTERNADO(3),7795327060082,0.0,0.0
2000010,ACIFOL 5 X 30 COMP. ACIDO FOLICO 5MG,0.0,5,QUIROFANO(4),7795327060082,0.0,0.0
2000011,ACIFUSIN 2 % CREMA X 15 GR,0.0,5,URGENCIAS(2),7793742002137,0.0,0.0
2000011,ACIFUSIN 2 % CREMA X 15 GR,0.0,5,INTERNADO(3),7793742002137,0.0,0.0
2000011,ACIFUSIN 2 % CREMA X 15 GR,0.0,5,QUIROFANO(4),7793742002137,0.0,0.0
89000003,DESCARTABLES AL 5%,0.0,5,URGENCIAS(2),89000003,0.0,0.0
89000003,DESCARTABLES AL 5%,0.0,5,INTERNADO(3),89000003,0.0,0.0
89000003,DESCARTABLES AL 5%,0.0,5,QUIROFANO(4),89000003,0.0,0.0
89000003,DESCARTABLES AL 5%,0.0,5,ADMINISTRACION,89000003,0.0,0.0
89000003,DESCARTABLES AL 5%,0.0,5,CARRO DE PARO,89000003,0.0,0.0
89000004,DESCARTABLES AL 10%,0.0,10,ADMINISTRACION,89000004,0.0,0.0
89000005,REEMBOLSO,0.0,0,URGENCIAS(2),89000005,0.0,0.0
89000005,REEMBOLSO,0.0,0,INTERNADO(3),89000005,0.0,0.0
89000005,REEMBOLSO,0.0,0,QUIROFANO(4),89000005,0.0,0.0
89000005,REEMBOLSO,0.0,0,ADMINISTRACION,89000005,0.0,0.0
89000005,REEMBOLSO,0.0,0,CARRO DE PARO,89000005,0.0,0.0
89000006,ALQUILER DE ESPACIO COMERCIAL,5000000.0,10,URGENCIAS(2),89000006,0.0,0.0
89000006,ALQUILER DE ESPACIO COMERCIAL,5000000.0,10,INTERNADO(3),89000006,0.0,0.0
89000006,ALQUILER DE ESPACIO COMERCIAL,5000000.0,10,QUIROFANO(4),89000006,0.0,0.0
89000006,ALQUILER DE ESPACIO COMERCIAL,5000000.0,10,ADMINISTRACION,89000006,0.0,0.0
89000006,ALQUILER DE ESPACIO COMERCIAL,5000000.0,10,CARRO DE PARO,89000006,0.0,0.0
89000007,AUSPICIOS,0.0,10,URGENCIAS(2),89000007,0.0,0.0
89000007,AUSPICIOS,0.0,10,INTERNADO(3),89000007,0.0,0.0
89000007,AUSPICIOS,0.0,10,QUIROFANO(4),89000007,0.0,0.0
89000007,AUSPICIOS,0.0,10,ADMINISTRACION,89000007,0.0,0.0
89000007,AUSPICIOS,0.0,10,CARRO DE PARO,89000007,0.0,0.0
89000008,ALQUILER DE FARMACIA,0.0,10,URGENCIAS(2),89000008,0.0,0.0
89000008,ALQUILER DE FARMACIA,0.0,10,INTERNADO(3),89000008,0.0,0.0
89000008,ALQUILER DE FARMACIA,0.0,10,QUIROFANO(4),89000008,0.0,0.0
89000008,ALQUILER DE FARMACIA,0.0,10,ADMINISTRACION,89000008,0.0,0.0
89000008,ALQUILER DE FARMACIA,0.0,10,CARRO DE PARO,89000008,0.0,0.0
89000009,INTERCONSULTA CON ESPECIALISTA,0.0,10,INTERNADO(3),89000009,0.0,0.0
89000009,INTERCONSULTA CON ESPECIALISTA,0.0,10,QUIROFANO(4),89000009,0.0,0.0
89000009,INTERCONSULTA CON ESPECIALISTA,0.0,10,ADMINISTRACION,89000009,0.0,0.0
89000009,INTERCONSULTA CON ESPECIALISTA,0.0,10,CARRO DE PARO,89000009,0.0,0.0
89000010,HON. ENFERMERIA POR URGENCIA,0.0,10,INTERNADO(3),89000010,0.0,0.0
89000010,HON. ENFERMERIA POR URGENCIA,0.0,10,QUIROFANO(4),89000010,0.0,0.0
89000010,HON. ENFERMERIA POR URGENCIA,0.0,10,ADMINISTRACION,89000010,0.0,0.0
89000010,HON. ENFERMERIA POR URGENCIA,0.0,10,CARRO DE PARO,89000010,0.0,0.0
89000011,SERVICIO DE SEDACION,0.0,10,URGENCIAS(2),89000011,0.0,0.0
89000011,SERVICIO DE SEDACION,0.0,10,INTERNADO(3),89000011,0.0,0.0
89000011,SERVICIO DE SEDACION,0.0,10,QUIROFANO(4),89000011,0.0,0.0
89000011,SERVICIO DE SEDACION,0.0,10,ADMINISTRACION,89000011,0.0,0.0
89000011,SERVICIO DE SEDACION,0.0,10,CARRO DE PARO,89000011,0.0,0.0
90000000,GASTOS HONORARIO MEDICO,0.0,10,ADMINISTRACION,90000000,0.0,0.0
90000001,CONSULTA POR URGENCIA,200000.0,10,INTERNADO(3),90000001,0.0,0.0
90000001,CONSULTA POR URGENCIA,200000.0,10,QUIROFANO(4),90000001,0.0,0.0
90000001,CONSULTA POR URGENCIA,200000.0,10,ADMINISTRACION,90000001,0.0,0.0
90000001,CONSULTA POR URGENCIA,200000.0,10,CARRO DE PARO,90000001,0.0,0.0
91000000,PUBLICIDAD Y PROPAGANDA,0.0,10,ADMINISTRACION,91000000,0.0,0.0
91000001,SABANA HOSPITALARIA 50X70CM,180000.0,10,URGENCIAS(2),91000001,0.0,0.0
91000001,SABANA HOSPITALARIA 50X70CM,180000.0,10,INTERNADO(3),91000001,0.0,0.0
91000001,SABANA HOSPITALARIA 50X70CM,180000.0,10,QUIROFANO(4),91000001,0.0,0.0
91000001,SABANA HOSPITALARIA 50X70CM,180000.0,10,ADMINISTRACION,91000001,0.0,18.0
91000001,SABANA HOSPITALARIA 50X70CM,180000.0,10,CARRO DE PARO,91000001,0.0,0.0
2000859,FLEMOXIN 100 JBE FCO X 100ML,94900.0,5,FARMACIA INTERNA(1),2000859,0.0,0.0
2000859,FLEMOXIN 100 JBE FCO X 100ML,94900.0,5,URGENCIAS(2),2000859,0.0,0.0
2000859,FLEMOXIN 100 JBE FCO X 100ML,94900.0,5,INTERNADO(3),2000859,0.0,0.0
2000859,FLEMOXIN 100 JBE FCO X 100ML,94900.0,5,QUIROFANO(4),2000859,0.0,0.0
2000859,FLEMOXIN 100 JBE FCO X 100ML,94900.0,5,ADMINISTRACION,2000859,0.0,0.0
2000859,FLEMOXIN 100 JBE FCO X 100ML,94900.0,5,CARRO DE PARO,2000859,0.0,0.0
2000860,FLEET ENEMA ADULTO FCO X 133ML,39500.0,5,FARMACIA INTERNA(1),2000860,0.0,2.0
2000860,FLEET ENEMA ADULTO FCO X 133ML,39500.0,5,URGENCIAS(2),2000860,0.0,1.0
2000860,FLEET ENEMA ADULTO FCO X 133ML,39500.0,5,INTERNADO(3),2000860,0.0,0.0
2000860,FLEET ENEMA ADULTO FCO X 133ML,39500.0,5,QUIROFANO(4),2000860,0.0,0.0
2000860,FLEET ENEMA ADULTO FCO X 133ML,39500.0,5,ADMINISTRACION,2000860,0.0,0.0
2000860,FLEET ENEMA ADULTO FCO X 133ML,39500.0,5,CARRO DE PARO,2000860,0.0,0.0
2000861,Z-CAL 1000 SOLUCION GOTAS ORALES,26000.0,5,FARMACIA INTERNA(1),2000861,0.0,0.0
2000861,Z-CAL 1000 SOLUCION GOTAS ORALES,26000.0,5,URGENCIAS(2),2000861,0.0,3.0
2000861,Z-CAL 1000 SOLUCION GOTAS ORALES,26000.0,5,INTERNADO(3),2000861,0.0,0.0
2000861,Z-CAL 1000 SOLUCION GOTAS ORALES,26000.0,5,QUIROFANO(4),2000861,0.0,0.0
2000861,Z-CAL 1000 SOLUCION GOTAS ORALES,26000.0,5,ADMINISTRACION,2000861,0.0,0.0
2000861,Z-CAL 1000 SOLUCION GOTAS ORALES,26000.0,5,CARRO DE PARO,2000861,0.0,0.0
2000862,Z-CAL 1000 SOLUCION ORAL 120ML,36000.0,5,FARMACIA INTERNA(1),2000862,0.0,0.0
2000862,Z-CAL 1000 SOLUCION ORAL 120ML,36000.0,5,URGENCIAS(2),2000862,0.0,0.0
2000862,Z-CAL 1000 SOLUCION ORAL 120ML,36000.0,5,INTERNADO(3),2000862,0.0,0.0
2000862,Z-CAL 1000 SOLUCION ORAL 120ML,36000.0,5,QUIROFANO(4),2000862,0.0,0.0
2000862,Z-CAL 1000 SOLUCION ORAL 120ML,36000.0,5,ADMINISTRACION,2000862,0.0,0.0
2000862,Z-CAL 1000 SOLUCION ORAL 120ML,36000.0,5,CARRO DE PARO,2000862,0.0,0.0
2000863,NOCAND MICONAZOL 2% CREMA,32120.0,5,FARMACIA INTERNA(1),2000863,0.0,0.0
2000863,NOCAND MICONAZOL 2% CREMA,32120.0,5,URGENCIAS(2),2000863,0.0,0.0
2000863,NOCAND MICONAZOL 2% CREMA,32120.0,5,INTERNADO(3),2000863,0.0,0.0
2000863,NOCAND MICONAZOL 2% CREMA,32120.0,5,QUIROFANO(4),2000863,0.0,0.0
2000863,NOCAND MICONAZOL 2% CREMA,32120.0,5,ADMINISTRACION,2000863,0.0,0.0
2000863,NOCAND MICONAZOL 2% CREMA,32120.0,5,CARRO DE PARO,2000863,0.0,0.0
2000864,SOL.FISIOLOGICO 9% 250ML (FUSA),13000.0,5,FARMACIA INTERNA(1),2000864,0.0,1.0
2000864,SOL.FISIOLOGICO 9% 250ML (FUSA),13000.0,5,URGENCIAS(2),2000864,0.0,16.0
2000864,SOL.FISIOLOGICO 9% 250ML (FUSA),13000.0,5,INTERNADO(3),2000864,0.0,0.0
2000864,SOL.FISIOLOGICO 9% 250ML (FUSA),13000.0,5,QUIROFANO(4),2000864,0.0,0.0
2000864,SOL.FISIOLOGICO 9% 250ML (FUSA),13000.0,5,ADMINISTRACION,2000864,0.0,0.0
2000864,SOL.FISIOLOGICO 9% 250ML (FUSA),13000.0,5,CARRO DE PARO,2000864,0.0,0.0
2000865,CEFACROL 1000 (CEFTRIAXONA 1G),76950.0,5,FARMACIA INTERNA(1),2000865,0.0,0.0
2000865,CEFACROL 1000 (CEFTRIAXONA 1G),76950.0,5,URGENCIAS(2),2000865,0.0,8.0
2000865,CEFACROL 1000 (CEFTRIAXONA 1G),76950.0,5,INTERNADO(3),2000865,0.0,0.0
2000865,CEFACROL 1000 (CEFTRIAXONA 1G),76950.0,5,QUIROFANO(4),2000865,0.0,0.0
2000865,CEFACROL 1000 (CEFTRIAXONA 1G),76950.0,5,ADMINISTRACION,2000865,0.0,0.0
2000865,CEFACROL 1000 (CEFTRIAXONA 1G),76950.0,5,CARRO DE PARO,2000865,0.0,0.0
2000866,FERROCAL 500 COMPRIMIDOS,45000.0,5,FARMACIA INTERNA(1),2000866,0.0,0.0
2000866,FERROCAL 500 COMPRIMIDOS,45000.0,5,URGENCIAS(2),2000866,0.0,0.0
2000866,FERROCAL 500 COMPRIMIDOS,45000.0,5,INTERNADO(3),2000866,0.0,0.0
2000866,FERROCAL 500 COMPRIMIDOS,45000.0,5,QUIROFANO(4),2000866,0.0,0.0
2000866,FERROCAL 500 COMPRIMIDOS,45000.0,5,ADMINISTRACION,2000866,0.0,0.0
2000866,FERROCAL 500 COMPRIMIDOS,45000.0,5,CARRO DE PARO,2000866,0.0,0.0
2000867,GASTRICET 20 MG (OMEPRAZOL),32000.0,5,FARMACIA INTERNA(1),2000867,0.0,0.0
2000867,GASTRICET 20 MG (OMEPRAZOL),32000.0,5,URGENCIAS(2),2000867,0.0,0.0
2000867,GASTRICET 20 MG (OMEPRAZOL),32000.0,5,INTERNADO(3),2000867,0.0,0.0
2000867,GASTRICET 20 MG (OMEPRAZOL),32000.0,5,QUIROFANO(4),2000867,0.0,0.0
2000867,GASTRICET 20 MG (OMEPRAZOL),32000.0,5,ADMINISTRACION,2000867,0.0,0.0
2000867,GASTRICET 20 MG (OMEPRAZOL),32000.0,5,CARRO DE PARO,2000867,0.0,0.0
2000868,ACID 200MG X 100ML (CIPROFLOXACINA),78000.0,5,FARMACIA INTERNA(1),2000868,0.0,12.0
2000868,ACID 200MG X 100ML (CIPROFLOXACINA),78000.0,5,URGENCIAS(2),2000868,0.0,6.0
2000868,ACID 200MG X 100ML (CIPROFLOXACINA),78000.0,5,INTERNADO(3),2000868,0.0,0.0
2000868,ACID 200MG X 100ML (CIPROFLOXACINA),78000.0,5,QUIROFANO(4),2000868,0.0,0.0
2000868,ACID 200MG X 100ML (CIPROFLOXACINA),78000.0,5,ADMINISTRACION,2000868,0.0,0.0
2000868,ACID 200MG X 100ML (CIPROFLOXACINA),78000.0,5,CARRO DE PARO,2000868,0.0,0.0
2000869,XATOMICIN FORTE CAJA X 16 CAP,29820.0,5,FARMACIA INTERNA(1),2000869,0.0,2.0
2000869,XATOMICIN FORTE CAJA X 16 CAP,29820.0,5,URGENCIAS(2),2000869,0.0,0.0
2000869,XATOMICIN FORTE CAJA X 16 CAP,29820.0,5,INTERNADO(3),2000869,0.0,0.0
2000869,XATOMICIN FORTE CAJA X 16 CAP,29820.0,5,QUIROFANO(4),2000869,0.0,0.0
2000869,XATOMICIN FORTE CAJA X 16 CAP,29820.0,5,ADMINISTRACION,2000869,0.0,0.0
2000869,XATOMICIN FORTE CAJA X 16 CAP,29820.0,5,CARRO DE PARO,2000869,0.0,0.0
2000870,SOL.FISIOLOGICO 9% 100ML (EUROQUIMICA),11000.0,5,FARMACIA INTERNA(1),2000870,0.0,1.0
2000870,SOL.FISIOLOGICO 9% 100ML (EUROQUIMICA),11000.0,5,URGENCIAS(2),2000870,0.0,24.0
2000870,SOL.FISIOLOGICO 9% 100ML (EUROQUIMICA),11000.0,5,INTERNADO(3),2000870,0.0,0.0
2000870,SOL.FISIOLOGICO 9% 100ML (EUROQUIMICA),11000.0,5,QUIROFANO(4),2000870,0.0,0.0
2000870,SOL.FISIOLOGICO 9% 100ML (EUROQUIMICA),11000.0,5,ADMINISTRACION,2000870,0.0,0.0
2000870,SOL.FISIOLOGICO 9% 100ML (EUROQUIMICA),11000.0,5,CARRO DE PARO,2000870,0.0,0.0
2000871,DOLOGENAL (KETOROLAC TROMETAMINA) 60MG,34500.0,5,FARMACIA INTERNA(1),2000871,0.0,0.0
2000871,DOLOGENAL (KETOROLAC TROMETAMINA) 60MG,34500.0,5,URGENCIAS(2),2000871,0.0,0.0
2000871,DOLOGENAL (KETOROLAC TROMETAMINA) 60MG,34500.0,5,INTERNADO(3),2000871,0.0,0.0
2000871,DOLOGENAL (KETOROLAC TROMETAMINA) 60MG,34500.0,5,QUIROFANO(4),2000871,0.0,0.0
2000871,DOLOGENAL (KETOROLAC TROMETAMINA) 60MG,34500.0,5,ADMINISTRACION,2000871,0.0,0.0
2000871,DOLOGENAL (KETOROLAC TROMETAMINA) 60MG,34500.0,5,CARRO DE PARO,2000871,0.0,0.0
2000872,SOL.FISIOLOGICO 9% 500ML (FUSA),24700.0,5,FARMACIA INTERNA(1),2000872,0.0,9.0
2000872,SOL.FISIOLOGICO 9% 500ML (FUSA),24700.0,5,URGENCIAS(2),2000872,0.0,71.0
2000872,SOL.FISIOLOGICO 9% 500ML (FUSA),24700.0,5,INTERNADO(3),2000872,0.0,0.0
2000872,SOL.FISIOLOGICO 9% 500ML (FUSA),24700.0,5,QUIROFANO(4),2000872,0.0,0.0
2000872,SOL.FISIOLOGICO 9% 500ML (FUSA),24700.0,5,ADMINISTRACION,2000872,0.0,0.0
2000872,SOL.FISIOLOGICO 9% 500ML (FUSA),24700.0,5,CARRO DE PARO,2000872,0.0,0.0
2000873,SOL.GLUCOSA 5% 1000ML (FUSA),37200.0,5,FARMACIA INTERNA(1),2000873,0.0,9.0
2000873,SOL.GLUCOSA 5% 1000ML (FUSA),37200.0,5,URGENCIAS(2),2000873,0.0,23.0
2000873,SOL.GLUCOSA 5% 1000ML (FUSA),37200.0,5,INTERNADO(3),2000873,0.0,0.0
2000873,SOL.GLUCOSA 5% 1000ML (FUSA),37200.0,5,QUIROFANO(4),2000873,0.0,0.0
2000873,SOL.GLUCOSA 5% 1000ML (FUSA),37200.0,5,ADMINISTRACION,2000873,0.0,0.0
2000873,SOL.GLUCOSA 5% 1000ML (FUSA),37200.0,5,CARRO DE PARO,2000873,0.0,0.0
2000874,SOL.FISIOLOGICO 9% 1000ML (FUSA),30511.0,5,FARMACIA INTERNA(1),2000874,0.0,39.0
2000874,SOL.FISIOLOGICO 9% 1000ML (FUSA),30511.0,5,URGENCIAS(2),2000874,0.0,16.0
2000874,SOL.FISIOLOGICO 9% 1000ML (FUSA),30511.0,5,INTERNADO(3),2000874,0.0,0.0
2000874,SOL.FISIOLOGICO 9% 1000ML (FUSA),30511.0,5,QUIROFANO(4),2000874,0.0,0.0
2000874,SOL.FISIOLOGICO 9% 1000ML (FUSA),30511.0,5,ADMINISTRACION,2000874,0.0,0.0
2000874,SOL.FISIOLOGICO 9% 1000ML (FUSA),30511.0,5,CARRO DE PARO,2000874,0.0,3.0
93000041,REPARACION Y MANTENIMIENTO DE EQUIPOS INFORMATICOS,0.0,10,URGENCIAS(2),93000041,0.0,0.0
93000041,REPARACION Y MANTENIMIENTO DE EQUIPOS INFORMATICOS,0.0,10,INTERNADO(3),93000041,0.0,0.0
93000041,REPARACION Y MANTENIMIENTO DE EQUIPOS INFORMATICOS,0.0,10,QUIROFANO(4),93000041,0.0,0.0
93000041,REPARACION Y MANTENIMIENTO DE EQUIPOS INFORMATICOS,0.0,10,ADMINISTRACION,93000041,0.0,0.0
93000041,REPARACION Y MANTENIMIENTO DE EQUIPOS INFORMATICOS,0.0,10,CARRO DE PARO,93000041,0.0,0.0
93000042,PASAJE Y HOSPEDAJE,1707200.0,10,URGENCIAS(2),93000042,0.0,0.0
93000042,PASAJE Y HOSPEDAJE,1707200.0,10,INTERNADO(3),93000042,0.0,0.0
93000042,PASAJE Y HOSPEDAJE,1707200.0,10,QUIROFANO(4),93000042,0.0,0.0
93000042,PASAJE Y HOSPEDAJE,1707200.0,10,ADMINISTRACION,93000042,0.0,4.0
93000042,PASAJE Y HOSPEDAJE,1707200.0,10,CARRO DE PARO,93000042,0.0,0.0
93000043,REPARACION Y MANT. DEL LOCAL,80000.0,10,URGENCIAS(2),93000043,0.0,0.0
93000043,REPARACION Y MANT. DEL LOCAL,80000.0,10,INTERNADO(3),93000043,0.0,0.0
93000043,REPARACION Y MANT. DEL LOCAL,80000.0,10,QUIROFANO(4),93000043,0.0,0.0
93000043,REPARACION Y MANT. DEL LOCAL,80000.0,10,ADMINISTRACION,93000043,0.0,31.0
93000043,REPARACION Y MANT. DEL LOCAL,80000.0,10,CARRO DE PARO,93000043,0.0,0.0
93000044,GASTOS BANCARIOS,0.0,10,URGENCIAS(2),93000044,0.0,0.0
93000044,GASTOS BANCARIOS,0.0,10,INTERNADO(3),93000044,0.0,0.0
93000044,GASTOS BANCARIOS,0.0,10,QUIROFANO(4),93000044,0.0,0.0
93000044,GASTOS BANCARIOS,0.0,10,ADMINISTRACION,93000044,0.0,0.0
93000044,GASTOS BANCARIOS,0.0,10,CARRO DE PARO,93000044,0.0,0.0
93000045,SABANILLA PRECORTADA 50X50 CM,0.0,10,URGENCIAS(2),93000045,0.0,0.0
93000045,SABANILLA PRECORTADA 50X50 CM,0.0,10,INTERNADO(3),93000045,0.0,0.0
93000045,SABANILLA PRECORTADA 50X50 CM,0.0,10,QUIROFANO(4),93000045,0.0,0.0
93000045,SABANILLA PRECORTADA 50X50 CM,0.0,10,ADMINISTRACION,93000045,0.0,0.0
93000045,SABANILLA PRECORTADA 50X50 CM,0.0,10,CARRO DE PARO,93000045,0.0,0.0
93000046,REPARACION Y MANTENIMIENTO GENERADOR,0.0,10,QUIROFANO(4),93000046,0.0,0.0
93000046,REPARACION Y MANTENIMIENTO GENERADOR,0.0,10,ADMINISTRACION,93000046,0.0,0.0
93000046,REPARACION Y MANTENIMIENTO GENERADOR,0.0,10,CARRO DE PARO,93000046,0.0,0.0
93000047,REPARACION Y MANTENIMIENTO DE RODADOS,0.0,10,URGENCIAS(2),93000047,0.0,0.0
93000047,REPARACION Y MANTENIMIENTO DE RODADOS,0.0,10,INTERNADO(3),93000047,0.0,0.0
93000047,REPARACION Y MANTENIMIENTO DE RODADOS,0.0,10,QUIROFANO(4),93000047,0.0,0.0
93000047,REPARACION Y MANTENIMIENTO DE RODADOS,0.0,10,ADMINISTRACION,93000047,0.0,0.0
93000047,REPARACION Y MANTENIMIENTO DE RODADOS,0.0,10,CARRO DE PARO,93000047,0.0,0.0
93000048,GASTOS SOCIALES 10%,0.0,10,URGENCIAS(2),93000048,0.0,0.0
93000048,GASTOS SOCIALES 10%,0.0,10,INTERNADO(3),93000048,0.0,0.0
93000048,GASTOS SOCIALES 10%,0.0,10,QUIROFANO(4),93000048,0.0,0.0
93000048,GASTOS SOCIALES 10%,0.0,10,ADMINISTRACION,93000048,0.0,0.0
93000048,GASTOS SOCIALES 10%,0.0,10,CARRO DE PARO,93000048,0.0,0.0
93000049,DONACIONES,500000.0,0,URGENCIAS(2),93000049,0.0,0.0
93000049,DONACIONES,500000.0,0,INTERNADO(3),93000049,0.0,0.0
93000049,DONACIONES,500000.0,0,QUIROFANO(4),93000049,0.0,0.0
93000049,DONACIONES,500000.0,0,ADMINISTRACION,93000049,0.0,2.0
93000049,DONACIONES,500000.0,0,CARRO DE PARO,93000049,0.0,0.0
93000050,PROVEEDOR,0.0,0,URGENCIAS(2),93000050,0.0,0.0
93000050,PROVEEDOR,0.0,0,INTERNADO(3),93000050,0.0,0.0
93000050,PROVEEDOR,0.0,0,QUIROFANO(4),93000050,0.0,0.0
93000050,PROVEEDOR,0.0,0,ADMINISTRACION,93000050,0.0,0.0
93000050,PROVEEDOR,0.0,0,CARRO DE PARO,93000050,0.0,0.0
93000051,PAGO DE LIQUIDACION DE TRAMITES,0.0,0,URGENCIAS(2),93000051,0.0,0.0
93000051,PAGO DE LIQUIDACION DE TRAMITES,0.0,0,INTERNADO(3),93000051,0.0,0.0
93000051,PAGO DE LIQUIDACION DE TRAMITES,0.0,0,QUIROFANO(4),93000051,0.0,0.0
93000051,PAGO DE LIQUIDACION DE TRAMITES,0.0,0,ADMINISTRACION,93000051,0.0,0.0
93000051,PAGO DE LIQUIDACION DE TRAMITES,0.0,0,CARRO DE PARO,93000051,0.0,0.0
3000505,ALMOHADILLA DE PUESTA A TIERRA ADULTO,35000.0,10,FARMACIA INTERNA(1),3000505,0.0,0.0
3000505,ALMOHADILLA DE PUESTA A TIERRA ADULTO,35000.0,10,URGENCIAS(2),3000505,0.0,0.0
3000505,ALMOHADILLA DE PUESTA A TIERRA ADULTO,35000.0,10,INTERNADO(3),3000505,0.0,0.0
3000505,ALMOHADILLA DE PUESTA A TIERRA ADULTO,35000.0,10,QUIROFANO(4),3000505,0.0,0.0
3000505,ALMOHADILLA DE PUESTA A TIERRA ADULTO,35000.0,10,ADMINISTRACION,3000505,0.0,0.0
3000505,ALMOHADILLA DE PUESTA A TIERRA ADULTO,35000.0,10,CARRO DE PARO,3000505,0.0,0.0
3000506,SOBRE P/ ESTERILIZAR (135X255),1000.0,10,FARMACIA INTERNA(1),3000506,0.0,0.0
3000506,SOBRE P/ ESTERILIZAR (135X255),1000.0,10,URGENCIAS(2),3000506,0.0,0.0
3000506,SOBRE P/ ESTERILIZAR (135X255),1000.0,10,INTERNADO(3),3000506,0.0,0.0
3000506,SOBRE P/ ESTERILIZAR (135X255),1000.0,10,QUIROFANO(4),3000506,0.0,0.0
3000506,SOBRE P/ ESTERILIZAR (135X255),1000.0,10,ADMINISTRACION,3000506,0.0,0.0
3000506,SOBRE P/ ESTERILIZAR (135X255),1000.0,10,CARRO DE PARO,3000506,0.0,0.0
3000507,SOBRE P/ ESTERILIZAR (90X230),1000.0,10,FARMACIA INTERNA(1),3000507,0.0,0.0
3000507,SOBRE P/ ESTERILIZAR (90X230),1000.0,10,URGENCIAS(2),3000507,0.0,0.0
3000507,SOBRE P/ ESTERILIZAR (90X230),1000.0,10,INTERNADO(3),3000507,0.0,0.0
3000507,SOBRE P/ ESTERILIZAR (90X230),1000.0,10,QUIROFANO(4),3000507,0.0,0.0
3000507,SOBRE P/ ESTERILIZAR (90X230),1000.0,10,ADMINISTRACION,3000507,0.0,0.0
3000507,SOBRE P/ ESTERILIZAR (90X230),1000.0,10,CARRO DE PARO,3000507,0.0,0.0
3000508,CLORHEXIDINA SOLUCION AL 1% (RIOHEX),162000.0,10,FARMACIA INTERNA(1),3000508,0.0,2.0
3000508,CLORHEXIDINA SOLUCION AL 1% (RIOHEX),162000.0,10,URGENCIAS(2),3000508,0.0,0.0
3000508,CLORHEXIDINA SOLUCION AL 1% (RIOHEX),162000.0,10,INTERNADO(3),3000508,0.0,0.0
3000508,CLORHEXIDINA SOLUCION AL 1% (RIOHEX),162000.0,10,QUIROFANO(4),3000508,0.0,0.0
3000508,CLORHEXIDINA SOLUCION AL 1% (RIOHEX),162000.0,10,ADMINISTRACION,3000508,0.0,0.0
3000508,CLORHEXIDINA SOLUCION AL 1% (RIOHEX),162000.0,10,CARRO DE PARO,3000508,0.0,0.0
3000509,SONDA FOLEY 100% SILICONADO Nº16 2V,41850.0,10,FARMACIA INTERNA(1),3000509,0.0,1.0
3000509,SONDA FOLEY 100% SILICONADO Nº16 2V,41850.0,10,URGENCIAS(2),3000509,0.0,0.0
3000509,SONDA FOLEY 100% SILICONADO Nº16 2V,41850.0,10,INTERNADO(3),3000509,0.0,0.0
3000509,SONDA FOLEY 100% SILICONADO Nº16 2V,41850.0,10,QUIROFANO(4),3000509,0.0,0.0
3000509,SONDA FOLEY 100% SILICONADO Nº16 2V,41850.0,10,ADMINISTRACION,3000509,0.0,0.0
3000509,SONDA FOLEY 100% SILICONADO Nº16 2V,41850.0,10,CARRO DE PARO,3000509,0.0,0.0
3000510,CATETER NIPRO Nº 24G,16000.0,10,FARMACIA INTERNA(1),3000510,0.0,0.0
3000510,CATETER NIPRO Nº 24G,16000.0,10,URGENCIAS(2),3000510,0.0,84.0
3000510,CATETER NIPRO Nº 24G,16000.0,10,INTERNADO(3),3000510,0.0,0.0
3000510,CATETER NIPRO Nº 24G,16000.0,10,QUIROFANO(4),3000510,0.0,0.0
3000510,CATETER NIPRO Nº 24G,16000.0,10,ADMINISTRACION,3000510,0.0,0.0
3000510,CATETER NIPRO Nº 24G,16000.0,10,CARRO DE PARO,3000510,0.0,0.0
3000511,EQUIPO VOLUTROL MICRO 150ML (SITRUEMED),15000.0,10,FARMACIA INTERNA(1),3000511,0.0,0.0
3000511,EQUIPO VOLUTROL MICRO 150ML (SITRUEMED),15000.0,10,URGENCIAS(2),3000511,0.0,0.0
3000511,EQUIPO VOLUTROL MICRO 150ML (SITRUEMED),15000.0,10,INTERNADO(3),3000511,0.0,0.0
3000511,EQUIPO VOLUTROL MICRO 150ML (SITRUEMED),15000.0,10,QUIROFANO(4),3000511,0.0,0.0
3000511,EQUIPO VOLUTROL MICRO 150ML (SITRUEMED),15000.0,10,ADMINISTRACION,3000511,0.0,0.0
3000511,EQUIPO VOLUTROL MICRO 150ML (SITRUEMED),15000.0,10,CARRO DE PARO,3000511,0.0,0.0
3000512,JERINGA PARA INSULINA 1ML,2000.0,10,FARMACIA INTERNA(1),3000512,0.0,0.0
3000512,JERINGA PARA INSULINA 1ML,2000.0,10,URGENCIAS(2),3000512,0.0,0.0
3000512,JERINGA PARA INSULINA 1ML,2000.0,10,INTERNADO(3),3000512,0.0,0.0
3000512,JERINGA PARA INSULINA 1ML,2000.0,10,QUIROFANO(4),3000512,0.0,0.0
3000512,JERINGA PARA INSULINA 1ML,2000.0,10,ADMINISTRACION,3000512,0.0,0.0
3000512,JERINGA PARA INSULINA 1ML,2000.0,10,CARRO DE PARO,3000512,0.0,0.0
3000513,EQUIPO VOLUTROL MACRO 150ML (WEGO),20000.0,10,FARMACIA INTERNA(1),3000513,0.0,2.0
3000513,EQUIPO VOLUTROL MACRO 150ML (WEGO),20000.0,10,URGENCIAS(2),3000513,0.0,39.0
3000513,EQUIPO VOLUTROL MACRO 150ML (WEGO),20000.0,10,INTERNADO(3),3000513,0.0,0.0
3000513,EQUIPO VOLUTROL MACRO 150ML (WEGO),20000.0,10,QUIROFANO(4),3000513,0.0,0.0
3000513,EQUIPO VOLUTROL MACRO 150ML (WEGO),20000.0,10,ADMINISTRACION,3000513,0.0,0.0
3000513,EQUIPO VOLUTROL MACRO 150ML (WEGO),20000.0,10,CARRO DE PARO,3000513,0.0,0.0
3000514,CATETER I.V 26G,16000.0,10,FARMACIA INTERNA(1),3000514,0.0,90.0
3000514,CATETER I.V 26G,16000.0,10,URGENCIAS(2),3000514,0.0,4.0
3000514,CATETER I.V 26G,16000.0,10,INTERNADO(3),3000514,0.0,0.0
3000514,CATETER I.V 26G,16000.0,10,QUIROFANO(4),3000514,0.0,0.0
3000514,CATETER I.V 26G,16000.0,10,ADMINISTRACION,3000514,0.0,0.0
3000514,CATETER I.V 26G,16000.0,10,CARRO DE PARO,3000514,0.0,0.0
3000515,EQUIPO VOLUTROL MACRO 150ML SIST. CERRADO (WEGO),35000.0,10,FARMACIA INTERNA(1),3000515,0.0,3.0
3000515,EQUIPO VOLUTROL MACRO 150ML SIST. CERRADO (WEGO),35000.0,10,URGENCIAS(2),3000515,0.0,29.0
3000515,EQUIPO VOLUTROL MACRO 150ML SIST. CERRADO (WEGO),35000.0,10,INTERNADO(3),3000515,0.0,0.0
3000515,EQUIPO VOLUTROL MACRO 150ML SIST. CERRADO (WEGO),35000.0,10,QUIROFANO(4),3000515,0.0,0.0
3000515,EQUIPO VOLUTROL MACRO 150ML SIST. CERRADO (WEGO),35000.0,10,ADMINISTRACION,3000515,0.0,0.0
3000515,EQUIPO VOLUTROL MACRO 150ML SIST. CERRADO (WEGO),35000.0,10,CARRO DE PARO,3000515,0.0,0.0
400000,COSTO DE SERVICIO DE LABORATORIO,37235000.0,10,FARMACIA INTERNA(1),400000,0.0,0.0
400000,COSTO DE SERVICIO DE LABORATORIO,37235000.0,10,URGENCIAS(2),400000,0.0,0.0
400000,COSTO DE SERVICIO DE LABORATORIO,37235000.0,10,INTERNADO(3),400000,0.0,0.0
400000,COSTO DE SERVICIO DE LABORATORIO,37235000.0,10,QUIROFANO(4),400000,0.0,0.0
400000,COSTO DE SERVICIO DE LABORATORIO,37235000.0,10,ADMINISTRACION,400000,0.0,8.0
400000,COSTO DE SERVICIO DE LABORATORIO,37235000.0,10,CARRO DE PARO,400000,0.0,0.0
4000000,AGENDA PEDIATRICA,50000.0,10,FARMACIA INTERNA(1),4000000,0.0,8.0
4000000,AGENDA PEDIATRICA,50000.0,10,URGENCIAS(2),4000000,0.0,0.0
4000000,AGENDA PEDIATRICA,50000.0,10,INTERNADO(3),4000000,0.0,0.0
4000000,AGENDA PEDIATRICA,50000.0,10,QUIROFANO(4),4000000,0.0,0.0
4000000,AGENDA PEDIATRICA,50000.0,10,ADMINISTRACION,4000000,0.0,0.0
4000000,AGENDA PEDIATRICA,50000.0,10,CARRO DE PARO,4000000,0.0,0.0
4000001,APARATO DE PRESION MANUAL ANEROIDE MICROLIFE,0.0,10,URGENCIAS(2),4719003340018,0.0,0.0
4000001,APARATO DE PRESION MANUAL ANEROIDE MICROLIFE,0.0,10,INTERNADO(3),4719003340018,0.0,0.0
4000001,APARATO DE PRESION MANUAL ANEROIDE MICROLIFE,0.0,10,QUIROFANO(4),4719003340018,0.0,0.0
4000002,ASKINA SPRAY 28 ML B BRAUN,0.0,10,URGENCIAS(2),4046963776220,0.0,0.0
4000002,ASKINA SPRAY 28 ML B BRAUN,0.0,10,INTERNADO(3),4046963776220,0.0,0.0
4000002,ASKINA SPRAY 28 ML B BRAUN,0.0,10,QUIROFANO(4),4046963776220,0.0,0.0
92000133,AMBULANCIA MB SPRINTER 319 CDI,168500000.0,10,URGENCIAS(2),92000133,0.0,0.0
92000133,AMBULANCIA MB SPRINTER 319 CDI,168500000.0,10,INTERNADO(3),92000133,0.0,0.0
92000133,AMBULANCIA MB SPRINTER 319 CDI,168500000.0,10,QUIROFANO(4),92000133,0.0,0.0
92000133,AMBULANCIA MB SPRINTER 319 CDI,168500000.0,10,ADMINISTRACION,92000133,0.0,1.0
92000133,AMBULANCIA MB SPRINTER 319 CDI,168500000.0,10,CARRO DE PARO,92000133,0.0,0.0
92000134,OBRAS EN CURSO,78104559.0,10,URGENCIAS(2),92000134,0.0,0.0
92000134,OBRAS EN CURSO,78104559.0,10,INTERNADO(3),92000134,0.0,0.0
92000134,OBRAS EN CURSO,78104559.0,10,QUIROFANO(4),92000134,0.0,0.0
92000134,OBRAS EN CURSO,78104559.0,10,ADMINISTRACION,92000134,0.0,8.0
92000134,OBRAS EN CURSO,78104559.0,10,CARRO DE PARO,92000134,0.0,0.0
92000135,AGUA 10%,0.0,10,URGENCIAS(2),92000135,0.0,0.0
92000135,AGUA 10%,0.0,10,INTERNADO(3),92000135,0.0,0.0
92000135,AGUA 10%,0.0,10,QUIROFANO(4),92000135,0.0,0.0
92000135,AGUA 10%,0.0,10,ADMINISTRACION,92000135,0.0,2.0
92000135,AGUA 10%,0.0,10,CARRO DE PARO,92000135,0.0,0.0
92000136,AGUA EXENTA,0.0,0,URGENCIAS(2),92000136,0.0,0.0
92000136,AGUA EXENTA,0.0,0,INTERNADO(3),92000136,0.0,0.0
92000136,AGUA EXENTA,0.0,0,QUIROFANO(4),92000136,0.0,0.0
92000136,AGUA EXENTA,0.0,0,ADMINISTRACION,92000136,0.0,1.0
92000136,AGUA EXENTA,0.0,0,CARRO DE PARO,92000136,0.0,0.0
92000137,MAQUINARIAS,0.0,10,URGENCIAS(2),92000137,0.0,0.0
92000137,MAQUINARIAS,0.0,10,INTERNADO(3),92000137,0.0,0.0
92000137,MAQUINARIAS,0.0,10,QUIROFANO(4),92000137,0.0,0.0
92000137,MAQUINARIAS,0.0,10,ADMINISTRACION,92000137,0.0,13.0
92000137,MAQUINARIAS,0.0,10,CARRO DE PARO,92000137,0.0,0.0
92000138,"MATERIALES, SUMINISTROS Y RESPUESTOS 5%",0.0,5,URGENCIAS(2),92000138,0.0,0.0
92000138,"MATERIALES, SUMINISTROS Y RESPUESTOS 5%",0.0,5,INTERNADO(3),92000138,0.0,0.0
92000138,"MATERIALES, SUMINISTROS Y RESPUESTOS 5%",0.0,5,QUIROFANO(4),92000138,0.0,0.0
92000138,"MATERIALES, SUMINISTROS Y RESPUESTOS 5%",0.0,5,ADMINISTRACION,92000138,0.0,75.0
92000138,"MATERIALES, SUMINISTROS Y RESPUESTOS 5%",0.0,5,CARRO DE PARO,92000138,0.0,0.0
92000139,INSUMOS MEDICOS 10%,0.0,10,URGENCIAS(2),92000139,0.0,0.0
92000139,INSUMOS MEDICOS 10%,0.0,10,INTERNADO(3),92000139,0.0,0.0
92000139,INSUMOS MEDICOS 10%,0.0,10,QUIROFANO(4),92000139,0.0,0.0
92000139,INSUMOS MEDICOS 10%,0.0,10,ADMINISTRACION,92000139,0.0,56.0
92000139,INSUMOS MEDICOS 10%,0.0,10,CARRO DE PARO,92000139,0.0,0.0
92000140,MANT. Y REPARACION DE MAQUINARIAS,0.0,10,URGENCIAS(2),92000140,0.0,0.0
92000140,MANT. Y REPARACION DE MAQUINARIAS,0.0,10,INTERNADO(3),92000140,0.0,0.0
92000140,MANT. Y REPARACION DE MAQUINARIAS,0.0,10,QUIROFANO(4),92000140,0.0,0.0
92000140,MANT. Y REPARACION DE MAQUINARIAS,0.0,10,ADMINISTRACION,92000140,0.0,8.0
92000140,MANT. Y REPARACION DE MAQUINARIAS,0.0,10,CARRO DE PARO,92000140,0.0,0.0
92000141,UTILES HOSPITALARIOS 10%,0.0,10,URGENCIAS(2),92000141,0.0,0.0
92000141,UTILES HOSPITALARIOS 10%,0.0,10,INTERNADO(3),92000141,0.0,0.0
92000141,UTILES HOSPITALARIOS 10%,0.0,10,QUIROFANO(4),92000141,0.0,0.0
92000141,UTILES HOSPITALARIOS 10%,0.0,10,ADMINISTRACION,92000141,0.0,7.0
92000141,UTILES HOSPITALARIOS 10%,0.0,10,CARRO DE PARO,92000141,0.0,0.0
100004,CONSULTA CON CARDIOLOGIA,0.0,10,FARMACIA INTERNA(1),100004,0.0,0.0
100004,CONSULTA CON CARDIOLOGIA,0.0,10,URGENCIAS(2),100004,0.0,0.0
100004,CONSULTA CON CARDIOLOGIA,0.0,10,INTERNADO(3),100004,0.0,0.0
100004,CONSULTA CON CARDIOLOGIA,0.0,10,QUIROFANO(4),100004,0.0,0.0
100004,CONSULTA CON CARDIOLOGIA,0.0,10,ADMINISTRACION,100004,0.0,0.0
1000040,LIDOCAINA S/ EPI POR USO,6900.0,5,FARMACIA INTERNA(1),1000040,0.0,0.0
1000040,LIDOCAINA S/ EPI POR USO,6900.0,5,URGENCIAS(2),1000040,0.0,0.0
1000040,LIDOCAINA S/ EPI POR USO,6900.0,5,INTERNADO(3),1000040,0.0,0.0
1000040,LIDOCAINA S/ EPI POR USO,6900.0,5,QUIROFANO(4),1000040,0.0,0.0
1000040,LIDOCAINA S/ EPI POR USO,6900.0,5,ADMINISTRACION,1000040,0.0,0.0
1000040,LIDOCAINA S/ EPI POR USO,6900.0,5,CARRO DE PARO,1000040,0.0,0.0
1000041,ISOFLURANO POR USO,8150.0,5,FARMACIA INTERNA(1),1000041,0.0,0.0
1000041,ISOFLURANO POR USO,8150.0,5,URGENCIAS(2),1000041,0.0,0.0
1000041,ISOFLURANO POR USO,8150.0,5,INTERNADO(3),1000041,0.0,0.0
1000041,ISOFLURANO POR USO,8150.0,5,QUIROFANO(4),1000041,0.0,0.0
1000041,ISOFLURANO POR USO,8150.0,5,ADMINISTRACION,1000041,0.0,0.0
1000041,ISOFLURANO POR USO,8150.0,5,CARRO DE PARO,1000041,0.0,0.0
1000042,CONTROL DE HEMOGLUCOTEST TIRA REACTIVA,8000.0,10,FARMACIA INTERNA(1),1000042,0.0,0.0
1000042,CONTROL DE HEMOGLUCOTEST TIRA REACTIVA,8000.0,10,INTERNADO(3),1000042,0.0,0.0
1000042,CONTROL DE HEMOGLUCOTEST TIRA REACTIVA,8000.0,10,QUIROFANO(4),1000042,0.0,0.0
1000042,CONTROL DE HEMOGLUCOTEST TIRA REACTIVA,8000.0,10,ADMINISTRACION,1000042,0.0,0.0
1000042,CONTROL DE HEMOGLUCOTEST TIRA REACTIVA,8000.0,10,CARRO DE PARO,1000042,0.0,0.0
1000043,CONTROL DE HEMOGLUCOTEST LANCETAS,0.0,10,FARMACIA INTERNA(1),1000043,0.0,0.0
1000043,CONTROL DE HEMOGLUCOTEST LANCETAS,0.0,10,URGENCIAS(2),1000043,0.0,0.0
1000043,CONTROL DE HEMOGLUCOTEST LANCETAS,0.0,10,INTERNADO(3),1000043,0.0,0.0
1000043,CONTROL DE HEMOGLUCOTEST LANCETAS,0.0,10,QUIROFANO(4),1000043,0.0,0.0
1000043,CONTROL DE HEMOGLUCOTEST LANCETAS,0.0,10,ADMINISTRACION,1000043,0.0,0.0
1000043,CONTROL DE HEMOGLUCOTEST LANCETAS,0.0,10,CARRO DE PARO,1000043,0.0,0.0
1000044,CUBRE CALZADO POR PAR,3000.0,10,FARMACIA INTERNA(1),1000044,0.0,0.0
1000044,CUBRE CALZADO POR PAR,3000.0,10,URGENCIAS(2),1000044,0.0,0.0
1000044,CUBRE CALZADO POR PAR,3000.0,10,INTERNADO(3),1000044,0.0,0.0
1000044,CUBRE CALZADO POR PAR,3000.0,10,QUIROFANO(4),1000044,0.0,0.0
1000044,CUBRE CALZADO POR PAR,3000.0,10,ADMINISTRACION,1000044,0.0,0.0
1000044,CUBRE CALZADO POR PAR,3000.0,10,CARRO DE PARO,1000044,0.0,0.0
1000045,PROPOFOL POR USO,13900.0,5,FARMACIA INTERNA(1),1000045,0.0,0.0
1000045,PROPOFOL POR USO,13900.0,5,URGENCIAS(2),1000045,0.0,0.0
1000045,PROPOFOL POR USO,13900.0,5,INTERNADO(3),1000045,0.0,0.0
1000045,PROPOFOL POR USO,13900.0,5,QUIROFANO(4),1000045,0.0,0.0
1000045,PROPOFOL POR USO,13900.0,5,ADMINISTRACION,1000045,0.0,0.0
1000045,PROPOFOL POR USO,13900.0,5,CARRO DE PARO,1000045,0.0,0.0
1000046,BUDESONIDA POR USO,10900.0,5,FARMACIA INTERNA(1),1000046,0.0,0.0
1000046,BUDESONIDA POR USO,10900.0,5,INTERNADO(3),1000046,0.0,0.0
1000046,BUDESONIDA POR USO,10900.0,5,QUIROFANO(4),1000046,0.0,0.0
1000046,BUDESONIDA POR USO,10900.0,5,ADMINISTRACION,1000046,0.0,0.0
1000046,BUDESONIDA POR USO,10900.0,5,CARRO DE PARO,1000046,0.0,0.0
1000047,SALBUTAMOL POR USO,3000.0,5,FARMACIA INTERNA(1),1000047,0.0,0.0
1000047,SALBUTAMOL POR USO,3000.0,5,INTERNADO(3),1000047,0.0,0.0
1000047,SALBUTAMOL POR USO,3000.0,5,QUIROFANO(4),1000047,0.0,0.0
1000047,SALBUTAMOL POR USO,3000.0,5,ADMINISTRACION,1000047,0.0,0.0
1000047,SALBUTAMOL POR USO,3000.0,5,CARRO DE PARO,1000047,0.0,0.0
1000048,FISIODERM POR USO,6900.0,5,FARMACIA INTERNA(1),1000048,0.0,0.0
1000048,FISIODERM POR USO,6900.0,5,INTERNADO(3),1000048,0.0,0.0
1000048,FISIODERM POR USO,6900.0,5,QUIROFANO(4),1000048,0.0,0.0
1000048,FISIODERM POR USO,6900.0,5,ADMINISTRACION,1000048,0.0,0.0
1000048,FISIODERM POR USO,6900.0,5,CARRO DE PARO,1000048,0.0,0.0
1000049,NOVALGINA GARABE POR USO,5000.0,5,FARMACIA INTERNA(1),1000049,0.0,0.0
1000049,NOVALGINA GARABE POR USO,5000.0,5,URGENCIAS(2),1000049,0.0,0.0
1000049,NOVALGINA GARABE POR USO,5000.0,5,INTERNADO(3),1000049,0.0,0.0
1000049,NOVALGINA GARABE POR USO,5000.0,5,QUIROFANO(4),1000049,0.0,0.0
1000049,NOVALGINA GARABE POR USO,5000.0,5,ADMINISTRACION,1000049,0.0,0.0
1000049,NOVALGINA GARABE POR USO,5000.0,5,CARRO DE PARO,1000049,0.0,0.0
1000038,PLACA REM C/ CABLE POR USO,47000.0,10,FARMACIA INTERNA(1),1000038,0.0,0.0
1000038,PLACA REM C/ CABLE POR USO,47000.0,10,URGENCIAS(2),1000038,0.0,0.0
1000038,PLACA REM C/ CABLE POR USO,47000.0,10,INTERNADO(3),1000038,0.0,0.0
1000038,PLACA REM C/ CABLE POR USO,47000.0,10,QUIROFANO(4),1000038,0.0,0.0
1000038,PLACA REM C/ CABLE POR USO,47000.0,10,ADMINISTRACION,1000038,0.0,0.0
1000038,PLACA REM C/ CABLE POR USO,47000.0,10,CARRO DE PARO,1000038,0.0,0.0
1000039,LAPIZ P/ ELECTRO POR USO,28500.0,10,FARMACIA INTERNA(1),1000039,0.0,0.0
1000039,LAPIZ P/ ELECTRO POR USO,28500.0,10,URGENCIAS(2),1000039,0.0,0.0
1000039,LAPIZ P/ ELECTRO POR USO,28500.0,10,INTERNADO(3),1000039,0.0,0.0
1000039,LAPIZ P/ ELECTRO POR USO,28500.0,10,QUIROFANO(4),1000039,0.0,0.0
1000039,LAPIZ P/ ELECTRO POR USO,28500.0,10,ADMINISTRACION,1000039,0.0,0.0
1000039,LAPIZ P/ ELECTRO POR USO,28500.0,10,CARRO DE PARO,1000039,0.0,0.0
92000142,ANTICIPO A PROVEEDORES 10%,0.0,10,URGENCIAS(2),92000142,0.0,0.0
92000142,ANTICIPO A PROVEEDORES 10%,0.0,10,INTERNADO(3),92000142,0.0,0.0
92000142,ANTICIPO A PROVEEDORES 10%,0.0,10,QUIROFANO(4),92000142,0.0,0.0
92000142,ANTICIPO A PROVEEDORES 10%,0.0,10,ADMINISTRACION,92000142,0.0,2.0
92000142,ANTICIPO A PROVEEDORES 10%,0.0,10,CARRO DE PARO,92000142,0.0,0.0
92000143,INSTALACIONES,0.0,10,URGENCIAS(2),92000143,0.0,0.0
92000143,INSTALACIONES,0.0,10,INTERNADO(3),92000143,0.0,0.0
92000143,INSTALACIONES,0.0,10,QUIROFANO(4),92000143,0.0,0.0
92000143,INSTALACIONES,0.0,10,ADMINISTRACION,92000143,0.0,2.0
92000143,INSTALACIONES,0.0,10,CARRO DE PARO,92000143,0.0,0.0
92000144,"MATERIALES, SUMINISTROS Y REPUESTOS - EXENTA",0.0,0,URGENCIAS(2),92000144,0.0,0.0
92000144,"MATERIALES, SUMINISTROS Y REPUESTOS - EXENTA",0.0,0,INTERNADO(3),92000144,0.0,0.0
92000144,"MATERIALES, SUMINISTROS Y REPUESTOS - EXENTA",0.0,0,QUIROFANO(4),92000144,0.0,0.0
92000144,"MATERIALES, SUMINISTROS Y REPUESTOS - EXENTA",0.0,0,ADMINISTRACION,92000144,0.0,1.0
92000144,"MATERIALES, SUMINISTROS Y REPUESTOS - EXENTA",0.0,0,CARRO DE PARO,92000144,0.0,0.0
92000145,GASTOS DE CATERING 5%,0.0,5,URGENCIAS(2),92000145,0.0,0.0
92000145,GASTOS DE CATERING 5%,0.0,5,INTERNADO(3),92000145,0.0,0.0
92000145,GASTOS DE CATERING 5%,0.0,5,QUIROFANO(4),92000145,0.0,0.0
92000145,GASTOS DE CATERING 5%,0.0,5,ADMINISTRACION,92000145,0.0,2.0
92000145,GASTOS DE CATERING 5%,0.0,5,CARRO DE PARO,92000145,0.0,0.0
92000146,GASTOS DE UNIFORMES,0.0,10,URGENCIAS(2),92000146,0.0,0.0
92000146,GASTOS DE UNIFORMES,0.0,10,INTERNADO(3),92000146,0.0,0.0
92000146,GASTOS DE UNIFORMES,0.0,10,QUIROFANO(4),92000146,0.0,0.0
92000146,GASTOS DE UNIFORMES,0.0,10,ADMINISTRACION,92000146,0.0,6.0
92000146,GASTOS DE UNIFORMES,0.0,10,CARRO DE PARO,92000146,0.0,0.0
92000147,EQUIPOS INFORMATICO,0.0,10,URGENCIAS(2),92000147,0.0,0.0
92000147,EQUIPOS INFORMATICO,0.0,10,INTERNADO(3),92000147,0.0,0.0
92000147,EQUIPOS INFORMATICO,0.0,10,QUIROFANO(4),92000147,0.0,0.0
92000147,EQUIPOS INFORMATICO,0.0,10,ADMINISTRACION,92000147,0.0,2.0
92000147,EQUIPOS INFORMATICO,0.0,10,CARRO DE PARO,92000147,0.0,0.0
92000148,GASTOS DE REORGANIZACION 10%,0.0,10,URGENCIAS(2),92000148,0.0,0.0
92000148,GASTOS DE REORGANIZACION 10%,0.0,10,INTERNADO(3),92000148,0.0,0.0
92000148,GASTOS DE REORGANIZACION 10%,0.0,10,QUIROFANO(4),92000148,0.0,0.0
92000148,GASTOS DE REORGANIZACION 10%,0.0,10,ADMINISTRACION,92000148,0.0,1.0
92000148,GASTOS DE REORGANIZACION 10%,0.0,10,CARRO DE PARO,92000148,0.0,0.0
92000149,GASTOS DE REORGANIZAION EXENTA,0.0,0,URGENCIAS(2),92000149,0.0,0.0
92000149,GASTOS DE REORGANIZAION EXENTA,0.0,0,INTERNADO(3),92000149,0.0,0.0
92000149,GASTOS DE REORGANIZAION EXENTA,0.0,0,QUIROFANO(4),92000149,0.0,0.0
92000149,GASTOS DE REORGANIZAION EXENTA,0.0,0,ADMINISTRACION,92000149,0.0,1.0
92000149,GASTOS DE REORGANIZAION EXENTA,0.0,0,CARRO DE PARO,92000149,0.0,0.0
92000150,BALANZA DIGITAL OMRON HN-289,250000.0,10,URGENCIAS(2),92000150,0.0,0.0
92000150,BALANZA DIGITAL OMRON HN-289,250000.0,10,INTERNADO(3),92000150,0.0,0.0
92000150,BALANZA DIGITAL OMRON HN-289,250000.0,10,QUIROFANO(4),92000150,0.0,0.0
92000150,BALANZA DIGITAL OMRON HN-289,250000.0,10,ADMINISTRACION,92000150,0.0,1.0
92000150,BALANZA DIGITAL OMRON HN-289,250000.0,10,CARRO DE PARO,92000150,0.0,0.0
92000151,ALQUILER CAJA QUIRURGICA,0.0,10,URGENCIAS(2),92000151,0.0,0.0
92000151,ALQUILER CAJA QUIRURGICA,0.0,10,INTERNADO(3),92000151,0.0,0.0
92000151,ALQUILER CAJA QUIRURGICA,0.0,10,QUIROFANO(4),92000151,0.0,0.0
92000151,ALQUILER CAJA QUIRURGICA,0.0,10,ADMINISTRACION,92000151,0.0,0.0
92000152,ALQUILER DE TELESCOPIO OTORRINO,0.0,10,URGENCIAS(2),92000152,0.0,0.0
92000152,ALQUILER DE TELESCOPIO OTORRINO,0.0,10,INTERNADO(3),92000152,0.0,0.0
92000152,ALQUILER DE TELESCOPIO OTORRINO,0.0,10,QUIROFANO(4),92000152,0.0,0.0
92000152,ALQUILER DE TELESCOPIO OTORRINO,0.0,10,ADMINISTRACION,92000152,0.0,0.0
92000153,CAJA INSTRUMENTADORA,0.0,10,URGENCIAS(2),92000153,0.0,0.0
92000153,CAJA INSTRUMENTADORA,0.0,10,INTERNADO(3),92000153,0.0,0.0
92000153,CAJA INSTRUMENTADORA,0.0,10,QUIROFANO(4),92000153,0.0,0.0
92000153,CAJA INSTRUMENTADORA,0.0,10,ADMINISTRACION,92000153,0.0,0.0
92000153,CAJA INSTRUMENTADORA,0.0,10,CARRO DE PARO,92000153,0.0,0.0
92000154,SERV. ENDOSCOPIO NASAL,0.0,10,URGENCIAS(2),92000154,0.0,0.0
92000154,SERV. ENDOSCOPIO NASAL,0.0,10,INTERNADO(3),92000154,0.0,0.0
92000154,SERV. ENDOSCOPIO NASAL,0.0,10,ADMINISTRACION,92000154,0.0,0.0
92000155,GASTOS DE CAPACITACION (FUNCIONARIOS),3000000.0,10,URGENCIAS(2),92000155,0.0,0.0
92000155,GASTOS DE CAPACITACION (FUNCIONARIOS),3000000.0,10,INTERNADO(3),92000155,0.0,0.0
92000155,GASTOS DE CAPACITACION (FUNCIONARIOS),3000000.0,10,QUIROFANO(4),92000155,0.0,0.0
92000155,GASTOS DE CAPACITACION (FUNCIONARIOS),3000000.0,10,ADMINISTRACION,92000155,0.0,1.0
92000155,GASTOS DE CAPACITACION (FUNCIONARIOS),3000000.0,10,CARRO DE PARO,92000155,0.0,0.0
92000156,PORTA SUERO ESMALTADO DE 2 GANCHOS C/ RUEDA,260000.0,10,URGENCIAS(2),92000156,0.0,0.0
92000156,PORTA SUERO ESMALTADO DE 2 GANCHOS C/ RUEDA,260000.0,10,INTERNADO(3),92000156,0.0,0.0
92000156,PORTA SUERO ESMALTADO DE 2 GANCHOS C/ RUEDA,260000.0,10,QUIROFANO(4),92000156,0.0,0.0
92000156,PORTA SUERO ESMALTADO DE 2 GANCHOS C/ RUEDA,260000.0,10,ADMINISTRACION,92000156,0.0,5.0
92000156,PORTA SUERO ESMALTADO DE 2 GANCHOS C/ RUEDA,260000.0,10,CARRO DE PARO,92000156,0.0,0.0
92000157,FLUJOMETRO DE PARED HEMBRA,0.0,10,URGENCIAS(2),92000157,0.0,0.0
92000157,FLUJOMETRO DE PARED HEMBRA,0.0,10,INTERNADO(3),92000157,0.0,0.0
92000157,FLUJOMETRO DE PARED HEMBRA,0.0,10,QUIROFANO(4),92000157,0.0,0.0
92000157,FLUJOMETRO DE PARED HEMBRA,0.0,10,ADMINISTRACION,92000157,0.0,0.0
92000157,FLUJOMETRO DE PARED HEMBRA,0.0,10,CARRO DE PARO,92000157,0.0,0.0
2000875,DIENCIL 4 (GLIMEPIRIDA 4GM) X 1 CAJA,81081.0,5,FARMACIA INTERNA(1),2000875,0.0,0.0
2000875,DIENCIL 4 (GLIMEPIRIDA 4GM) X 1 CAJA,81081.0,5,URGENCIAS(2),2000875,0.0,0.0
2000875,DIENCIL 4 (GLIMEPIRIDA 4GM) X 1 CAJA,81081.0,5,INTERNADO(3),2000875,0.0,0.0
2000875,DIENCIL 4 (GLIMEPIRIDA 4GM) X 1 CAJA,81081.0,5,QUIROFANO(4),2000875,0.0,0.0
2000875,DIENCIL 4 (GLIMEPIRIDA 4GM) X 1 CAJA,81081.0,5,ADMINISTRACION,2000875,0.0,0.0
2000875,DIENCIL 4 (GLIMEPIRIDA 4GM) X 1 CAJA,81081.0,5,CARRO DE PARO,2000875,0.0,0.0
2000876,SOL.FISIOLOGICO 9% 1000ML (EUROQUIMICA),38000.0,5,FARMACIA INTERNA(1),2000876,0.0,0.0
2000876,SOL.FISIOLOGICO 9% 1000ML (EUROQUIMICA),38000.0,5,URGENCIAS(2),2000876,0.0,0.0
2000876,SOL.FISIOLOGICO 9% 1000ML (EUROQUIMICA),38000.0,5,INTERNADO(3),2000876,0.0,0.0
2000876,SOL.FISIOLOGICO 9% 1000ML (EUROQUIMICA),38000.0,5,QUIROFANO(4),2000876,0.0,0.0
2000876,SOL.FISIOLOGICO 9% 1000ML (EUROQUIMICA),38000.0,5,ADMINISTRACION,2000876,0.0,0.0
2000876,SOL.FISIOLOGICO 9% 1000ML (EUROQUIMICA),38000.0,5,CARRO DE PARO,2000876,0.0,0.0
2000877,DORIXIN PLUS 15,21000.0,5,FARMACIA INTERNA(1),2000877,0.0,1.0
2000877,DORIXIN PLUS 15,21000.0,5,URGENCIAS(2),2000877,0.0,0.0
2000877,DORIXIN PLUS 15,21000.0,5,INTERNADO(3),2000877,0.0,0.0
2000877,DORIXIN PLUS 15,21000.0,5,QUIROFANO(4),2000877,0.0,0.0
2000877,DORIXIN PLUS 15,21000.0,5,ADMINISTRACION,2000877,0.0,0.0
2000877,DORIXIN PLUS 15,21000.0,5,CARRO DE PARO,2000877,0.0,0.0
2000878,FLOXIGRAM (LEVOFLOXACINA 750MG) CAJA X 10 COMP,110000.0,5,FARMACIA INTERNA(1),2000878,0.0,0.0
2000878,FLOXIGRAM (LEVOFLOXACINA 750MG) CAJA X 10 COMP,110000.0,5,URGENCIAS(2),2000878,0.0,0.0
2000878,FLOXIGRAM (LEVOFLOXACINA 750MG) CAJA X 10 COMP,110000.0,5,INTERNADO(3),2000878,0.0,0.0
2000878,FLOXIGRAM (LEVOFLOXACINA 750MG) CAJA X 10 COMP,110000.0,5,QUIROFANO(4),2000878,0.0,0.0
2000878,FLOXIGRAM (LEVOFLOXACINA 750MG) CAJA X 10 COMP,110000.0,5,ADMINISTRACION,2000878,0.0,0.0
2000878,FLOXIGRAM (LEVOFLOXACINA 750MG) CAJA X 10 COMP,110000.0,5,CARRO DE PARO,2000878,0.0,0.0
2000879,Z- CAL 1000 (DIPIRONA 1G X 2ML),10000.0,5,FARMACIA INTERNA(1),2000879,0.0,0.0
2000879,Z- CAL 1000 (DIPIRONA 1G X 2ML),10000.0,5,URGENCIAS(2),2000879,0.0,0.0
2000879,Z- CAL 1000 (DIPIRONA 1G X 2ML),10000.0,5,INTERNADO(3),2000879,0.0,0.0
2000879,Z- CAL 1000 (DIPIRONA 1G X 2ML),10000.0,5,QUIROFANO(4),2000879,0.0,0.0
2000879,Z- CAL 1000 (DIPIRONA 1G X 2ML),10000.0,5,ADMINISTRACION,2000879,0.0,0.0
2000879,Z- CAL 1000 (DIPIRONA 1G X 2ML),10000.0,5,CARRO DE PARO,2000879,0.0,0.0
2000880,APETIBOL CAJA X 15 FCOS. X 10 ML.,75000.0,5,FARMACIA INTERNA(1),2000880,0.0,0.0
2000880,APETIBOL CAJA X 15 FCOS. X 10 ML.,75000.0,5,URGENCIAS(2),2000880,0.0,0.0
2000880,APETIBOL CAJA X 15 FCOS. X 10 ML.,75000.0,5,INTERNADO(3),2000880,0.0,0.0
2000880,APETIBOL CAJA X 15 FCOS. X 10 ML.,75000.0,5,QUIROFANO(4),2000880,0.0,0.0
2000880,APETIBOL CAJA X 15 FCOS. X 10 ML.,75000.0,5,ADMINISTRACION,2000880,0.0,0.0
2000880,APETIBOL CAJA X 15 FCOS. X 10 ML.,75000.0,5,CARRO DE PARO,2000880,0.0,0.0
2000881,ZOLONE (METILPREDNISOLONA 500MG),325000.0,5,FARMACIA INTERNA(1),2000881,0.0,0.0
2000881,ZOLONE (METILPREDNISOLONA 500MG),325000.0,5,URGENCIAS(2),2000881,0.0,6.0
2000881,ZOLONE (METILPREDNISOLONA 500MG),325000.0,5,INTERNADO(3),2000881,0.0,0.0
2000881,ZOLONE (METILPREDNISOLONA 500MG),325000.0,5,QUIROFANO(4),2000881,0.0,0.0
2000881,ZOLONE (METILPREDNISOLONA 500MG),325000.0,5,ADMINISTRACION,2000881,0.0,0.0
2000881,ZOLONE (METILPREDNISOLONA 500MG),325000.0,5,CARRO DE PARO,2000881,0.0,0.0
2000882,GINSEFORT PLUS CAP,110000.0,5,FARMACIA INTERNA(1),2000882,0.0,0.0
2000882,GINSEFORT PLUS CAP,110000.0,5,URGENCIAS(2),2000882,0.0,0.0
2000882,GINSEFORT PLUS CAP,110000.0,5,INTERNADO(3),2000882,0.0,0.0
2000882,GINSEFORT PLUS CAP,110000.0,5,QUIROFANO(4),2000882,0.0,0.0
2000882,GINSEFORT PLUS CAP,110000.0,5,ADMINISTRACION,2000882,0.0,0.0
2000882,GINSEFORT PLUS CAP,110000.0,5,CARRO DE PARO,2000882,0.0,0.0
2000883,RECUPERAL HOMBRE AZ X 30 CAP,114683.0,5,FARMACIA INTERNA(1),2000883,0.0,0.0
2000883,RECUPERAL HOMBRE AZ X 30 CAP,114683.0,5,URGENCIAS(2),2000883,0.0,0.0
2000883,RECUPERAL HOMBRE AZ X 30 CAP,114683.0,5,INTERNADO(3),2000883,0.0,0.0
2000883,RECUPERAL HOMBRE AZ X 30 CAP,114683.0,5,QUIROFANO(4),2000883,0.0,0.0
2000883,RECUPERAL HOMBRE AZ X 30 CAP,114683.0,5,ADMINISTRACION,2000883,0.0,0.0
2000883,RECUPERAL HOMBRE AZ X 30 CAP,114683.0,5,CARRO DE PARO,2000883,0.0,0.0
2000884,JUSTUM (CEFOTAXIMA 1G),40300.0,5,FARMACIA INTERNA(1),2000884,0.0,0.0
2000884,JUSTUM (CEFOTAXIMA 1G),40300.0,5,URGENCIAS(2),2000884,0.0,0.0
2000884,JUSTUM (CEFOTAXIMA 1G),40300.0,5,INTERNADO(3),2000884,0.0,0.0
2000884,JUSTUM (CEFOTAXIMA 1G),40300.0,5,QUIROFANO(4),2000884,0.0,0.0
2000884,JUSTUM (CEFOTAXIMA 1G),40300.0,5,ADMINISTRACION,2000884,0.0,0.0
2000884,JUSTUM (CEFOTAXIMA 1G),40300.0,5,CARRO DE PARO,2000884,0.0,0.0
2000885,FOTAX (CEFOTAXIMA 1G),50000.0,5,FARMACIA INTERNA(1),2000885,0.0,1.0
2000885,FOTAX (CEFOTAXIMA 1G),50000.0,5,URGENCIAS(2),2000885,0.0,5.0
2000885,FOTAX (CEFOTAXIMA 1G),50000.0,5,INTERNADO(3),2000885,0.0,0.0
2000885,FOTAX (CEFOTAXIMA 1G),50000.0,5,QUIROFANO(4),2000885,0.0,0.0
2000885,FOTAX (CEFOTAXIMA 1G),50000.0,5,ADMINISTRACION,2000885,0.0,0.0
2000885,FOTAX (CEFOTAXIMA 1G),50000.0,5,CARRO DE PARO,2000885,0.0,0.0
2000886,GENSULIN N (INSULINA HUMANA) PROSALUD,180000.0,0,FARMACIA INTERNA(1),2000886,0.0,1.0
2000886,GENSULIN N (INSULINA HUMANA) PROSALUD,180000.0,0,URGENCIAS(2),2000886,0.0,0.0
2000886,GENSULIN N (INSULINA HUMANA) PROSALUD,180000.0,0,INTERNADO(3),2000886,0.0,0.0
2000886,GENSULIN N (INSULINA HUMANA) PROSALUD,180000.0,0,QUIROFANO(4),2000886,0.0,0.0
2000886,GENSULIN N (INSULINA HUMANA) PROSALUD,180000.0,0,ADMINISTRACION,2000886,0.0,0.0
2000886,GENSULIN N (INSULINA HUMANA) PROSALUD,180000.0,0,CARRO DE PARO,2000886,0.0,0.0
2000887,BRONCOSAN 100MG SUSP 120ML,89000.0,5,FARMACIA INTERNA(1),2000887,0.0,0.0
2000887,BRONCOSAN 100MG SUSP 120ML,89000.0,5,URGENCIAS(2),2000887,0.0,0.0
2000887,BRONCOSAN 100MG SUSP 120ML,89000.0,5,INTERNADO(3),2000887,0.0,0.0
2000887,BRONCOSAN 100MG SUSP 120ML,89000.0,5,QUIROFANO(4),2000887,0.0,0.0
2000887,BRONCOSAN 100MG SUSP 120ML,89000.0,5,ADMINISTRACION,2000887,0.0,0.0
2000887,BRONCOSAN 100MG SUSP 120ML,89000.0,5,CARRO DE PARO,2000887,0.0,0.0
2000888,SOL. RINGER LACTATO 1000ML (FUSA),31280.0,5,FARMACIA INTERNA(1),2000888,0.0,4.0
2000888,SOL. RINGER LACTATO 1000ML (FUSA),31280.0,5,URGENCIAS(2),2000888,0.0,3.0
2000888,SOL. RINGER LACTATO 1000ML (FUSA),31280.0,5,INTERNADO(3),2000888,0.0,0.0
2000888,SOL. RINGER LACTATO 1000ML (FUSA),31280.0,5,QUIROFANO(4),2000888,0.0,0.0
2000888,SOL. RINGER LACTATO 1000ML (FUSA),31280.0,5,ADMINISTRACION,2000888,0.0,0.0
2000888,SOL. RINGER LACTATO 1000ML (FUSA),31280.0,5,CARRO DE PARO,2000888,0.0,0.0
2000889,SESIL 600 (CLINDAMICINA 600MG) AMP 4ML,72000.0,5,FARMACIA INTERNA(1),2000889,0.0,41.0
2000889,SESIL 600 (CLINDAMICINA 600MG) AMP 4ML,72000.0,5,URGENCIAS(2),2000889,0.0,10.0
2000889,SESIL 600 (CLINDAMICINA 600MG) AMP 4ML,72000.0,5,INTERNADO(3),2000889,0.0,0.0
2000889,SESIL 600 (CLINDAMICINA 600MG) AMP 4ML,72000.0,5,QUIROFANO(4),2000889,0.0,0.0
2000889,SESIL 600 (CLINDAMICINA 600MG) AMP 4ML,72000.0,5,ADMINISTRACION,2000889,0.0,0.0
2000889,SESIL 600 (CLINDAMICINA 600MG) AMP 4ML,72000.0,5,CARRO DE PARO,2000889,0.0,0.0
2000890,HIERRO SACARATO 100ML/5ML X 1 AMP (PSF),115000.0,5,FARMACIA INTERNA(1),2000890,0.0,0.0
2000890,HIERRO SACARATO 100ML/5ML X 1 AMP (PSF),115000.0,5,URGENCIAS(2),2000890,0.0,3.0
2000890,HIERRO SACARATO 100ML/5ML X 1 AMP (PSF),115000.0,5,INTERNADO(3),2000890,0.0,0.0
2000890,HIERRO SACARATO 100ML/5ML X 1 AMP (PSF),115000.0,5,QUIROFANO(4),2000890,0.0,0.0
2000890,HIERRO SACARATO 100ML/5ML X 1 AMP (PSF),115000.0,5,ADMINISTRACION,2000890,0.0,0.0
2000890,HIERRO SACARATO 100ML/5ML X 1 AMP (PSF),115000.0,5,CARRO DE PARO,2000890,0.0,0.0
4000475,KIT PARA CX GENERAL 3 BATAS (ESTERILIZADO),278000.0,10,FARMACIA INTERNA(1),4000475,0.0,0.0
4000475,KIT PARA CX GENERAL 3 BATAS (ESTERILIZADO),278000.0,10,URGENCIAS(2),4000475,0.0,0.0
4000475,KIT PARA CX GENERAL 3 BATAS (ESTERILIZADO),278000.0,10,INTERNADO(3),4000475,0.0,0.0
4000475,KIT PARA CX GENERAL 3 BATAS (ESTERILIZADO),278000.0,10,QUIROFANO(4),4000475,0.0,0.0
4000475,KIT PARA CX GENERAL 3 BATAS (ESTERILIZADO),278000.0,10,ADMINISTRACION,4000475,0.0,0.0
4000475,KIT PARA CX GENERAL 3 BATAS (ESTERILIZADO),278000.0,10,CARRO DE PARO,4000475,0.0,0.0
4000476,LACRE DE PLASTICO ENUMERADO,0.0,10,FARMACIA INTERNA(1),4000476,0.0,0.0
4000476,LACRE DE PLASTICO ENUMERADO,0.0,10,URGENCIAS(2),4000476,0.0,0.0
4000476,LACRE DE PLASTICO ENUMERADO,0.0,10,INTERNADO(3),4000476,0.0,0.0
4000476,LACRE DE PLASTICO ENUMERADO,0.0,10,QUIROFANO(4),4000476,0.0,0.0
4000476,LACRE DE PLASTICO ENUMERADO,0.0,10,ADMINISTRACION,4000476,0.0,0.0
4000476,LACRE DE PLASTICO ENUMERADO,0.0,10,CARRO DE PARO,4000476,0.0,0.0
4000477,ALCOHOL AL 70% BIDON 5 LTS,54000.0,10,FARMACIA INTERNA(1),4000477,0.0,1.0
4000477,ALCOHOL AL 70% BIDON 5 LTS,54000.0,10,URGENCIAS(2),4000477,0.0,0.0
4000477,ALCOHOL AL 70% BIDON 5 LTS,54000.0,10,INTERNADO(3),4000477,0.0,0.0
4000477,ALCOHOL AL 70% BIDON 5 LTS,54000.0,10,QUIROFANO(4),4000477,0.0,0.0
4000477,ALCOHOL AL 70% BIDON 5 LTS,54000.0,10,ADMINISTRACION,4000477,0.0,0.0
4000477,ALCOHOL AL 70% BIDON 5 LTS,54000.0,10,CARRO DE PARO,4000477,0.0,0.0
4000478,NITROFURAZONA (GASA FURACINADA) X 20 APOSITOS,180000.0,10,FARMACIA INTERNA(1),4000478,0.0,0.0
4000478,NITROFURAZONA (GASA FURACINADA) X 20 APOSITOS,180000.0,10,URGENCIAS(2),4000478,0.0,0.0
4000478,NITROFURAZONA (GASA FURACINADA) X 20 APOSITOS,180000.0,10,INTERNADO(3),4000478,0.0,0.0
4000478,NITROFURAZONA (GASA FURACINADA) X 20 APOSITOS,180000.0,10,QUIROFANO(4),4000478,0.0,0.0
4000478,NITROFURAZONA (GASA FURACINADA) X 20 APOSITOS,180000.0,10,ADMINISTRACION,4000478,0.0,0.0
4000478,NITROFURAZONA (GASA FURACINADA) X 20 APOSITOS,180000.0,10,CARRO DE PARO,4000478,0.0,0.0
2000000,AAS 125MG X 30 COMP,0.0,5,URGENCIAS(2),7840213027400,0.0,0.0
2000000,AAS 125MG X 30 COMP,0.0,5,INTERNADO(3),7840213027400,0.0,0.0
2000000,AAS 125MG X 30 COMP,0.0,5,QUIROFANO(4),7840213027400,0.0,0.0
2000001,ABRILAR JBE X 100 ML,0.0,5,URGENCIAS(2),4104480705137,0.0,0.0
2000001,ABRILAR JBE X 100 ML,0.0,5,INTERNADO(3),4104480705137,0.0,0.0
2000001,ABRILAR JBE X 100 ML,0.0,5,QUIROFANO(4),4104480705137,0.0,0.0
2000002,ACCUALAXAN 17G X 14 SOBRES (POLIETILENGLICOL 3350),0.0,5,URGENCIAS(2),7803510003881,0.0,0.0
2000002,ACCUALAXAN 17G X 14 SOBRES (POLIETILENGLICOL 3350),0.0,5,INTERNADO(3),7803510003881,0.0,0.0
2000002,ACCUALAXAN 17G X 14 SOBRES (POLIETILENGLICOL 3350),0.0,5,QUIROFANO(4),7803510003881,0.0,0.0
100107,CONSULTA CON NEUROLOGIA,250000.0,10,FARMACIA INTERNA(1),100107,0.0,0.0
100107,CONSULTA CON NEUROLOGIA,250000.0,10,URGENCIAS(2),100107,0.0,0.0
100107,CONSULTA CON NEUROLOGIA,250000.0,10,INTERNADO(3),100107,0.0,0.0
100107,CONSULTA CON NEUROLOGIA,250000.0,10,QUIROFANO(4),100107,0.0,0.0
100107,CONSULTA CON NEUROLOGIA,250000.0,10,ADMINISTRACION,100107,0.0,0.0
100107,CONSULTA CON NEUROLOGIA,250000.0,10,CARRO DE PARO,100107,0.0,0.0
100108,CONSULTA CON COLOPROCTOLOGIA,250000.0,10,FARMACIA INTERNA(1),100108,0.0,0.0
100108,CONSULTA CON COLOPROCTOLOGIA,250000.0,10,URGENCIAS(2),100108,0.0,0.0
100108,CONSULTA CON COLOPROCTOLOGIA,250000.0,10,INTERNADO(3),100108,0.0,0.0
100108,CONSULTA CON COLOPROCTOLOGIA,250000.0,10,QUIROFANO(4),100108,0.0,0.0
100108,CONSULTA CON COLOPROCTOLOGIA,250000.0,10,ADMINISTRACION,100108,0.0,0.0
100108,CONSULTA CON COLOPROCTOLOGIA,250000.0,10,CARRO DE PARO,100108,0.0,0.0
100109,CONSULTA CON TRAUMATOLOGIA,250000.0,10,FARMACIA INTERNA(1),100109,0.0,0.0
100109,CONSULTA CON TRAUMATOLOGIA,250000.0,10,INTERNADO(3),100109,0.0,0.0
100109,CONSULTA CON TRAUMATOLOGIA,250000.0,10,QUIROFANO(4),100109,0.0,0.0
100109,CONSULTA CON TRAUMATOLOGIA,250000.0,10,ADMINISTRACION,100109,0.0,0.0
100109,CONSULTA CON TRAUMATOLOGIA,250000.0,10,CARRO DE PARO,100109,0.0,0.0
2,LICENCIA MENSUAL GASPARINI,0.0,10,FARMACIA INTERNA(1),2,0.0,0.0
2,LICENCIA MENSUAL GASPARINI,0.0,10,URGENCIAS(2),2,0.0,0.0
2,LICENCIA MENSUAL GASPARINI,0.0,10,INTERNADO(3),2,0.0,0.0
2,LICENCIA MENSUAL GASPARINI,0.0,10,QUIROFANO(4),2,0.0,0.0
2,LICENCIA MENSUAL GASPARINI,0.0,10,ADMINISTRACION,2,0.0,0.0
2,LICENCIA MENSUAL GASPARINI,0.0,10,CARRO DE PARO,2,0.0,0.0
92000158,BOPPLER FETAL (ECOSON),165000.0,10,URGENCIAS(2),92000158,0.0,0.0
92000158,BOPPLER FETAL (ECOSON),165000.0,10,INTERNADO(3),92000158,0.0,0.0
92000158,BOPPLER FETAL (ECOSON),165000.0,10,QUIROFANO(4),92000158,0.0,0.0
92000158,BOPPLER FETAL (ECOSON),165000.0,10,ADMINISTRACION,92000158,0.0,1.0
92000158,BOPPLER FETAL (ECOSON),165000.0,10,CARRO DE PARO,92000158,0.0,0.0
92000159,GLUCOMETRO DIGITAL (MICROLIFE),110000.0,0,URGENCIAS(2),92000159,0.0,0.0
92000159,GLUCOMETRO DIGITAL (MICROLIFE),110000.0,0,INTERNADO(3),92000159,0.0,0.0
92000159,GLUCOMETRO DIGITAL (MICROLIFE),110000.0,0,QUIROFANO(4),92000159,0.0,0.0
92000159,GLUCOMETRO DIGITAL (MICROLIFE),110000.0,0,ADMINISTRACION,92000159,0.0,1.0
92000159,GLUCOMETRO DIGITAL (MICROLIFE),110000.0,0,CARRO DE PARO,92000159,0.0,0.0
92000160,TIRAS DE PRUEBA DE GLUCOSA X 50 (MICROLIFE),95000.0,0,URGENCIAS(2),92000160,0.0,0.0
92000160,TIRAS DE PRUEBA DE GLUCOSA X 50 (MICROLIFE),95000.0,0,INTERNADO(3),92000160,0.0,0.0
92000160,TIRAS DE PRUEBA DE GLUCOSA X 50 (MICROLIFE),95000.0,0,QUIROFANO(4),92000160,0.0,0.0
92000160,TIRAS DE PRUEBA DE GLUCOSA X 50 (MICROLIFE),95000.0,0,ADMINISTRACION,92000160,0.0,1.0
92000160,TIRAS DE PRUEBA DE GLUCOSA X 50 (MICROLIFE),95000.0,0,CARRO DE PARO,92000160,0.0,0.0
92000161,TALONARIO HOJA DUPLICADA (P/ SALIDA DE INSUMOS MEDICOS),140000.0,10,URGENCIAS(2),92000161,0.0,0.0
92000161,TALONARIO HOJA DUPLICADA (P/ SALIDA DE INSUMOS MEDICOS),140000.0,10,INTERNADO(3),92000161,0.0,0.0
92000161,TALONARIO HOJA DUPLICADA (P/ SALIDA DE INSUMOS MEDICOS),140000.0,10,QUIROFANO(4),92000161,0.0,0.0
92000161,TALONARIO HOJA DUPLICADA (P/ SALIDA DE INSUMOS MEDICOS),140000.0,10,ADMINISTRACION,92000161,0.0,1.0
92000161,TALONARIO HOJA DUPLICADA (P/ SALIDA DE INSUMOS MEDICOS),140000.0,10,CARRO DE PARO,92000161,0.0,0.0
2000891,EFAGESIC B12 COMP,55000.0,5,FARMACIA INTERNA(1),2000891,0.0,0.0
2000891,EFAGESIC B12 COMP,55000.0,5,URGENCIAS(2),2000891,0.0,0.0
2000891,EFAGESIC B12 COMP,55000.0,5,INTERNADO(3),2000891,0.0,0.0
2000891,EFAGESIC B12 COMP,55000.0,5,QUIROFANO(4),2000891,0.0,0.0
2000891,EFAGESIC B12 COMP,55000.0,5,ADMINISTRACION,2000891,0.0,0.0
2000891,EFAGESIC B12 COMP,55000.0,5,CARRO DE PARO,2000891,0.0,0.0
1,SERV. SANATORIAL,0.0,10,FARMACIA INTERNA(1),1,0.0,0.0
1,SERV. SANATORIAL,0.0,10,URGENCIAS(2),1,0.0,0.0
1,SERV. SANATORIAL,0.0,10,INTERNADO(3),1,0.0,0.0
1,SERV. SANATORIAL,0.0,10,QUIROFANO(4),1,0.0,0.0
100000,SERV. DE PRUEBA,0.0,10,FARMACIA INTERNA(1),100000,0.0,0.0
100000,SERV. DE PRUEBA,0.0,10,URGENCIAS(2),100000,0.0,0.0
100000,SERV. DE PRUEBA,0.0,10,INTERNADO(3),100000,0.0,0.0
100000,SERV. DE PRUEBA,0.0,10,QUIROFANO(4),100000,0.0,0.0
1000000,GLUTARON POR USO,35000.0,10,FARMACIA INTERNA(1),1000000,0.0,0.0
1000000,GLUTARON POR USO,35000.0,10,URGENCIAS(2),1000000,0.0,0.0
1000000,GLUTARON POR USO,35000.0,10,INTERNADO(3),1000000,0.0,0.0
1000000,GLUTARON POR USO,35000.0,10,QUIROFANO(4),1000000,0.0,0.0
1000000,GLUTARON POR USO,35000.0,10,ADMINISTRACION,1000000,0.0,0.0
1000000,GLUTARON POR USO,35000.0,10,CARRO DE PARO,1000000,0.0,0.0
1000001,CLORHEXIDINA JABON 2% POR USO,20000.0,5,FARMACIA INTERNA(1),1000001,0.0,0.0
1000001,CLORHEXIDINA JABON 2% POR USO,20000.0,5,URGENCIAS(2),1000001,0.0,26.0
1000001,CLORHEXIDINA JABON 2% POR USO,20000.0,5,INTERNADO(3),1000001,0.0,0.0
1000001,CLORHEXIDINA JABON 2% POR USO,20000.0,5,QUIROFANO(4),1000001,0.0,0.0
1000001,CLORHEXIDINA JABON 2% POR USO,20000.0,5,ADMINISTRACION,1000001,0.0,0.0
1000001,CLORHEXIDINA JABON 2% POR USO,20000.0,5,CARRO DE PARO,1000001,0.0,0.0
1000002,TORUNDA DE ALGODON POR UNIDAD,1000.0,10,INTERNADO(3),1000002,0.0,0.0
1000002,TORUNDA DE ALGODON POR UNIDAD,1000.0,10,QUIROFANO(4),1000002,0.0,0.0
1000002,TORUNDA DE ALGODON POR UNIDAD,1000.0,10,ADMINISTRACION,1000002,0.0,0.0
1000002,TORUNDA DE ALGODON POR UNIDAD,1000.0,10,CARRO DE PARO,1000002,0.0,0.0
1000003,LEUKOPLAST POR USO,8000.0,10,INTERNADO(3),1000003,0.0,71.0
1000003,LEUKOPLAST POR USO,8000.0,10,QUIROFANO(4),1000003,0.0,0.0
1000003,LEUKOPLAST POR USO,8000.0,10,ADMINISTRACION,1000003,0.0,0.0
1000003,LEUKOPLAST POR USO,8000.0,10,CARRO DE PARO,1000003,0.0,0.0
1000004,GUANTE DE PROCEDIMIENTO POR USO,3000.0,10,INTERNADO(3),1000004,0.0,0.0
1000004,GUANTE DE PROCEDIMIENTO POR USO,3000.0,10,QUIROFANO(4),1000004,0.0,0.0
1000004,GUANTE DE PROCEDIMIENTO POR USO,3000.0,10,ADMINISTRACION,1000004,0.0,0.0
1000004,GUANTE DE PROCEDIMIENTO POR USO,3000.0,10,CARRO DE PARO,1000004,0.0,0.0
1000005,AGUA OXIGENADA POR USO,6900.0,10,FARMACIA INTERNA(1),1000005,0.0,0.0
1000005,AGUA OXIGENADA POR USO,6900.0,10,INTERNADO(3),1000005,0.0,0.0
1000005,AGUA OXIGENADA POR USO,6900.0,10,QUIROFANO(4),1000005,0.0,0.0
1000005,AGUA OXIGENADA POR USO,6900.0,10,ADMINISTRACION,1000005,0.0,0.0
1000005,AGUA OXIGENADA POR USO,6900.0,10,CARRO DE PARO,1000005,0.0,0.0
1000006,ALCOHOL POR USO,13900.0,10,INTERNADO(3),1000006,0.0,0.0
1000006,ALCOHOL POR USO,13900.0,10,QUIROFANO(4),1000006,0.0,0.0
1000006,ALCOHOL POR USO,13900.0,10,ADMINISTRACION,1000006,0.0,0.0
1000006,ALCOHOL POR USO,13900.0,10,CARRO DE PARO,1000006,0.0,0.0
1000007,APOSITO POR USO,0.0,10,FARMACIA INTERNA(1),1000007,0.0,0.0
1000007,APOSITO POR USO,0.0,10,URGENCIAS(2),1000007,0.0,0.0
1000007,APOSITO POR USO,0.0,10,INTERNADO(3),1000007,0.0,0.0
1000007,APOSITO POR USO,0.0,10,QUIROFANO(4),1000007,0.0,0.0
1000007,APOSITO POR USO,0.0,10,ADMINISTRACION,1000007,0.0,0.0
1000007,APOSITO POR USO,0.0,10,CARRO DE PARO,1000007,0.0,0.0
1000008,AZUL DE METILENO POR USO,0.0,5,FARMACIA INTERNA(1),1000008,0.0,0.0
1000008,AZUL DE METILENO POR USO,0.0,5,URGENCIAS(2),1000008,0.0,0.0
1000008,AZUL DE METILENO POR USO,0.0,5,INTERNADO(3),1000008,0.0,0.0
1000008,AZUL DE METILENO POR USO,0.0,5,QUIROFANO(4),1000008,0.0,0.0
1000008,AZUL DE METILENO POR USO,0.0,5,ADMINISTRACION,1000008,0.0,0.0
1000008,AZUL DE METILENO POR USO,0.0,5,CARRO DE PARO,1000008,0.0,0.0
1000009,BAJA LENGUAS POR UNIDAD,500.0,10,FARMACIA INTERNA(1),1000009,0.0,0.0
1000009,BAJA LENGUAS POR UNIDAD,500.0,10,URGENCIAS(2),1000009,0.0,99.0
1000009,BAJA LENGUAS POR UNIDAD,500.0,10,INTERNADO(3),1000009,0.0,0.0
1000009,BAJA LENGUAS POR UNIDAD,500.0,10,QUIROFANO(4),1000009,0.0,0.0
1000009,BAJA LENGUAS POR UNIDAD,500.0,10,ADMINISTRACION,1000009,0.0,0.0
1000009,BAJA LENGUAS POR UNIDAD,500.0,10,CARRO DE PARO,1000009,0.0,0.0
100001,CONSULTA PSICOLOGICA,0.0,10,ADMINISTRACION,100001,0.0,0.0
1000010,DETERGENTE ENZIMATICO POR USO,0.0,10,FARMACIA INTERNA(1),1000010,0.0,0.0
1000010,DETERGENTE ENZIMATICO POR USO,0.0,10,URGENCIAS(2),1000010,0.0,0.0
1000010,DETERGENTE ENZIMATICO POR USO,0.0,10,INTERNADO(3),1000010,0.0,0.0
1000010,DETERGENTE ENZIMATICO POR USO,0.0,10,QUIROFANO(4),1000010,0.0,0.0
1000010,DETERGENTE ENZIMATICO POR USO,0.0,10,ADMINISTRACION,1000010,0.0,0.0
1000010,DETERGENTE ENZIMATICO POR USO,0.0,10,CARRO DE PARO,1000010,0.0,0.0
1000011,PAQUETE DE GASA POR USO,13900.0,10,INTERNADO(3),1000011,0.0,0.0
1000011,PAQUETE DE GASA POR USO,13900.0,10,QUIROFANO(4),1000011,0.0,0.0
1000011,PAQUETE DE GASA POR USO,13900.0,10,ADMINISTRACION,1000011,0.0,0.0
1000011,PAQUETE DE GASA POR USO,13900.0,10,CARRO DE PARO,1000011,0.0,0.0
1000012,IOP JABON POR USO,6900.0,5,FARMACIA INTERNA(1),1000012,0.0,0.0
1000012,IOP JABON POR USO,6900.0,5,INTERNADO(3),1000012,0.0,0.0
1000012,IOP JABON POR USO,6900.0,5,QUIROFANO(4),1000012,0.0,0.0
1000012,IOP JABON POR USO,6900.0,5,ADMINISTRACION,1000012,0.0,0.0
1000012,IOP JABON POR USO,6900.0,5,CARRO DE PARO,1000012,0.0,0.0
1000013,IOP SOLUCION POR USO,6900.0,5,INTERNADO(3),1000013,0.0,0.0
1000013,IOP SOLUCION POR USO,6900.0,5,QUIROFANO(4),1000013,0.0,0.0
1000013,IOP SOLUCION POR USO,6900.0,5,ADMINISTRACION,1000013,0.0,0.0
1000013,IOP SOLUCION POR USO,6900.0,5,CARRO DE PARO,1000013,0.0,0.0
1000014,QUITAESMALTE POR USO,0.0,10,FARMACIA INTERNA(1),1000014,0.0,0.0
1000014,QUITAESMALTE POR USO,0.0,10,URGENCIAS(2),1000014,0.0,97.0
1000014,QUITAESMALTE POR USO,0.0,10,INTERNADO(3),1000014,0.0,0.0
1000014,QUITAESMALTE POR USO,0.0,10,QUIROFANO(4),1000014,0.0,0.0
1000014,QUITAESMALTE POR USO,0.0,10,ADMINISTRACION,1000014,0.0,0.0
1000014,QUITAESMALTE POR USO,0.0,10,CARRO DE PARO,1000014,0.0,0.0
1000015,MICROPORE POR USO,10000.0,10,URGENCIAS(2),1000015,0.0,78.0
1000015,MICROPORE POR USO,10000.0,10,INTERNADO(3),1000015,0.0,0.0
1000015,MICROPORE POR USO,10000.0,10,QUIROFANO(4),1000015,0.0,0.0
1000015,MICROPORE POR USO,10000.0,10,ADMINISTRACION,1000015,0.0,0.0
1000015,MICROPORE POR USO,10000.0,10,CARRO DE PARO,1000015,0.0,0.0
1000016,LIDOCAINA EN GEL POR USO (XYLESTESIN 2%),6900.0,5,FARMACIA INTERNA(1),1000016,0.0,0.0
1000016,LIDOCAINA EN GEL POR USO (XYLESTESIN 2%),6900.0,5,URGENCIAS(2),1000016,0.0,24.0
1000016,LIDOCAINA EN GEL POR USO (XYLESTESIN 2%),6900.0,5,INTERNADO(3),1000016,0.0,0.0
1000016,LIDOCAINA EN GEL POR USO (XYLESTESIN 2%),6900.0,5,QUIROFANO(4),1000016,0.0,0.0
1000016,LIDOCAINA EN GEL POR USO (XYLESTESIN 2%),6900.0,5,ADMINISTRACION,1000016,0.0,0.0
1000016,LIDOCAINA EN GEL POR USO (XYLESTESIN 2%),6900.0,5,CARRO DE PARO,1000016,0.0,0.0
1000017,"CLORHEXIDINA 0,5% POR USO",20000.0,5,FARMACIA INTERNA(1),1000017,0.0,0.0
1000017,"CLORHEXIDINA 0,5% POR USO",20000.0,5,URGENCIAS(2),1000017,0.0,36.0
1000017,"CLORHEXIDINA 0,5% POR USO",20000.0,5,INTERNADO(3),1000017,0.0,0.0
1000017,"CLORHEXIDINA 0,5% POR USO",20000.0,5,QUIROFANO(4),1000017,0.0,0.0
1000017,"CLORHEXIDINA 0,5% POR USO",20000.0,5,ADMINISTRACION,1000017,0.0,0.0
1000017,"CLORHEXIDINA 0,5% POR USO",20000.0,5,CARRO DE PARO,1000017,0.0,0.0
1000018,FORMOL 40% POR USO,13900.0,10,FARMACIA INTERNA(1),1000018,0.0,0.0
1000018,FORMOL 40% POR USO,13900.0,10,URGENCIAS(2),1000018,0.0,19.0
1000018,FORMOL 40% POR USO,13900.0,10,INTERNADO(3),1000018,0.0,0.0
1000018,FORMOL 40% POR USO,13900.0,10,QUIROFANO(4),1000018,0.0,0.0
1000018,FORMOL 40% POR USO,13900.0,10,ADMINISTRACION,1000018,0.0,0.0
1000018,FORMOL 40% POR USO,13900.0,10,CARRO DE PARO,1000018,0.0,0.0
1000019,CURITA REDONDA POR UNIDAD,1000.0,10,INTERNADO(3),1000019,0.0,0.0
1000019,CURITA REDONDA POR UNIDAD,1000.0,10,QUIROFANO(4),1000019,0.0,0.0
1000019,CURITA REDONDA POR UNIDAD,1000.0,10,ADMINISTRACION,1000019,0.0,0.0
1000019,CURITA REDONDA POR UNIDAD,1000.0,10,CARRO DE PARO,1000019,0.0,0.0
100002,FRENECTOMIA,0.0,10,FARMACIA INTERNA(1),100002,0.0,0.0
100002,FRENECTOMIA,0.0,10,URGENCIAS(2),100002,0.0,0.0
100002,FRENECTOMIA,0.0,10,INTERNADO(3),100002,0.0,0.0
100002,FRENECTOMIA,0.0,10,QUIROFANO(4),100002,0.0,0.0
100002,FRENECTOMIA,0.0,10,ADMINISTRACION,100002,0.0,0.0
100002,FRENECTOMIA,0.0,10,CARRO DE PARO,100002,0.0,0.0
1000020,CURITA REDONDA KIDS POR UNIDAD,1000.0,10,FARMACIA INTERNA(1),1000020,0.0,0.0
1000020,CURITA REDONDA KIDS POR UNIDAD,1000.0,10,URGENCIAS(2),1000020,0.0,29.0
1000020,CURITA REDONDA KIDS POR UNIDAD,1000.0,10,INTERNADO(3),1000020,0.0,0.0
1000020,CURITA REDONDA KIDS POR UNIDAD,1000.0,10,QUIROFANO(4),1000020,0.0,0.0
1000020,CURITA REDONDA KIDS POR UNIDAD,1000.0,10,ADMINISTRACION,1000020,0.0,0.0
1000020,CURITA REDONDA KIDS POR UNIDAD,1000.0,10,CARRO DE PARO,1000020,0.0,0.0
100005,SERVICIO DE LABORATORIO,0.0,10,INTERNADO(3),100005,0.0,0.0
100005,SERVICIO DE LABORATORIO,0.0,10,QUIROFANO(4),100005,0.0,0.0
100005,SERVICIO DE LABORATORIO,0.0,10,ADMINISTRACION,100005,0.0,0.0
100006,CONSULTA GINECOLOGICA,0.0,10,URGENCIAS(2),100006,0.0,0.0
100006,CONSULTA GINECOLOGICA,0.0,10,INTERNADO(3),100006,0.0,0.0
100006,CONSULTA GINECOLOGICA,0.0,10,QUIROFANO(4),100006,0.0,0.0
100006,CONSULTA GINECOLOGICA,0.0,10,ADMINISTRACION,100006,0.0,0.0
100007,SERVICIO DE ENFERMERIA POR TRASLADO,0.0,10,FARMACIA INTERNA(1),100007,0.0,0.0
100007,SERVICIO DE ENFERMERIA POR TRASLADO,0.0,10,INTERNADO(3),100007,0.0,0.0
100007,SERVICIO DE ENFERMERIA POR TRASLADO,0.0,10,ADMINISTRACION,100007,0.0,0.0
100008,MEDICAMENTOS CORRESPONDIENTE,0.0,5,FARMACIA INTERNA(1),100008,0.0,0.0
100008,MEDICAMENTOS CORRESPONDIENTE,0.0,5,URGENCIAS(2),100008,0.0,0.0
100008,MEDICAMENTOS CORRESPONDIENTE,0.0,5,INTERNADO(3),100008,0.0,0.0
100008,MEDICAMENTOS CORRESPONDIENTE,0.0,5,QUIROFANO(4),100008,0.0,0.0
100008,MEDICAMENTOS CORRESPONDIENTE,0.0,5,ADMINISTRACION,100008,0.0,0.0
100008,MEDICAMENTOS CORRESPONDIENTE,0.0,5,CARRO DE PARO,100008,0.0,0.0
100009,DESCARTABLES CORRESPONDIENTE,3645490.0,10,FARMACIA INTERNA(1),100009,0.0,0.0
100009,DESCARTABLES CORRESPONDIENTE,3645490.0,10,URGENCIAS(2),100009,0.0,0.0
100009,DESCARTABLES CORRESPONDIENTE,3645490.0,10,INTERNADO(3),100009,0.0,0.0
100009,DESCARTABLES CORRESPONDIENTE,3645490.0,10,QUIROFANO(4),100009,0.0,0.0
100009,DESCARTABLES CORRESPONDIENTE,3645490.0,10,ADMINISTRACION,100009,0.0,0.0
100009,DESCARTABLES CORRESPONDIENTE,3645490.0,10,CARRO DE PARO,100009,0.0,0.0
100010,SERVICIOS SANATORIAL,1375000.0,10,INTERNADO(3),100010,0.0,0.0
100010,SERVICIOS SANATORIAL,1375000.0,10,QUIROFANO(4),100010,0.0,0.0
100010,SERVICIOS SANATORIAL,1375000.0,10,ADMINISTRACION,100010,0.0,0.0
100010,SERVICIOS SANATORIAL,1375000.0,10,CARRO DE PARO,100010,0.0,0.0
100011,ELECTROCARDIOGRAMA,0.0,10,INTERNADO(3),100011,0.0,0.0
100011,ELECTROCARDIOGRAMA,0.0,10,QUIROFANO(4),100011,0.0,0.0
100011,ELECTROCARDIOGRAMA,0.0,10,ADMINISTRACION,100011,0.0,0.0
100012,SERVICIOS MEDICOS,0.0,10,FARMACIA INTERNA(1),100012,0.0,0.0
100012,SERVICIOS MEDICOS,0.0,10,INTERNADO(3),100012,0.0,0.0
100012,SERVICIOS MEDICOS,0.0,10,QUIROFANO(4),100012,0.0,0.0
100012,SERVICIOS MEDICOS,0.0,10,ADMINISTRACION,100012,0.0,0.0
100012,SERVICIOS MEDICOS,0.0,10,CARRO DE PARO,100012,0.0,0.0
100013,RADIOGRAFIA,0.0,10,FARMACIA INTERNA(1),100013,0.0,0.0
100013,RADIOGRAFIA,0.0,10,INTERNADO(3),100013,0.0,0.0
100013,RADIOGRAFIA,0.0,10,ADMINISTRACION,100013,0.0,0.0
100014,SERVICIOS DE CURACION,0.0,10,ADMINISTRACION,100014,0.0,0.0
100015,SERVICIOS DE SUTURA,0.0,10,FARMACIA INTERNA(1),100015,0.0,0.0
100015,SERVICIOS DE SUTURA,0.0,10,URGENCIAS(2),100015,0.0,0.0
100015,SERVICIOS DE SUTURA,0.0,10,INTERNADO(3),100015,0.0,0.0
100015,SERVICIOS DE SUTURA,0.0,10,QUIROFANO(4),100015,0.0,0.0
100015,SERVICIOS DE SUTURA,0.0,10,ADMINISTRACION,100015,0.0,0.0
100015,SERVICIOS DE SUTURA,0.0,10,CARRO DE PARO,100015,0.0,0.0
100016,SERVICIO DE ESTADIA DIARIA,0.0,10,URGENCIAS(2),100016,0.0,0.0
100016,SERVICIO DE ESTADIA DIARIA,0.0,10,INTERNADO(3),100016,0.0,0.0
100016,SERVICIO DE ESTADIA DIARIA,0.0,10,ADMINISTRACION,100016,0.0,0.0
100017,SERVICIO DE ENFERMERIA NOTURNA,0.0,10,URGENCIAS(2),100017,0.0,0.0
100017,SERVICIO DE ENFERMERIA NOTURNA,0.0,10,INTERNADO(3),100017,0.0,0.0
100017,SERVICIO DE ENFERMERIA NOTURNA,0.0,10,QUIROFANO(4),100017,0.0,0.0
100017,SERVICIO DE ENFERMERIA NOTURNA,0.0,10,ADMINISTRACION,100017,0.0,0.0
100018,SERVICIO DE URGENCIA,0.0,10,URGENCIAS(2),100018,0.0,0.0
100018,SERVICIO DE URGENCIA,0.0,10,INTERNADO(3),100018,0.0,0.0
100018,SERVICIO DE URGENCIA,0.0,10,QUIROFANO(4),100018,0.0,0.0
100018,SERVICIO DE URGENCIA,0.0,10,ADMINISTRACION,100018,0.0,0.0
100019,SERV. PAPANICOLAU,0.0,10,URGENCIAS(2),100019,0.0,0.0
100019,SERV. PAPANICOLAU,0.0,10,INTERNADO(3),100019,0.0,0.0
100019,SERV. PAPANICOLAU,0.0,10,QUIROFANO(4),100019,0.0,0.0
100019,SERV. PAPANICOLAU,0.0,10,ADMINISTRACION,100019,0.0,0.0
100020,SERVICIO DE RAYO X,0.0,10,ADMINISTRACION,100020,0.0,0.0
100021,SERV. COLPOSCOPIA,250000.0,10,URGENCIAS(2),100021,0.0,0.0
100021,SERV. COLPOSCOPIA,250000.0,10,INTERNADO(3),100021,0.0,0.0
100021,SERV. COLPOSCOPIA,250000.0,10,QUIROFANO(4),100021,0.0,0.0
100021,SERV. COLPOSCOPIA,250000.0,10,ADMINISTRACION,100021,0.0,0.0
100022,SERV. SALA DE URGENCIA HASTA 03 HORAS,150000.0,10,FARMACIA INTERNA(1),100022,0.0,0.0
100022,SERV. SALA DE URGENCIA HASTA 03 HORAS,150000.0,10,INTERNADO(3),100022,0.0,0.0
100022,SERV. SALA DE URGENCIA HASTA 03 HORAS,150000.0,10,ADMINISTRACION,100022,0.0,0.0
100023,SERV. APLICACION ENDOVENOSO,40000.0,10,INTERNADO(3),100023,0.0,0.0
100023,SERV. APLICACION ENDOVENOSO,40000.0,10,QUIROFANO(4),100023,0.0,0.0
100024,SERV. ELECTROCARDIOGRAMA,200000.0,10,QUIROFANO(4),100024,0.0,0.0
100024,SERV. ELECTROCARDIOGRAMA,200000.0,10,ADMINISTRACION,100024,0.0,0.0
100025,ECOCARDIOGRAMA,450000.0,10,FARMACIA INTERNA(1),100025,0.0,0.0
100025,ECOCARDIOGRAMA,450000.0,10,URGENCIAS(2),100025,0.0,0.0
100025,ECOCARDIOGRAMA,450000.0,10,INTERNADO(3),100025,0.0,0.0
100025,ECOCARDIOGRAMA,450000.0,10,ADMINISTRACION,100025,0.0,0.0
100026,SERV. DE TV ROMPIDA,250000.0,10,URGENCIAS(2),100026,0.0,0.0
100026,SERV. DE TV ROMPIDA,250000.0,10,INTERNADO(3),100026,0.0,0.0
100026,SERV. DE TV ROMPIDA,250000.0,10,QUIROFANO(4),100026,0.0,0.0
100026,SERV. DE TV ROMPIDA,250000.0,10,ADMINISTRACION,100026,0.0,0.0
100027,SERV. SALA CONVENCIONAL,590000.0,10,INTERNADO(3),100027,0.0,0.0
100027,SERV. SALA CONVENCIONAL,590000.0,10,ADMINISTRACION,100027,0.0,0.0
100028,SERV. MEDIA DIARIA SALA CONVENCIONAL,295000.0,10,URGENCIAS(2),100028,0.0,0.0
100028,SERV. MEDIA DIARIA SALA CONVENCIONAL,295000.0,10,INTERNADO(3),100028,0.0,0.0
100028,SERV. MEDIA DIARIA SALA CONVENCIONAL,295000.0,10,ADMINISTRACION,100028,0.0,0.0
100029,SERV. DIARIA SALA EJECUTIVA,730000.0,10,URGENCIAS(2),100029,0.0,0.0
100029,SERV. DIARIA SALA EJECUTIVA,730000.0,10,INTERNADO(3),100029,0.0,0.0
100029,SERV. DIARIA SALA EJECUTIVA,730000.0,10,QUIROFANO(4),100029,0.0,0.0
100029,SERV. DIARIA SALA EJECUTIVA,730000.0,10,ADMINISTRACION,100029,0.0,0.0
100030,SERV. MEDIA DIARIA SALA EJECUTIVA,365000.0,10,URGENCIAS(2),100030,0.0,0.0
100030,SERV. MEDIA DIARIA SALA EJECUTIVA,365000.0,10,INTERNADO(3),100030,0.0,0.0
100030,SERV. MEDIA DIARIA SALA EJECUTIVA,365000.0,10,QUIROFANO(4),100030,0.0,0.0
100030,SERV. MEDIA DIARIA SALA EJECUTIVA,365000.0,10,ADMINISTRACION,100030,0.0,0.0
100031,SERV. DIARIA SALA VIP,850000.0,10,FARMACIA INTERNA(1),100031,0.0,0.0
100031,SERV. DIARIA SALA VIP,850000.0,10,URGENCIAS(2),100031,0.0,0.0
100031,SERV. DIARIA SALA VIP,850000.0,10,INTERNADO(3),100031,0.0,0.0
100031,SERV. DIARIA SALA VIP,850000.0,10,ADMINISTRACION,100031,0.0,0.0
100032,SERV.,0.0,10,URGENCIAS(2),100032,0.0,0.0
100032,SERV.,0.0,10,INTERNADO(3),100032,0.0,0.0
100032,SERV.,0.0,10,QUIROFANO(4),100032,0.0,0.0
100032,SERV.,0.0,10,ADMINISTRACION,100032,0.0,0.0
100033,SERV. MEDIA DIARIA SALA VIP,425000.0,10,URGENCIAS(2),100033,0.0,0.0
100033,SERV. MEDIA DIARIA SALA VIP,425000.0,10,INTERNADO(3),100033,0.0,0.0
100033,SERV. MEDIA DIARIA SALA VIP,425000.0,10,QUIROFANO(4),100033,0.0,0.0
100033,SERV. MEDIA DIARIA SALA VIP,425000.0,10,ADMINISTRACION,100033,0.0,0.0
100034,SERV. DIARIA CON LUMINOTERAPIA EN SALA NORMAL,950000.0,10,URGENCIAS(2),100034,0.0,0.0
100034,SERV. DIARIA CON LUMINOTERAPIA EN SALA NORMAL,950000.0,10,INTERNADO(3),100034,0.0,0.0
100034,SERV. DIARIA CON LUMINOTERAPIA EN SALA NORMAL,950000.0,10,QUIROFANO(4),100034,0.0,0.0
100034,SERV. DIARIA CON LUMINOTERAPIA EN SALA NORMAL,950000.0,10,ADMINISTRACION,100034,0.0,0.0
100035,SERV. ATENCION RN SALA,190000.0,10,URGENCIAS(2),100035,0.0,0.0
100035,SERV. ATENCION RN SALA,190000.0,10,INTERNADO(3),100035,0.0,0.0
100035,SERV. ATENCION RN SALA,190000.0,10,QUIROFANO(4),100035,0.0,0.0
100035,SERV. ATENCION RN SALA,190000.0,10,ADMINISTRACION,100035,0.0,0.0
100036,SERV. DERECHO DE SALAS CIRUJIA MAYOR,750000.0,10,URGENCIAS(2),100036,0.0,0.0
100036,SERV. DERECHO DE SALAS CIRUJIA MAYOR,750000.0,10,INTERNADO(3),100036,0.0,0.0
100036,SERV. DERECHO DE SALAS CIRUJIA MAYOR,750000.0,10,QUIROFANO(4),100036,0.0,0.0
100036,SERV. DERECHO DE SALAS CIRUJIA MAYOR,750000.0,10,ADMINISTRACION,100036,0.0,0.0
100037,SERV. DERECHO DE SALAS CIRUJIA MEDIA,605000.0,10,URGENCIAS(2),100037,0.0,0.0
100037,SERV. DERECHO DE SALAS CIRUJIA MEDIA,605000.0,10,INTERNADO(3),100037,0.0,0.0
100037,SERV. DERECHO DE SALAS CIRUJIA MEDIA,605000.0,10,QUIROFANO(4),100037,0.0,0.0
100037,SERV. DERECHO DE SALAS CIRUJIA MEDIA,605000.0,10,ADMINISTRACION,100037,0.0,0.0
100038,SERV. DERECHO DE SALAS CIRUJIA MENOR,350000.0,10,INTERNADO(3),100038,0.0,0.0
100038,SERV. DERECHO DE SALAS CIRUJIA MENOR,350000.0,10,QUIROFANO(4),100038,0.0,0.0
100038,SERV. DERECHO DE SALAS CIRUJIA MENOR,350000.0,10,ADMINISTRACION,100038,0.0,0.0
100039,SERV. DIARIA EN NEONATAL,1815000.0,10,URGENCIAS(2),100039,0.0,0.0
100039,SERV. DIARIA EN NEONATAL,1815000.0,10,INTERNADO(3),100039,0.0,0.0
100039,SERV. DIARIA EN NEONATAL,1815000.0,10,QUIROFANO(4),100039,0.0,0.0
100039,SERV. DIARIA EN NEONATAL,1815000.0,10,ADMINISTRACION,100039,0.0,0.0
100040,SERV. ARANCEL POR INGRESO A NEONATAL,550000.0,10,URGENCIAS(2),100040,0.0,0.0
100040,SERV. ARANCEL POR INGRESO A NEONATAL,550000.0,10,INTERNADO(3),100040,0.0,0.0
100040,SERV. ARANCEL POR INGRESO A NEONATAL,550000.0,10,QUIROFANO(4),100040,0.0,0.0
100040,SERV. ARANCEL POR INGRESO A NEONATAL,550000.0,10,ADMINISTRACION,100040,0.0,0.0
100041,SERV. LUMINOTERAPIA,605000.0,10,URGENCIAS(2),100041,0.0,0.0
100041,SERV. LUMINOTERAPIA,605000.0,10,INTERNADO(3),100041,0.0,0.0
100041,SERV. LUMINOTERAPIA,605000.0,10,QUIROFANO(4),100041,0.0,0.0
100041,SERV. LUMINOTERAPIA,605000.0,10,ADMINISTRACION,100041,0.0,0.0
100042,SERV. ESTUDIO SEROLOGICO (GCR),385000.0,10,URGENCIAS(2),100042,0.0,0.0
100042,SERV. ESTUDIO SEROLOGICO (GCR),385000.0,10,INTERNADO(3),100042,0.0,0.0
100042,SERV. ESTUDIO SEROLOGICO (GCR),385000.0,10,QUIROFANO(4),100042,0.0,0.0
100042,SERV. ESTUDIO SEROLOGICO (GCR),385000.0,10,ADMINISTRACION,100042,0.0,0.0
100043,SERV. ESTUDIO SEROLOGICO ( PLASMA),245000.0,10,URGENCIAS(2),100043,0.0,0.0
100043,SERV. ESTUDIO SEROLOGICO ( PLASMA),245000.0,10,INTERNADO(3),100043,0.0,0.0
100043,SERV. ESTUDIO SEROLOGICO ( PLASMA),245000.0,10,QUIROFANO(4),100043,0.0,0.0
100043,SERV. ESTUDIO SEROLOGICO ( PLASMA),245000.0,10,ADMINISTRACION,100043,0.0,0.0
100044,SERV. SIN DONANTES,110000.0,10,URGENCIAS(2),100044,0.0,0.0
100044,SERV. SIN DONANTES,110000.0,10,INTERNADO(3),100044,0.0,0.0
100044,SERV. SIN DONANTES,110000.0,10,QUIROFANO(4),100044,0.0,0.0
100044,SERV. SIN DONANTES,110000.0,10,ADMINISTRACION,100044,0.0,0.0
100045,SERV. BOMBA DE INFUSION,55000.0,10,URGENCIAS(2),100045,0.0,0.0
100045,SERV. BOMBA DE INFUSION,55000.0,10,INTERNADO(3),100045,0.0,0.0
100045,SERV. BOMBA DE INFUSION,55000.0,10,QUIROFANO(4),100045,0.0,0.0
100045,SERV. BOMBA DE INFUSION,55000.0,10,ADMINISTRACION,100045,0.0,0.0
100046,SERV. ADMINISTRACION DE SURFACTANTE,275000.0,10,URGENCIAS(2),100046,0.0,0.0
100046,SERV. ADMINISTRACION DE SURFACTANTE,275000.0,10,INTERNADO(3),100046,0.0,0.0
100046,SERV. ADMINISTRACION DE SURFACTANTE,275000.0,10,QUIROFANO(4),100046,0.0,0.0
100046,SERV. ADMINISTRACION DE SURFACTANTE,275000.0,10,ADMINISTRACION,100046,0.0,0.0
100047,SERV. VIA VENOSA CENTRAL,0.0,10,URGENCIAS(2),100047,0.0,0.0
100047,SERV. VIA VENOSA CENTRAL,0.0,10,INTERNADO(3),100047,0.0,0.0
100047,SERV. VIA VENOSA CENTRAL,0.0,10,QUIROFANO(4),100047,0.0,0.0
100047,SERV. VIA VENOSA CENTRAL,0.0,10,ADMINISTRACION,100047,0.0,0.0
100048,SERV. SUTURA,605000.0,10,URGENCIAS(2),100048,0.0,0.0
100048,SERV. SUTURA,605000.0,10,INTERNADO(3),100048,0.0,0.0
100048,SERV. SUTURA,605000.0,10,QUIROFANO(4),100048,0.0,0.0
100048,SERV. SUTURA,605000.0,10,ADMINISTRACION,100048,0.0,0.0
100049,SERV. CATETER DE DIALISIS,825000.0,10,URGENCIAS(2),100049,0.0,0.0
100049,SERV. CATETER DE DIALISIS,825000.0,10,INTERNADO(3),100049,0.0,0.0
100049,SERV. CATETER DE DIALISIS,825000.0,10,QUIROFANO(4),100049,0.0,0.0
100049,SERV. CATETER DE DIALISIS,825000.0,10,ADMINISTRACION,100049,0.0,0.0
100050,SERV. LINEA ARTERIAL,825000.0,10,URGENCIAS(2),100050,0.0,0.0
100050,SERV. LINEA ARTERIAL,825000.0,10,INTERNADO(3),100050,0.0,0.0
100050,SERV. LINEA ARTERIAL,825000.0,10,QUIROFANO(4),100050,0.0,0.0
100050,SERV. LINEA ARTERIAL,825000.0,10,ADMINISTRACION,100050,0.0,0.0
100051,SERV. ADMINISTRACION DE ACTYLISE,495000.0,10,URGENCIAS(2),100051,0.0,0.0
100051,SERV. ADMINISTRACION DE ACTYLISE,495000.0,10,INTERNADO(3),100051,0.0,0.0
100051,SERV. ADMINISTRACION DE ACTYLISE,495000.0,10,QUIROFANO(4),100051,0.0,0.0
100051,SERV. ADMINISTRACION DE ACTYLISE,495000.0,10,ADMINISTRACION,100051,0.0,0.0
100052,SERV. ONFALOCLISIS VENOSA,605000.0,10,URGENCIAS(2),100052,0.0,0.0
100052,SERV. ONFALOCLISIS VENOSA,605000.0,10,INTERNADO(3),100052,0.0,0.0
100052,SERV. ONFALOCLISIS VENOSA,605000.0,10,QUIROFANO(4),100052,0.0,0.0
100052,SERV. ONFALOCLISIS VENOSA,605000.0,10,ADMINISTRACION,100052,0.0,0.0
100053,SERV. ONFALOCLISIS ARTERIAL,605000.0,10,URGENCIAS(2),100053,0.0,0.0
100053,SERV. ONFALOCLISIS ARTERIAL,605000.0,10,INTERNADO(3),100053,0.0,0.0
100053,SERV. ONFALOCLISIS ARTERIAL,605000.0,10,QUIROFANO(4),100053,0.0,0.0
100053,SERV. ONFALOCLISIS ARTERIAL,605000.0,10,ADMINISTRACION,100053,0.0,0.0
100054,SERV. TUBO DE DRENAJE PLEURAL,715000.0,10,URGENCIAS(2),100054,0.0,0.0
100054,SERV. TUBO DE DRENAJE PLEURAL,715000.0,10,INTERNADO(3),100054,0.0,0.0
100054,SERV. TUBO DE DRENAJE PLEURAL,715000.0,10,QUIROFANO(4),100054,0.0,0.0
100054,SERV. TUBO DE DRENAJE PLEURAL,715000.0,10,ADMINISTRACION,100054,0.0,0.0
100055,SERV. PUNCION LUMBAR,440000.0,10,URGENCIAS(2),100055,0.0,0.0
100055,SERV. PUNCION LUMBAR,440000.0,10,INTERNADO(3),100055,0.0,0.0
100055,SERV. PUNCION LUMBAR,440000.0,10,QUIROFANO(4),100055,0.0,0.0
100055,SERV. PUNCION LUMBAR,440000.0,10,ADMINISTRACION,100055,0.0,0.0
100056,SERV. PUNCION PLEURAL,550000.0,10,URGENCIAS(2),100056,0.0,0.0
100056,SERV. PUNCION PLEURAL,550000.0,10,INTERNADO(3),100056,0.0,0.0
100056,SERV. PUNCION PLEURAL,550000.0,10,QUIROFANO(4),100056,0.0,0.0
100056,SERV. PUNCION PLEURAL,550000.0,10,ADMINISTRACION,100056,0.0,0.0
100057,SERV. CONTROL DE HGT,15000.0,10,INTERNADO(3),100057,0.0,0.0
100057,SERV. CONTROL DE HGT,15000.0,10,QUIROFANO(4),100057,0.0,0.0
100057,SERV. CONTROL DE HGT,15000.0,10,ADMINISTRACION,100057,0.0,0.0
100058,SERV. PRUEBA DE SENSIBILIDAD A MEDICAMENTOS,70000.0,10,URGENCIAS(2),100058,0.0,0.0
100058,SERV. PRUEBA DE SENSIBILIDAD A MEDICAMENTOS,70000.0,10,INTERNADO(3),100058,0.0,0.0
100058,SERV. PRUEBA DE SENSIBILIDAD A MEDICAMENTOS,70000.0,10,QUIROFANO(4),100058,0.0,0.0
100058,SERV. PRUEBA DE SENSIBILIDAD A MEDICAMENTOS,70000.0,10,ADMINISTRACION,100058,0.0,0.0
100059,SERV. ENEMA EVACUADOR (INCLUYE MATERIALES),200000.0,10,INTERNADO(3),100059,0.0,0.0
100059,SERV. ENEMA EVACUADOR (INCLUYE MATERIALES),200000.0,10,QUIROFANO(4),100059,0.0,0.0
100059,SERV. ENEMA EVACUADOR (INCLUYE MATERIALES),200000.0,10,ADMINISTRACION,100059,0.0,0.0
100060,SERV. CURACION PLANA SENCILLA,50000.0,10,FARMACIA INTERNA(1),100060,0.0,0.0
100060,SERV. CURACION PLANA SENCILLA,50000.0,10,INTERNADO(3),100060,0.0,0.0
100060,SERV. CURACION PLANA SENCILLA,50000.0,10,ADMINISTRACION,100060,0.0,0.0
100061,SERV. KIT DE CURACION,45000.0,10,URGENCIAS(2),100061,0.0,0.0
100061,SERV. KIT DE CURACION,45000.0,10,INTERNADO(3),100061,0.0,0.0
100061,SERV. KIT DE CURACION,45000.0,10,QUIROFANO(4),100061,0.0,0.0
100061,SERV. KIT DE CURACION,45000.0,10,ADMINISTRACION,100061,0.0,0.0
100062,SERV. CURACION DE OMBLIGO DEL R.N.,30000.0,10,URGENCIAS(2),100062,0.0,0.0
100062,SERV. CURACION DE OMBLIGO DEL R.N.,30000.0,10,INTERNADO(3),100062,0.0,0.0
100062,SERV. CURACION DE OMBLIGO DEL R.N.,30000.0,10,QUIROFANO(4),100062,0.0,0.0
100062,SERV. CURACION DE OMBLIGO DEL R.N.,30000.0,10,ADMINISTRACION,100062,0.0,0.0
100063,SERV. APLICACION DE INYECCIONES I.M,30000.0,10,FARMACIA INTERNA(1),100063,0.0,0.0
100063,SERV. APLICACION DE INYECCIONES I.M,30000.0,10,INTERNADO(3),100063,0.0,0.0
100063,SERV. APLICACION DE INYECCIONES I.M,30000.0,10,ADMINISTRACION,100063,0.0,0.0
100064,SERV. NEBULIZACION POR SESION,15000.0,10,FARMACIA INTERNA(1),100064,0.0,0.0
100064,SERV. NEBULIZACION POR SESION,15000.0,10,INTERNADO(3),100064,0.0,0.0
100064,SERV. NEBULIZACION POR SESION,15000.0,10,ADMINISTRACION,100064,0.0,0.0
100065,SERV. TOMA DE PRESION,20000.0,10,URGENCIAS(2),100065,0.0,0.0
100065,SERV. TOMA DE PRESION,20000.0,10,INTERNADO(3),100065,0.0,0.0
100065,SERV. TOMA DE PRESION,20000.0,10,QUIROFANO(4),100065,0.0,0.0
100065,SERV. TOMA DE PRESION,20000.0,10,ADMINISTRACION,100065,0.0,0.0
100066,SERV. GASTOS ADMINISTRATIVOS,44000.0,10,INTERNADO(3),100066,0.0,0.0
100066,SERV. GASTOS ADMINISTRATIVOS,44000.0,10,ADMINISTRACION,100066,0.0,0.0
100067,SERV. COLOCACION DE DIU,400000.0,10,URGENCIAS(2),100067,0.0,0.0
100067,SERV. COLOCACION DE DIU,400000.0,10,INTERNADO(3),100067,0.0,0.0
100067,SERV. COLOCACION DE DIU,400000.0,10,QUIROFANO(4),100067,0.0,0.0
100067,SERV. COLOCACION DE DIU,400000.0,10,ADMINISTRACION,100067,0.0,0.0
100068,SERV. COLOCACION DE MIRENA,400000.0,10,URGENCIAS(2),100068,0.0,0.0
100068,SERV. COLOCACION DE MIRENA,400000.0,10,INTERNADO(3),100068,0.0,0.0
100068,SERV. COLOCACION DE MIRENA,400000.0,10,QUIROFANO(4),100068,0.0,0.0
100068,SERV. COLOCACION DE MIRENA,400000.0,10,ADMINISTRACION,100068,0.0,0.0
100069,SERV. TEST DE OREJITA,350000.0,10,URGENCIAS(2),100069,0.0,0.0
100069,SERV. TEST DE OREJITA,350000.0,10,INTERNADO(3),100069,0.0,0.0
100069,SERV. TEST DE OREJITA,350000.0,10,QUIROFANO(4),100069,0.0,0.0
100069,SERV. TEST DE OREJITA,350000.0,10,ADMINISTRACION,100069,0.0,0.0
100070,SERV. PAP + COLPOSCOPIA,450000.0,10,URGENCIAS(2),100070,0.0,0.0
100070,SERV. PAP + COLPOSCOPIA,450000.0,10,INTERNADO(3),100070,0.0,0.0
100070,SERV. PAP + COLPOSCOPIA,450000.0,10,QUIROFANO(4),100070,0.0,0.0
100070,SERV. PAP + COLPOSCOPIA,450000.0,10,ADMINISTRACION,100070,0.0,0.0
100071,SERV. CURACION COMPLEJA,0.0,10,URGENCIAS(2),100071,0.0,0.0
100071,SERV. CURACION COMPLEJA,0.0,10,INTERNADO(3),100071,0.0,0.0
100071,SERV. CURACION COMPLEJA,0.0,10,QUIROFANO(4),100071,0.0,0.0
100071,SERV. CURACION COMPLEJA,0.0,10,ADMINISTRACION,100071,0.0,0.0
100072,SERV. LAVADO GASTRICO,400000.0,10,URGENCIAS(2),100072,0.0,0.0
100072,SERV. LAVADO GASTRICO,400000.0,10,INTERNADO(3),100072,0.0,0.0
100072,SERV. LAVADO GASTRICO,400000.0,10,QUIROFANO(4),100072,0.0,0.0
100072,SERV. LAVADO GASTRICO,400000.0,10,ADMINISTRACION,100072,0.0,0.0
100073,SERV. TAPONAMIENTO NASAL ANTERIOR Y POSTERIOR,250000.0,10,URGENCIAS(2),100073,0.0,0.0
100073,SERV. TAPONAMIENTO NASAL ANTERIOR Y POSTERIOR,250000.0,10,INTERNADO(3),100073,0.0,0.0
100073,SERV. TAPONAMIENTO NASAL ANTERIOR Y POSTERIOR,250000.0,10,QUIROFANO(4),100073,0.0,0.0
100073,SERV. TAPONAMIENTO NASAL ANTERIOR Y POSTERIOR,250000.0,10,ADMINISTRACION,100073,0.0,0.0
100074,SERV. TAPONAMIENTO NASAL ANTERIOR,200000.0,10,URGENCIAS(2),100074,0.0,0.0
100074,SERV. TAPONAMIENTO NASAL ANTERIOR,200000.0,10,INTERNADO(3),100074,0.0,0.0
100074,SERV. TAPONAMIENTO NASAL ANTERIOR,200000.0,10,QUIROFANO(4),100074,0.0,0.0
100074,SERV. TAPONAMIENTO NASAL ANTERIOR,200000.0,10,ADMINISTRACION,100074,0.0,0.0
100075,SERV. COLOCACION DE ARO,150000.0,10,INTERNADO(3),100075,0.0,0.0
100075,SERV. COLOCACION DE ARO,150000.0,10,QUIROFANO(4),100075,0.0,0.0
100075,SERV. COLOCACION DE ARO,150000.0,10,ADMINISTRACION,100075,0.0,0.0
100076,SERV. COLOCACION DE ARO,150000.0,10,URGENCIAS(2),100076,0.0,0.0
100076,SERV. COLOCACION DE ARO,150000.0,10,INTERNADO(3),100076,0.0,0.0
100076,SERV. COLOCACION DE ARO,150000.0,10,QUIROFANO(4),100076,0.0,0.0
100076,SERV. COLOCACION DE ARO,150000.0,10,ADMINISTRACION,100076,0.0,0.0
100077,SERV. INSTALACION DE SONDA VESICAL,200000.0,10,INTERNADO(3),100077,0.0,0.0
100077,SERV. INSTALACION DE SONDA VESICAL,200000.0,10,QUIROFANO(4),100077,0.0,0.0
100077,SERV. INSTALACION DE SONDA VESICAL,200000.0,10,ADMINISTRACION,100077,0.0,0.0
100078,SERV. COLOCACION DE YESO,250000.0,10,INTERNADO(3),100078,0.0,0.0
100078,SERV. COLOCACION DE YESO,250000.0,10,QUIROFANO(4),100078,0.0,0.0
100078,SERV. COLOCACION DE YESO,250000.0,10,ADMINISTRACION,100078,0.0,0.0
100079,SERV. LAVADO DE OIDO BILATERAL,250000.0,10,URGENCIAS(2),100079,0.0,0.0
100079,SERV. LAVADO DE OIDO BILATERAL,250000.0,10,INTERNADO(3),100079,0.0,0.0
100079,SERV. LAVADO DE OIDO BILATERAL,250000.0,10,QUIROFANO(4),100079,0.0,0.0
100079,SERV. LAVADO DE OIDO BILATERAL,250000.0,10,ADMINISTRACION,100079,0.0,0.0
100080,SERV. ONISECTOMIA,300000.0,10,URGENCIAS(2),100080,0.0,0.0
100080,SERV. ONISECTOMIA,300000.0,10,INTERNADO(3),100080,0.0,0.0
100080,SERV. ONISECTOMIA,300000.0,10,QUIROFANO(4),100080,0.0,0.0
100080,SERV. ONISECTOMIA,300000.0,10,ADMINISTRACION,100080,0.0,0.0
100081,SERV. EXTRACCION DE CUERPO,250000.0,10,INTERNADO(3),100081,0.0,0.0
100081,SERV. EXTRACCION DE CUERPO,250000.0,10,QUIROFANO(4),100081,0.0,0.0
100081,SERV. EXTRACCION DE CUERPO,250000.0,10,ADMINISTRACION,100081,0.0,0.0
100082,SERV. DRENAJES,250000.0,10,INTERNADO(3),100082,0.0,0.0
100082,SERV. DRENAJES,250000.0,10,QUIROFANO(4),100082,0.0,0.0
100082,SERV. DRENAJES,250000.0,10,ADMINISTRACION,100082,0.0,0.0
100083,SERV. SUTURA MAS DE 10 PUNTO (POR PUNTO),50000.0,10,URGENCIAS(2),100083,0.0,0.0
100083,SERV. SUTURA MAS DE 10 PUNTO (POR PUNTO),50000.0,10,INTERNADO(3),100083,0.0,0.0
100083,SERV. SUTURA MAS DE 10 PUNTO (POR PUNTO),50000.0,10,QUIROFANO(4),100083,0.0,0.0
100083,SERV. SUTURA MAS DE 10 PUNTO (POR PUNTO),50000.0,10,ADMINISTRACION,100083,0.0,0.0
100084,SERV. SUTURA DE 6 A 10 PUNTOS,300000.0,10,INTERNADO(3),100084,0.0,0.0
100084,SERV. SUTURA DE 6 A 10 PUNTOS,300000.0,10,QUIROFANO(4),100084,0.0,0.0
100084,SERV. SUTURA DE 6 A 10 PUNTOS,300000.0,10,ADMINISTRACION,100084,0.0,0.0
100085,SERV. SUTURA HASTA 5 PUNTOS,200000.0,10,INTERNADO(3),100085,0.0,0.0
100085,SERV. SUTURA HASTA 5 PUNTOS,200000.0,10,QUIROFANO(4),100085,0.0,0.0
100085,SERV. SUTURA HASTA 5 PUNTOS,200000.0,10,ADMINISTRACION,100085,0.0,0.0
100086,CHEQUEO ADMISIONAL,0.0,10,FARMACIA INTERNA(1),100086,0.0,0.0
100086,CHEQUEO ADMISIONAL,0.0,10,URGENCIAS(2),100086,0.0,0.0
100086,CHEQUEO ADMISIONAL,0.0,10,INTERNADO(3),100086,0.0,0.0
100086,CHEQUEO ADMISIONAL,0.0,10,QUIROFANO(4),100086,0.0,0.0
100086,CHEQUEO ADMISIONAL,0.0,10,ADMINISTRACION,100086,0.0,0.0
100086,CHEQUEO ADMISIONAL,0.0,10,CARRO DE PARO,100086,0.0,0.0
100087,VISTA Y OIDO,0.0,10,FARMACIA INTERNA(1),100087,0.0,0.0
100087,VISTA Y OIDO,0.0,10,URGENCIAS(2),100087,0.0,0.0
100087,VISTA Y OIDO,0.0,10,INTERNADO(3),100087,0.0,0.0
100087,VISTA Y OIDO,0.0,10,QUIROFANO(4),100087,0.0,0.0
100087,VISTA Y OIDO,0.0,10,ADMINISTRACION,100087,0.0,0.0
100087,VISTA Y OIDO,0.0,10,CARRO DE PARO,100087,0.0,0.0
100088,NEBULIZACION X 1 CICLO,45000.0,5,INTERNADO(3),100088,0.0,0.0
100088,NEBULIZACION X 1 CICLO,45000.0,5,QUIROFANO(4),100088,0.0,0.0
100089,OXIGENO POR MEDIA HORA,35000.0,5,FARMACIA INTERNA(1),100089,0.0,0.0
100089,OXIGENO POR MEDIA HORA,35000.0,5,INTERNADO(3),100089,0.0,0.0
100089,OXIGENO POR MEDIA HORA,35000.0,5,QUIROFANO(4),100089,0.0,0.0
100089,OXIGENO POR MEDIA HORA,35000.0,5,ADMINISTRACION,100089,0.0,0.0
100089,OXIGENO POR MEDIA HORA,35000.0,5,CARRO DE PARO,100089,0.0,0.0
100090,DERECHO OPERATORIO CX MAYOR,0.0,10,INTERNADO(3),100090,0.0,0.0
100090,DERECHO OPERATORIO CX MAYOR,0.0,10,ADMINISTRACION,100090,0.0,0.0
100091,ATENCION AL RN,0.0,10,URGENCIAS(2),100091,0.0,0.0
100091,ATENCION AL RN,0.0,10,INTERNADO(3),100091,0.0,0.0
100091,ATENCION AL RN,0.0,10,QUIROFANO(4),100091,0.0,0.0
100091,ATENCION AL RN,0.0,10,ADMINISTRACION,100091,0.0,0.0
100092,LIBRETA DE VACUNACION,0.0,10,URGENCIAS(2),100092,0.0,0.0
100092,LIBRETA DE VACUNACION,0.0,10,INTERNADO(3),100092,0.0,0.0
100092,LIBRETA DE VACUNACION,0.0,10,QUIROFANO(4),100092,0.0,0.0
100092,LIBRETA DE VACUNACION,0.0,10,ADMINISTRACION,100092,0.0,0.0
100093,INTERNACION DIARIA - SALA VIP,0.0,10,URGENCIAS(2),100093,0.0,0.0
100093,INTERNACION DIARIA - SALA VIP,0.0,10,INTERNADO(3),100093,0.0,0.0
100093,INTERNACION DIARIA - SALA VIP,0.0,10,QUIROFANO(4),100093,0.0,0.0
100093,INTERNACION DIARIA - SALA VIP,0.0,10,ADMINISTRACION,100093,0.0,0.0
100093,INTERNACION DIARIA - SALA VIP,0.0,10,CARRO DE PARO,100093,0.0,0.0
100094,OXIGENO POR UNA HORA,70000.0,5,FARMACIA INTERNA(1),100094,0.0,0.0
100094,OXIGENO POR UNA HORA,70000.0,5,INTERNADO(3),100094,0.0,0.0
100094,OXIGENO POR UNA HORA,70000.0,5,QUIROFANO(4),100094,0.0,0.0
100094,OXIGENO POR UNA HORA,70000.0,5,ADMINISTRACION,100094,0.0,0.0
100094,OXIGENO POR UNA HORA,70000.0,5,CARRO DE PARO,100094,0.0,0.0
100095,SERVICIOS SANATORIAL CORRESPONDIENTE,0.0,10,FARMACIA INTERNA(1),100095,0.0,0.0
100095,SERVICIOS SANATORIAL CORRESPONDIENTE,0.0,10,URGENCIAS(2),100095,0.0,0.0
100095,SERVICIOS SANATORIAL CORRESPONDIENTE,0.0,10,INTERNADO(3),100095,0.0,0.0
100095,SERVICIOS SANATORIAL CORRESPONDIENTE,0.0,10,QUIROFANO(4),100095,0.0,0.0
100095,SERVICIOS SANATORIAL CORRESPONDIENTE,0.0,10,ADMINISTRACION,100095,0.0,0.0
100095,SERVICIOS SANATORIAL CORRESPONDIENTE,0.0,10,CARRO DE PARO,100095,0.0,0.0
100096,SERV.,0.0,10,FARMACIA INTERNA(1),100096,0.0,0.0
100096,SERV.,0.0,10,URGENCIAS(2),100096,0.0,0.0
100096,SERV.,0.0,10,INTERNADO(3),100096,0.0,0.0
100096,SERV.,0.0,10,QUIROFANO(4),100096,0.0,0.0
100096,SERV.,0.0,10,ADMINISTRACION,100096,0.0,0.0
100096,SERV.,0.0,10,CARRO DE PARO,100096,0.0,0.0
100097,SERVICIO DE ANATOMIA PATOLOGICA,0.0,10,FARMACIA INTERNA(1),100097,0.0,0.0
100097,SERVICIO DE ANATOMIA PATOLOGICA,0.0,10,URGENCIAS(2),100097,0.0,0.0
100097,SERVICIO DE ANATOMIA PATOLOGICA,0.0,10,INTERNADO(3),100097,0.0,0.0
100097,SERVICIO DE ANATOMIA PATOLOGICA,0.0,10,QUIROFANO(4),100097,0.0,0.0
100097,SERVICIO DE ANATOMIA PATOLOGICA,0.0,10,ADMINISTRACION,100097,0.0,0.0
100097,SERVICIO DE ANATOMIA PATOLOGICA,0.0,10,CARRO DE PARO,100097,0.0,0.0
100098,SERV. DE AMBULANCIA,1100000.0,10,FARMACIA INTERNA(1),100098,0.0,0.0
100098,SERV. DE AMBULANCIA,1100000.0,10,URGENCIAS(2),100098,0.0,0.0
100098,SERV. DE AMBULANCIA,1100000.0,10,INTERNADO(3),100098,0.0,0.0
100098,SERV. DE AMBULANCIA,1100000.0,10,QUIROFANO(4),100098,0.0,0.0
100098,SERV. DE AMBULANCIA,1100000.0,10,ADMINISTRACION,100098,0.0,0.0
100098,SERV. DE AMBULANCIA,1100000.0,10,CARRO DE PARO,100098,0.0,0.0
100099,CONSULTA CON FONOAUDIOLOGA,250000.0,10,URGENCIAS(2),100099,0.0,0.0
100099,CONSULTA CON FONOAUDIOLOGA,250000.0,10,INTERNADO(3),100099,0.0,0.0
100099,CONSULTA CON FONOAUDIOLOGA,250000.0,10,ADMINISTRACION,100099,0.0,0.0
100100,CONSULTA CON MASTOLOGA,0.0,10,URGENCIAS(2),100100,0.0,0.0
100100,CONSULTA CON MASTOLOGA,0.0,10,INTERNADO(3),100100,0.0,0.0
100100,CONSULTA CON MASTOLOGA,0.0,10,ADMINISTRACION,100100,0.0,0.0
100101,CONSULTA PEDIATRICA,200000.0,10,FARMACIA INTERNA(1),100101,0.0,0.0
100101,CONSULTA PEDIATRICA,200000.0,10,ADMINISTRACION,100101,0.0,0.0
100102,CONSULTA CON UROLOGIA,250000.0,10,URGENCIAS(2),100102,0.0,0.0
100102,CONSULTA CON UROLOGIA,250000.0,10,INTERNADO(3),100102,0.0,0.0
100102,CONSULTA CON UROLOGIA,250000.0,10,QUIROFANO(4),100102,0.0,0.0
100102,CONSULTA CON UROLOGIA,250000.0,10,ADMINISTRACION,100102,0.0,0.0
100103,CONSULTA CON DERMATOLOGIA,250000.0,10,FARMACIA INTERNA(1),100103,0.0,0.0
100103,CONSULTA CON DERMATOLOGIA,250000.0,10,URGENCIAS(2),100103,0.0,0.0
100103,CONSULTA CON DERMATOLOGIA,250000.0,10,INTERNADO(3),100103,0.0,0.0
100103,CONSULTA CON DERMATOLOGIA,250000.0,10,QUIROFANO(4),100103,0.0,0.0
100103,CONSULTA CON DERMATOLOGIA,250000.0,10,ADMINISTRACION,100103,0.0,0.0
100103,CONSULTA CON DERMATOLOGIA,250000.0,10,CARRO DE PARO,100103,0.0,0.0
100104,CONSULTA CON OFTALMOLOGO,350000.0,10,FARMACIA INTERNA(1),100104,0.0,0.0
100104,CONSULTA CON OFTALMOLOGO,350000.0,10,URGENCIAS(2),100104,0.0,0.0
100104,CONSULTA CON OFTALMOLOGO,350000.0,10,INTERNADO(3),100104,0.0,0.0
100104,CONSULTA CON OFTALMOLOGO,350000.0,10,QUIROFANO(4),100104,0.0,0.0
100104,CONSULTA CON OFTALMOLOGO,350000.0,10,ADMINISTRACION,100104,0.0,0.0
100104,CONSULTA CON OFTALMOLOGO,350000.0,10,CARRO DE PARO,100104,0.0,0.0
100105,CONSULTA CON ENDOCRINOLOGIA,250000.0,10,FARMACIA INTERNA(1),100105,0.0,0.0
100105,CONSULTA CON ENDOCRINOLOGIA,250000.0,10,URGENCIAS(2),100105,0.0,0.0
100105,CONSULTA CON ENDOCRINOLOGIA,250000.0,10,INTERNADO(3),100105,0.0,0.0
100105,CONSULTA CON ENDOCRINOLOGIA,250000.0,10,QUIROFANO(4),100105,0.0,0.0
100105,CONSULTA CON ENDOCRINOLOGIA,250000.0,10,ADMINISTRACION,100105,0.0,0.0
100105,CONSULTA CON ENDOCRINOLOGIA,250000.0,10,CARRO DE PARO,100105,0.0,0.0
100106,CONSULTA CON OTORRINOLARINGOLOGIA,250000.0,10,FARMACIA INTERNA(1),100106,0.0,0.0
100106,CONSULTA CON OTORRINOLARINGOLOGIA,250000.0,10,URGENCIAS(2),100106,0.0,0.0
100106,CONSULTA CON OTORRINOLARINGOLOGIA,250000.0,10,INTERNADO(3),100106,0.0,0.0
100106,CONSULTA CON OTORRINOLARINGOLOGIA,250000.0,10,QUIROFANO(4),100106,0.0,0.0
100106,CONSULTA CON OTORRINOLARINGOLOGIA,250000.0,10,ADMINISTRACION,100106,0.0,0.0
100106,CONSULTA CON OTORRINOLARINGOLOGIA,250000.0,10,CARRO DE PARO,100106,0.0,0.0
2000012,ACIFUSIN B CREMA X 15GR,0.0,5,URGENCIAS(2),7793742002144,0.0,0.0
2000012,ACIFUSIN B CREMA X 15GR,0.0,5,INTERNADO(3),7793742002144,0.0,0.0
2000012,ACIFUSIN B CREMA X 15GR,0.0,5,QUIROFANO(4),7793742002144,0.0,0.0
2000013,ACTERIL GTS 15ML,33000.0,5,URGENCIAS(2),7840653003453,0.0,0.0
2000013,ACTERIL GTS 15ML,33000.0,5,INTERNADO(3),7840653003453,0.0,0.0
2000013,ACTERIL GTS 15ML,33000.0,5,QUIROFANO(4),7840653003453,0.0,0.0
2000014,ACTERIL PLUS X 200 DOSIS,0.0,5,URGENCIAS(2),7840653007321,0.0,0.0
2000014,ACTERIL PLUS X 200 DOSIS,0.0,5,INTERNADO(3),7840653007321,0.0,0.0
2000014,ACTERIL PLUS X 200 DOSIS,0.0,5,QUIROFANO(4),7840653007321,0.0,0.0
2000015,ACTICILINE 1.200.000 U.I. AMP INY (PENICILINA G),31830.0,5,URGENCIAS(2),7840199018348,0.0,4.0
2000015,ACTICILINE 1.200.000 U.I. AMP INY (PENICILINA G),31830.0,5,INTERNADO(3),7840199018348,0.0,0.0
2000015,ACTICILINE 1.200.000 U.I. AMP INY (PENICILINA G),31830.0,5,QUIROFANO(4),7840199018348,0.0,0.0
2000016,ACTICILINE 2.400.000 U.I. AMP INY (PENICILINA G),52000.0,5,URGENCIAS(2),7840199009278,0.0,4.0
2000016,ACTICILINE 2.400.000 U.I. AMP INY (PENICILINA G),52000.0,5,INTERNADO(3),7840199009278,0.0,4.0
2000016,ACTICILINE 2.400.000 U.I. AMP INY (PENICILINA G),52000.0,5,QUIROFANO(4),7840199009278,0.0,0.0
2000017,ACTIZIM 500 MG X 10 COMP,0.0,5,URGENCIAS(2),7840199115900,0.0,0.0
2000017,ACTIZIM 500 MG X 10 COMP,0.0,5,INTERNADO(3),7840199115900,0.0,0.0
2000017,ACTIZIM 500 MG X 10 COMP,0.0,5,QUIROFANO(4),7840199115900,0.0,0.0
2000018,ACTOCEF 500MG X 10 COMP,0.0,5,URGENCIAS(2),7841134003016,0.0,0.0
2000018,ACTOCEF 500MG X 10 COMP,0.0,5,INTERNADO(3),7841134003016,0.0,0.0
2000018,ACTOCEF 500MG X 10 COMP,0.0,5,QUIROFANO(4),7841134003016,0.0,0.0
2000019,ACTRON 4% SUSP. 100 ML.IBUPROFENO,12000.0,5,URGENCIAS(2),7793640002093,0.0,0.0
2000019,ACTRON 4% SUSP. 100 ML.IBUPROFENO,12000.0,5,INTERNADO(3),7793640002093,0.0,0.0
2000019,ACTRON 4% SUSP. 100 ML.IBUPROFENO,12000.0,5,QUIROFANO(4),7793640002093,0.0,0.0
2000020,ACTRON 400MG X 10 CAPS,0.0,5,URGENCIAS(2),7793640215479,0.0,0.0
2000020,ACTRON 400MG X 10 CAPS,0.0,5,INTERNADO(3),7793640215479,0.0,0.0
2000020,ACTRON 400MG X 10 CAPS,0.0,5,QUIROFANO(4),7793640215479,0.0,0.0
2000021,ACTRON 600MG X 10 CAPS,0.0,5,URGENCIAS(2),7793640992516,0.0,0.0
2000021,ACTRON 600MG X 10 CAPS,0.0,5,INTERNADO(3),7793640992516,0.0,0.0
2000021,ACTRON 600MG X 10 CAPS,0.0,5,QUIROFANO(4),7793640992516,0.0,0.0
2000022,ACUAFIL SOL. OFTALMICA EST. 10ML,0.0,5,URGENCIAS(2),7841134007151,0.0,0.0
2000022,ACUAFIL SOL. OFTALMICA EST. 10ML,0.0,5,INTERNADO(3),7841134007151,0.0,0.0
2000022,ACUAFIL SOL. OFTALMICA EST. 10ML,0.0,5,QUIROFANO(4),7841134007151,0.0,0.0
2000023,ACUASOL X 15 AMP. BEBIBLE,0.0,5,URGENCIAS(2),7841134003245,0.0,0.0
2000023,ACUASOL X 15 AMP. BEBIBLE,0.0,5,INTERNADO(3),7841134003245,0.0,0.0
2000023,ACUASOL X 15 AMP. BEBIBLE,0.0,5,QUIROFANO(4),7841134003245,0.0,0.0
2000024,ADENOSINA BIOL 3MG/2ML X 1 AMP,89525.0,5,URGENCIAS(2),7792796472729,0.0,0.0
2000024,ADENOSINA BIOL 3MG/2ML X 1 AMP,89525.0,5,INTERNADO(3),7792796472729,0.0,0.0
2000024,ADENOSINA BIOL 3MG/2ML X 1 AMP,89525.0,5,QUIROFANO(4),7792796472729,0.0,0.0
2000025,ADRENALINA 1MG X AMP 1ML (LASCA),5384.0,5,URGENCIAS(2),8400000000482,0.0,35.0
2000025,ADRENALINA 1MG X AMP 1ML (LASCA),5384.0,5,INTERNADO(3),8400000000482,0.0,0.0
2000025,ADRENALINA 1MG X AMP 1ML (LASCA),5384.0,5,QUIROFANO(4),8400000000482,0.0,0.0
2000026,AEROCARE X 30 CAPS DUR.P/ INHALAR,0.0,5,URGENCIAS(2),7841134018157,0.0,0.0
2000026,AEROCARE X 30 CAPS DUR.P/ INHALAR,0.0,5,INTERNADO(3),7841134018157,0.0,0.0
2000026,AEROCARE X 30 CAPS DUR.P/ INHALAR,0.0,5,QUIROFANO(4),7841134018157,0.0,0.0
2000027,AEROFAGIL 200MG X 40 COMP,0.0,5,URGENCIAS(2),7840213027486,0.0,0.0
2000027,AEROFAGIL 200MG X 40 COMP,0.0,5,INTERNADO(3),7840213027486,0.0,0.0
2000027,AEROFAGIL 200MG X 40 COMP,0.0,5,QUIROFANO(4),7840213027486,0.0,0.0
2000028,"AEROFAGIL AMP. BEBIBLE 7,5ML",0.0,5,URGENCIAS(2),7840213034804,0.0,0.0
2000028,"AEROFAGIL AMP. BEBIBLE 7,5ML",0.0,5,INTERNADO(3),7840213034804,0.0,0.0
2000028,"AEROFAGIL AMP. BEBIBLE 7,5ML",0.0,5,QUIROFANO(4),7840213034804,0.0,0.0
2000029,AEROFAGIL GTS X 15ML,0.0,5,URGENCIAS(2),7840213027493,0.0,0.0
2000029,AEROFAGIL GTS X 15ML,0.0,5,INTERNADO(3),7840213027493,0.0,0.0
2000029,AEROFAGIL GTS X 15ML,0.0,5,QUIROFANO(4),7840213027493,0.0,0.0
2000030,AEROSTAN SUSP NASAL 50MCG X 140 DOSIS,0.0,5,URGENCIAS(2),7800007802477,0.0,0.0
2000030,AEROSTAN SUSP NASAL 50MCG X 140 DOSIS,0.0,5,INTERNADO(3),7800007802477,0.0,0.0
2000030,AEROSTAN SUSP NASAL 50MCG X 140 DOSIS,0.0,5,QUIROFANO(4),7800007802477,0.0,0.0
2000031,"AINDA 1,5MG X 30 COMP (INDAPAMIDA)",0.0,5,URGENCIAS(2),7891317012120,0.0,0.0
2000031,"AINDA 1,5MG X 30 COMP (INDAPAMIDA)",0.0,5,INTERNADO(3),7891317012120,0.0,0.0
2000031,"AINDA 1,5MG X 30 COMP (INDAPAMIDA)",0.0,5,QUIROFANO(4),7891317012120,0.0,0.0
2000032,AKESIS BL 150MG X 10 COMP,0.0,5,URGENCIAS(2),7730969306136,0.0,0.0
2000032,AKESIS BL 150MG X 10 COMP,0.0,5,INTERNADO(3),7730969306136,0.0,0.0
2000032,AKESIS BL 150MG X 10 COMP,0.0,5,QUIROFANO(4),7730969306136,0.0,0.0
2000033,CEFTAZIDIMA 1GR LASCA INY X 1 FCO AMP,0.0,5,URGENCIAS(2),7840199086477,0.0,0.0
2000033,CEFTAZIDIMA 1GR LASCA INY X 1 FCO AMP,0.0,5,INTERNADO(3),7840199086477,0.0,0.0
2000033,CEFTAZIDIMA 1GR LASCA INY X 1 FCO AMP,0.0,5,QUIROFANO(4),7840199086477,0.0,0.0
2000034,ATROPINA SULFATO X 1MG/ML,4179.0,5,URGENCIAS(2),7840036104203,0.0,0.0
2000034,ATROPINA SULFATO X 1MG/ML,4179.0,5,INTERNADO(3),7840036104203,0.0,0.0
2000034,ATROPINA SULFATO X 1MG/ML,4179.0,5,QUIROFANO(4),7840036104203,0.0,0.0
2000035,ALBUMINA HUMANA 20% 50ML KEDRION,0.0,5,URGENCIAS(2),7841134010083,0.0,0.0
2000035,ALBUMINA HUMANA 20% 50ML KEDRION,0.0,5,INTERNADO(3),7841134010083,0.0,0.0
2000035,ALBUMINA HUMANA 20% 50ML KEDRION,0.0,5,QUIROFANO(4),7841134010083,0.0,0.0
2000036,ALDOPA 250MG X 30 COMP.,0.0,5,URGENCIAS(2),7840036006101,0.0,0.0
2000036,ALDOPA 250MG X 30 COMP.,0.0,5,INTERNADO(3),7840036006101,0.0,0.0
2000036,ALDOPA 250MG X 30 COMP.,0.0,5,QUIROFANO(4),7840036006101,0.0,0.0
2000037,ALDOPA 500MG X 30 COMP,0.0,5,URGENCIAS(2),7840036006118,0.0,0.0
2000037,ALDOPA 500MG X 30 COMP,0.0,5,INTERNADO(3),7840036006118,0.0,0.0
2000037,ALDOPA 500MG X 30 COMP,0.0,5,QUIROFANO(4),7840036006118,0.0,0.0
2000038,ALDOXOL 25 MG. X 50 COMP.ESPIRONOLACTONA,0.0,5,URGENCIAS(2),7841134000022,0.0,0.0
2000038,ALDOXOL 25 MG. X 50 COMP.ESPIRONOLACTONA,0.0,5,INTERNADO(3),7841134000022,0.0,0.0
2000038,ALDOXOL 25 MG. X 50 COMP.ESPIRONOLACTONA,0.0,5,QUIROFANO(4),7841134000022,0.0,0.0
2000039,ALERGINA X 12 COMP,0.0,5,URGENCIAS(2),7840653000704,0.0,0.0
2000039,ALERGINA X 12 COMP,0.0,5,INTERNADO(3),7840653000704,0.0,0.0
2000039,ALERGINA X 12 COMP,0.0,5,QUIROFANO(4),7840653000704,0.0,0.0
200004,HONORARIOS PROFESIONALES,2200000.0,10,FARMACIA INTERNA(1),200004,0.0,0.0
200004,HONORARIOS PROFESIONALES,2200000.0,10,INTERNADO(3),200004,0.0,0.0
200004,HONORARIOS PROFESIONALES,2200000.0,10,QUIROFANO(4),200004,0.0,0.0
200004,HONORARIOS PROFESIONALES,2200000.0,10,ADMINISTRACION,200004,0.0,0.0
2000040,ALERGIOL FORTE NF GTS OFTALMOL. X 5 ML,0.0,5,URGENCIAS(2),7841134006338,0.0,0.0
2000040,ALERGIOL FORTE NF GTS OFTALMOL. X 5 ML,0.0,5,INTERNADO(3),7841134006338,0.0,0.0
2000040,ALERGIOL FORTE NF GTS OFTALMOL. X 5 ML,0.0,5,QUIROFANO(4),7841134006338,0.0,0.0
2000041,ALEXIA FORTE X 10 COMP.FEXOFENADINA,0.0,5,URGENCIAS(2),7800060118782,0.0,0.0
2000041,ALEXIA FORTE X 10 COMP.FEXOFENADINA,0.0,5,INTERNADO(3),7800060118782,0.0,0.0
2000041,ALEXIA FORTE X 10 COMP.FEXOFENADINA,0.0,5,QUIROFANO(4),7800060118782,0.0,0.0
2000042,ALGILASCA (DIPIRONA 1G X 2ML),5721.0,5,URGENCIAS(2),7841134000046,0.0,2.0
2000042,ALGILASCA (DIPIRONA 1G X 2ML),5721.0,5,INTERNADO(3),7841134000046,0.0,0.0
2000042,ALGILASCA (DIPIRONA 1G X 2ML),5721.0,5,QUIROFANO(4),7841134000046,0.0,0.0
2000043,ALKA DIGEST GOTAS FCO 30 ML.DOMPERIDONA-SIMETICONA,0.0,5,URGENCIAS(2),7840213027578,0.0,0.0
2000043,ALKA DIGEST GOTAS FCO 30 ML.DOMPERIDONA-SIMETICONA,0.0,5,INTERNADO(3),7840213027578,0.0,0.0
2000043,ALKA DIGEST GOTAS FCO 30 ML.DOMPERIDONA-SIMETICONA,0.0,5,QUIROFANO(4),7840213027578,0.0,0.0
2000044,ALLEGRA 180MG X 10 COMP REC,0.0,5,URGENCIAS(2),7798389330131,0.0,0.0
2000044,ALLEGRA 180MG X 10 COMP REC,0.0,5,INTERNADO(3),7798389330131,0.0,0.0
2000044,ALLEGRA 180MG X 10 COMP REC,0.0,5,QUIROFANO(4),7798389330131,0.0,0.0
2000045,"ALPROSTADIL 0,5MG X 1 AMP",0.0,5,URGENCIAS(2),7840213259894,0.0,0.0
2000045,"ALPROSTADIL 0,5MG X 1 AMP",0.0,5,INTERNADO(3),7840213259894,0.0,0.0
2000045,"ALPROSTADIL 0,5MG X 1 AMP",0.0,5,QUIROFANO(4),7840213259894,0.0,0.0
2000046,ALTAZINC 5MG X 30ML GTS,0.0,5,URGENCIAS(2),7800060122383,0.0,0.0
2000046,ALTAZINC 5MG X 30ML GTS,0.0,5,INTERNADO(3),7800060122383,0.0,0.0
2000046,ALTAZINC 5MG X 30ML GTS,0.0,5,QUIROFANO(4),7800060122383,0.0,0.0
2000047,ALTERNA PEPTIDO SUSP ORAL X 1000ML,0.0,5,URGENCIAS(2),8710428013675,0.0,0.0
2000047,ALTERNA PEPTIDO SUSP ORAL X 1000ML,0.0,5,INTERNADO(3),8710428013675,0.0,0.0
2000047,ALTERNA PEPTIDO SUSP ORAL X 1000ML,0.0,5,QUIROFANO(4),8710428013675,0.0,0.0
2000048,AMBILAN BID FORTE 800/57MG JBE X 90ML,0.0,5,URGENCIAS(2),7800007782120,0.0,0.0
2000048,AMBILAN BID FORTE 800/57MG JBE X 90ML,0.0,5,INTERNADO(3),7800007782120,0.0,0.0
2000048,AMBILAN BID FORTE 800/57MG JBE X 90ML,0.0,5,QUIROFANO(4),7800007782120,0.0,0.0
2000049,AMOVAL 500 MG X 21 COMP.,0.0,5,URGENCIAS(2),7800060017245,0.0,0.0
2000049,AMOVAL 500 MG X 21 COMP.,0.0,5,INTERNADO(3),7800060017245,0.0,0.0
2000049,AMOVAL 500 MG X 21 COMP.,0.0,5,QUIROFANO(4),7800060017245,0.0,0.0
200005,PERFIL BIOFISICO FETAL,0.0,10,FARMACIA INTERNA(1),200005,0.0,0.0
200005,PERFIL BIOFISICO FETAL,0.0,10,URGENCIAS(2),200005,0.0,0.0
200005,PERFIL BIOFISICO FETAL,0.0,10,INTERNADO(3),200005,0.0,0.0
200005,PERFIL BIOFISICO FETAL,0.0,10,QUIROFANO(4),200005,0.0,0.0
200005,PERFIL BIOFISICO FETAL,0.0,10,ADMINISTRACION,200005,0.0,0.0
200005,PERFIL BIOFISICO FETAL,0.0,10,CARRO DE PARO,200005,0.0,0.0
2000050,AMOXIDAL PLUS C/12 X 14 COMP,0.0,5,URGENCIAS(2),7730698021614,0.0,0.0
2000050,AMOXIDAL PLUS C/12 X 14 COMP,0.0,5,INTERNADO(3),7730698021614,0.0,0.0
2000050,AMOXIDAL PLUS C/12 X 14 COMP,0.0,5,QUIROFANO(4),7730698021614,0.0,0.0
2000051,AMPLEX 10/160MG X 30 COMP,0.0,5,URGENCIAS(2),7800007788832,0.0,0.0
2000051,AMPLEX 10/160MG X 30 COMP,0.0,5,INTERNADO(3),7800007788832,0.0,0.0
2000051,AMPLEX 10/160MG X 30 COMP,0.0,5,QUIROFANO(4),7800007788832,0.0,0.0
2000052,AMPLEX 5/160 X 30 COMP,0.0,5,URGENCIAS(2),7800007788672,0.0,0.0
2000052,AMPLEX 5/160 X 30 COMP,0.0,5,INTERNADO(3),7800007788672,0.0,0.0
2000052,AMPLEX 5/160 X 30 COMP,0.0,5,QUIROFANO(4),7800007788672,0.0,0.0
2000053,AMPLIRON 10 MG X 30 COMP,0.0,5,URGENCIAS(2),7840775402486,0.0,0.0
2000053,AMPLIRON 10 MG X 30 COMP,0.0,5,INTERNADO(3),7840775402486,0.0,0.0
2000053,AMPLIRON 10 MG X 30 COMP,0.0,5,QUIROFANO(4),7840775402486,0.0,0.0
2000054,AMPLIRON 5MG X 30 COMP.,0.0,5,URGENCIAS(2),7840775402462,0.0,0.0
2000054,AMPLIRON 5MG X 30 COMP.,0.0,5,INTERNADO(3),7840775402462,0.0,0.0
2000054,AMPLIRON 5MG X 30 COMP.,0.0,5,QUIROFANO(4),7840775402462,0.0,0.0
2000055,ANACTIVAN GTS X 30ML (HALOPERIDOL),0.0,5,URGENCIAS(2),7840036105484,0.0,0.0
2000055,ANACTIVAN GTS X 30ML (HALOPERIDOL),0.0,5,INTERNADO(3),7840036105484,0.0,0.0
2000055,ANACTIVAN GTS X 30ML (HALOPERIDOL),0.0,5,QUIROFANO(4),7840036105484,0.0,0.0
2000056,ANACTIVAN INY X 1 AMP,0.0,5,URGENCIAS(2),8400000048644,0.0,0.0
2000056,ANACTIVAN INY X 1 AMP,0.0,5,INTERNADO(3),8400000048644,0.0,0.0
2000056,ANACTIVAN INY X 1 AMP,0.0,5,QUIROFANO(4),8400000048644,0.0,0.0
2000057,ANALER JBE X 100ML,0.0,5,URGENCIAS(2),7840036005234,0.0,0.0
2000057,ANALER JBE X 100ML,0.0,5,INTERNADO(3),7840036005234,0.0,0.0
2000057,ANALER JBE X 100ML,0.0,5,QUIROFANO(4),7840036005234,0.0,0.0
2000058,ANALER (CLORFENIRAMINA MALEATO) 10MG,8400.0,5,URGENCIAS(2),8400000002691,0.0,2.0
2000058,ANALER (CLORFENIRAMINA MALEATO) 10MG,8400.0,5,INTERNADO(3),8400000002691,0.0,0.0
2000058,ANALER (CLORFENIRAMINA MALEATO) 10MG,8400.0,5,QUIROFANO(4),8400000002691,0.0,0.0
2000059,ANGINODIL 5MG X 30 COMP REC (IVABRADINA),0.0,5,URGENCIAS(2),7840213252314,0.0,0.0
2000059,ANGINODIL 5MG X 30 COMP REC (IVABRADINA),0.0,5,INTERNADO(3),7840213252314,0.0,0.0
2000059,ANGINODIL 5MG X 30 COMP REC (IVABRADINA),0.0,5,QUIROFANO(4),7840213252314,0.0,0.0
200006,HONARIO MEDICO POR INTERNACION,0.0,10,FARMACIA INTERNA(1),200006,0.0,0.0
200006,HONARIO MEDICO POR INTERNACION,0.0,10,INTERNADO(3),200006,0.0,0.0
200006,HONARIO MEDICO POR INTERNACION,0.0,10,QUIROFANO(4),200006,0.0,0.0
200006,HONARIO MEDICO POR INTERNACION,0.0,10,ADMINISTRACION,200006,0.0,0.0
200006,HONARIO MEDICO POR INTERNACION,0.0,10,CARRO DE PARO,200006,0.0,0.0
2000060,ANGINOMEG SPRAY BUCAL X 30 ML,0.0,5,URGENCIAS(2),7840282037218,0.0,0.0
2000060,ANGINOMEG SPRAY BUCAL X 30 ML,0.0,5,INTERNADO(3),7840282037218,0.0,0.0
2000060,ANGINOMEG SPRAY BUCAL X 30 ML,0.0,5,QUIROFANO(4),7840282037218,0.0,0.0
2000061,ANGINOVAG SOL.AEROSOL 10 ML,0.0,5,URGENCIAS(2),8433042001346,0.0,0.0
2000061,ANGINOVAG SOL.AEROSOL 10 ML,0.0,5,INTERNADO(3),8433042001346,0.0,0.0
2000061,ANGINOVAG SOL.AEROSOL 10 ML,0.0,5,QUIROFANO(4),8433042001346,0.0,0.0
2000062,ANSEDAN 10MG X 30 COMP,0.0,5,URGENCIAS(2),7841106000845,0.0,0.0
2000062,ANSEDAN 10MG X 30 COMP,0.0,5,INTERNADO(3),7841106000845,0.0,0.0
2000062,ANSEDAN 10MG X 30 COMP,0.0,5,QUIROFANO(4),7841106000845,0.0,0.0
2000063,ANSEDAN 5 MG X 30 COMP,0.0,5,URGENCIAS(2),7841106000838,0.0,0.0
2000063,ANSEDAN 5 MG X 30 COMP,0.0,5,INTERNADO(3),7841106000838,0.0,0.0
2000063,ANSEDAN 5 MG X 30 COMP,0.0,5,QUIROFANO(4),7841106000838,0.0,0.0
2000064,ANTIAX SUSP 180 ML.MAGALDRATO-SIMETICONA,0.0,5,URGENCIAS(2),7800060014497,0.0,0.0
2000064,ANTIAX SUSP 180 ML.MAGALDRATO-SIMETICONA,0.0,5,INTERNADO(3),7800060014497,0.0,0.0
2000064,ANTIAX SUSP 180 ML.MAGALDRATO-SIMETICONA,0.0,5,QUIROFANO(4),7800060014497,0.0,0.0
2000065,APELSIN C VITAMINA C 1 GR TUBO X,20.0,0,5 URGENCIAS(2),7792219000027,0.0,0.0
2000065,APELSIN C VITAMINA C 1 GR TUBO X,20.0,0,5 INTERNADO(3),7792219000027,0.0,0.0
2000065,APELSIN C VITAMINA C 1 GR TUBO X,20.0,0,5 QUIROFANO(4),7792219000027,0.0,0.0
2000066,ARCOXIA 120MG X 7 COMP,0.0,5,URGENCIAS(2),7798376720044,0.0,0.0
2000066,ARCOXIA 120MG X 7 COMP,0.0,5,INTERNADO(3),7798376720044,0.0,0.0
2000066,ARCOXIA 120MG X 7 COMP,0.0,5,QUIROFANO(4),7798376720044,0.0,0.0
2000067,ARCOXIA 90MG X 14 COMP,0.0,5,URGENCIAS(2),7798376720037,0.0,0.0
2000067,ARCOXIA 90MG X 14 COMP,0.0,5,INTERNADO(3),7798376720037,0.0,0.0
2000067,ARCOXIA 90MG X 14 COMP,0.0,5,QUIROFANO(4),7798376720037,0.0,0.0
2000068,ARDILAN 10MG X 10COMP.,0.0,5,URGENCIAS(2),7840653006911,0.0,0.0
2000068,ARDILAN 10MG X 10COMP.,0.0,5,INTERNADO(3),7840653006911,0.0,0.0
2000068,ARDILAN 10MG X 10COMP.,0.0,5,QUIROFANO(4),7840653006911,0.0,0.0
2000069,ARDILAN 5MG X 30COMP.,0.0,5,URGENCIAS(2),7840653002166,0.0,0.0
2000069,ARDILAN 5MG X 30COMP.,0.0,5,INTERNADO(3),7840653002166,0.0,0.0
2000069,ARDILAN 5MG X 30COMP.,0.0,5,QUIROFANO(4),7840653002166,0.0,0.0
200007,HONORARIO POR VISITA MEDICA PEDIATRICA,0.0,10,INTERNADO(3),200007,0.0,0.0
200007,HONORARIO POR VISITA MEDICA PEDIATRICA,0.0,10,ADMINISTRACION,200007,0.0,0.0
2000070,ARGOCIAN 25MG AMP.HEXOPRENALINA,0.0,5,URGENCIAS(2),8400000003001,0.0,0.0
2000070,ARGOCIAN 25MG AMP.HEXOPRENALINA,0.0,5,INTERNADO(3),8400000003001,0.0,0.0
2000070,ARGOCIAN 25MG AMP.HEXOPRENALINA,0.0,5,QUIROFANO(4),8400000003001,0.0,0.0
2000071,ARLUY DUO X 30 CAPS,0.0,5,URGENCIAS(2),7841141004051,0.0,0.0
2000071,ARLUY DUO X 30 CAPS,0.0,5,INTERNADO(3),7841141004051,0.0,0.0
2000071,ARLUY DUO X 30 CAPS,0.0,5,QUIROFANO(4),7841141004051,0.0,0.0
2000072,ARTRO RED X 20 COMP,0.0,5,URGENCIAS(2),7848002840018,0.0,0.0
2000072,ARTRO RED X 20 COMP,0.0,5,INTERNADO(3),7848002840018,0.0,0.0
2000072,ARTRO RED X 20 COMP,0.0,5,QUIROFANO(4),7848002840018,0.0,0.0
2000073,ASERTIA 52MG X 1 DIU BHI,0.0,5,URGENCIAS(2),8904045310020,0.0,0.0
2000073,ASERTIA 52MG X 1 DIU BHI,0.0,5,INTERNADO(3),8904045310020,0.0,0.0
2000073,ASERTIA 52MG X 1 DIU BHI,0.0,5,QUIROFANO(4),8904045310020,0.0,0.0
2000074,ATENOCAR 25MG X 30 COMP,0.0,5,URGENCIAS(2),7840036007641,0.0,0.0
2000074,ATENOCAR 25MG X 30 COMP,0.0,5,INTERNADO(3),7840036007641,0.0,0.0
2000074,ATENOCAR 25MG X 30 COMP,0.0,5,QUIROFANO(4),7840036007641,0.0,0.0
2000075,ATENOCAR 50MG X 30 COMP,0.0,5,URGENCIAS(2),7840036006149,0.0,0.0
2000075,ATENOCAR 50MG X 30 COMP,0.0,5,INTERNADO(3),7840036006149,0.0,0.0
2000075,ATENOCAR 50MG X 30 COMP,0.0,5,QUIROFANO(4),7840036006149,0.0,0.0
2000076,ATLANSIL 200 MG X 30 COMP.,0.0,5,URGENCIAS(2),7862111350077,0.0,0.0
2000076,ATLANSIL 200 MG X 30 COMP.,0.0,5,INTERNADO(3),7862111350077,0.0,0.0
2000076,ATLANSIL 200 MG X 30 COMP.,0.0,5,QUIROFANO(4),7862111350077,0.0,0.0
2000077,ATROVENT HFA AEROSOL X 200 DOSIS,0.0,5,URGENCIAS(2),4048846001665,0.0,0.0
2000077,ATROVENT HFA AEROSOL X 200 DOSIS,0.0,5,INTERNADO(3),4048846001665,0.0,0.0
2000077,ATROVENT HFA AEROSOL X 200 DOSIS,0.0,5,QUIROFANO(4),4048846001665,0.0,0.0
2000078,AUXXIL 500MG X 10 COMP,0.0,5,URGENCIAS(2),7800007628633,0.0,0.0
2000078,AUXXIL 500MG X 10 COMP,0.0,5,INTERNADO(3),7800007628633,0.0,0.0
2000078,AUXXIL 500MG X 10 COMP,0.0,5,QUIROFANO(4),7800007628633,0.0,0.0
2000079,AUXXIL 750 MG X 10 COMP. REC.,0.0,5,URGENCIAS(2),7800007752994,0.0,0.0
2000079,AUXXIL 750 MG X 10 COMP. REC.,0.0,5,INTERNADO(3),7800007752994,0.0,0.0
2000079,AUXXIL 750 MG X 10 COMP. REC.,0.0,5,QUIROFANO(4),7800007752994,0.0,0.0
200008,HONORARIO MEDICO NOTURNO,200000.0,10,FARMACIA INTERNA(1),200008,0.0,0.0
200008,HONORARIO MEDICO NOTURNO,200000.0,10,URGENCIAS(2),200008,0.0,0.0
200008,HONORARIO MEDICO NOTURNO,200000.0,10,INTERNADO(3),200008,0.0,0.0
200008,HONORARIO MEDICO NOTURNO,200000.0,10,QUIROFANO(4),200008,0.0,0.0
200008,HONORARIO MEDICO NOTURNO,200000.0,10,ADMINISTRACION,200008,0.0,0.0
2000080,AZIDE X 2 CAPS,0.0,5,URGENCIAS(2),7840199115993,0.0,0.0
2000080,AZIDE X 2 CAPS,0.0,5,INTERNADO(3),7840199115993,0.0,0.0
2000080,AZIDE X 2 CAPS,0.0,5,QUIROFANO(4),7840199115993,0.0,0.0
2000081,AZIMUT 200 MG SUSP.50 ML,0.0,5,URGENCIAS(2),7840653004566,0.0,0.0
2000081,AZIMUT 200 MG SUSP.50 ML,0.0,5,INTERNADO(3),7840653004566,0.0,0.0
2000081,AZIMUT 200 MG SUSP.50 ML,0.0,5,QUIROFANO(4),7840653004566,0.0,0.0
2000082,AZIMUT 500MG X 6 COMP,0.0,5,URGENCIAS(2),7840653000711,0.0,0.0
2000082,AZIMUT 500MG X 6 COMP,0.0,5,INTERNADO(3),7840653000711,0.0,0.0
2000082,AZIMUT 500MG X 6 COMP,0.0,5,QUIROFANO(4),7840653000711,0.0,0.0
2000083,AZIMUT FORTE 400MG75ML SUSP X 30 ML,0.0,5,URGENCIAS(2),7840653008809,0.0,0.0
2000083,AZIMUT FORTE 400MG75ML SUSP X 30 ML,0.0,5,INTERNADO(3),7840653008809,0.0,0.0
2000083,AZIMUT FORTE 400MG75ML SUSP X 30 ML,0.0,5,QUIROFANO(4),7840653008809,0.0,0.0
2000084,AZITROPEN 200MG /5ML SUSPENSION,0.0,5,URGENCIAS(2),7841106002054,0.0,0.0
2000084,AZITROPEN 200MG /5ML SUSPENSION,0.0,5,INTERNADO(3),7841106002054,0.0,0.0
2000084,AZITROPEN 200MG /5ML SUSPENSION,0.0,5,QUIROFANO(4),7841106002054,0.0,0.0
2000085,BACTRIM 400/80MG/5ML X 1 AMP,0.0,5,URGENCIAS(2),8400000037549,0.0,0.0
2000085,BACTRIM 400/80MG/5ML X 1 AMP,0.0,5,INTERNADO(3),8400000037549,0.0,0.0
2000085,BACTRIM 400/80MG/5ML X 1 AMP,0.0,5,QUIROFANO(4),8400000037549,0.0,0.0
2000086,BACTRIM FORTE X 10 COMP.,0.0,5,URGENCIAS(2),7841106003105,0.0,0.0
2000086,BACTRIM FORTE X 10 COMP.,0.0,5,INTERNADO(3),7841106003105,0.0,0.0
2000086,BACTRIM FORTE X 10 COMP.,0.0,5,QUIROFANO(4),7841106003105,0.0,0.0
2000087,BAGOVIT A CREMA X 100GR,0.0,5,URGENCIAS(2),7790375260941,0.0,0.0
2000087,BAGOVIT A CREMA X 100GR,0.0,5,INTERNADO(3),7790375260941,0.0,0.0
2000087,BAGOVIT A CREMA X 100GR,0.0,5,QUIROFANO(4),7790375260941,0.0,0.0
2000088,BANES 200MG SUSP X 120ML,0.0,5,URGENCIAS(2),7840653004443,0.0,0.0
2000088,BANES 200MG SUSP X 120ML,0.0,5,INTERNADO(3),7840653004443,0.0,0.0
2000088,BANES 200MG SUSP X 120ML,0.0,5,QUIROFANO(4),7840653004443,0.0,0.0
2000089,BANES 400MG X 10 CAPS,0.0,5,URGENCIAS(2),7840653007147,0.0,0.0
2000089,BANES 400MG X 10 CAPS,0.0,5,INTERNADO(3),7840653007147,0.0,0.0
2000089,BANES 400MG X 10 CAPS,0.0,5,QUIROFANO(4),7840653007147,0.0,0.0
200009,HON. POR INTERNACION,350000.0,10,INTERNADO(3),200009,0.0,0.0
200009,HON. POR INTERNACION,350000.0,10,QUIROFANO(4),200009,0.0,0.0
200009,HON. POR INTERNACION,350000.0,10,ADMINISTRACION,200009,0.0,0.0
200009,HON. POR INTERNACION,350000.0,10,CARRO DE PARO,200009,0.0,0.0
2000090,BANES 600 MG X 10 CAPS,0.0,5,URGENCIAS(2),7840653007154,0.0,0.0
2000090,BANES 600 MG X 10 CAPS,0.0,5,INTERNADO(3),7840653007154,0.0,0.0
2000090,BANES 600 MG X 10 CAPS,0.0,5,QUIROFANO(4),7840653007154,0.0,0.0
2000091,BECANTOX JBE X 120 ML,0.0,5,URGENCIAS(2),7800060152373,0.0,0.0
2000091,BECANTOX JBE X 120 ML,0.0,5,INTERNADO(3),7800060152373,0.0,0.0
2000091,BECANTOX JBE X 120 ML,0.0,5,QUIROFANO(4),7800060152373,0.0,0.0
2000092,BERAFEN 75MG X 1 AMP (DICLOFENAC POTASICO),0.0,5,URGENCIAS(2),7840213256565,0.0,0.0
2000092,BERAFEN 75MG X 1 AMP (DICLOFENAC POTASICO),0.0,5,INTERNADO(3),7840213256565,0.0,0.0
2000092,BERAFEN 75MG X 1 AMP (DICLOFENAC POTASICO),0.0,5,QUIROFANO(4),7840213256565,0.0,0.0
2000093,BERAFEN GESIC X 20 COMP,0.0,5,URGENCIAS(2),7840213027851,0.0,0.0
2000093,BERAFEN GESIC X 20 COMP,0.0,5,INTERNADO(3),7840213027851,0.0,0.0
2000093,BERAFEN GESIC X 20 COMP,0.0,5,QUIROFANO(4),7840213027851,0.0,0.0
2000094,BERODUAL HFA AEROSOL,0.0,5,URGENCIAS(2),4048846001672,0.0,0.0
2000094,BERODUAL HFA AEROSOL,0.0,5,INTERNADO(3),4048846001672,0.0,0.0
2000094,BERODUAL HFA AEROSOL,0.0,5,QUIROFANO(4),4048846001672,0.0,0.0
2000095,BETACORTEN 500 (HIDROCORTISONA 500MG),55000.0,5,URGENCIAS(2),7840213258712,0.0,8.0
2000095,BETACORTEN 500 (HIDROCORTISONA 500MG),55000.0,5,INTERNADO(3),7840213258712,0.0,0.0
2000095,BETACORTEN 500 (HIDROCORTISONA 500MG),55000.0,5,QUIROFANO(4),7840213258712,0.0,0.0
2000096,BETADEX 2ML X 1 AMP,0.0,5,URGENCIAS(2),7841134007656,0.0,0.0
2000096,BETADEX 2ML X 1 AMP,0.0,5,INTERNADO(3),7841134007656,0.0,0.0
2000096,BETADEX 2ML X 1 AMP,0.0,5,QUIROFANO(4),7841134007656,0.0,0.0
2000097,BETASERC 16MG X 30 COMP (BETAHISTINA),0.0,5,URGENCIAS(2),7501033958441,0.0,0.0
2000097,BETASERC 16MG X 30 COMP (BETAHISTINA),0.0,5,INTERNADO(3),7501033958441,0.0,0.0
2000097,BETASERC 16MG X 30 COMP (BETAHISTINA),0.0,5,QUIROFANO(4),7501033958441,0.0,0.0
2000098,BETASERC 24MG X 30 COMP (BETAHISTINA),0.0,5,URGENCIAS(2),7501033958434,0.0,0.0
2000098,BETASERC 24MG X 30 COMP (BETAHISTINA),0.0,5,INTERNADO(3),7501033958434,0.0,0.0
2000098,BETASERC 24MG X 30 COMP (BETAHISTINA),0.0,5,QUIROFANO(4),7501033958434,0.0,0.0
2000099,BIASCOR (LABETALOL) 5MG/ML X 1 AMP. 10ML,33156.0,5,FARMACIA INTERNA(1),2000099,0.0,10.0
2000099,BIASCOR (LABETALOL) 5MG/ML X 1 AMP. 10ML,33156.0,5,URGENCIAS(2),2000099,0.0,6.0
2000099,BIASCOR (LABETALOL) 5MG/ML X 1 AMP. 10ML,33156.0,5,INTERNADO(3),2000099,0.0,0.0
2000099,BIASCOR (LABETALOL) 5MG/ML X 1 AMP. 10ML,33156.0,5,QUIROFANO(4),2000099,0.0,0.0
2000099,BIASCOR (LABETALOL) 5MG/ML X 1 AMP. 10ML,33156.0,5,ADMINISTRACION,2000099,0.0,0.0
2000099,BIASCOR (LABETALOL) 5MG/ML X 1 AMP. 10ML,33156.0,5,CARRO DE PARO,2000099,0.0,5.0
200010,HON. POR SUTURA,0.0,10,URGENCIAS(2),200010,0.0,0.0
200010,HON. POR SUTURA,0.0,10,INTERNADO(3),200010,0.0,0.0
200010,HON. POR SUTURA,0.0,10,QUIROFANO(4),200010,0.0,0.0
200010,HON. POR SUTURA,0.0,10,ADMINISTRACION,200010,0.0,0.0
2000100,DEMOTEK (AMOXIXILINA SULBACTAM) AMP 10ML,55000.0,5,URGENCIAS(2),7792796476055,0.0,0.0
2000100,DEMOTEK (AMOXIXILINA SULBACTAM) AMP 10ML,55000.0,5,INTERNADO(3),7792796476055,0.0,0.0
2000100,DEMOTEK (AMOXIXILINA SULBACTAM) AMP 10ML,55000.0,5,QUIROFANO(4),7792796476055,0.0,0.0
2000101,"BICARBONATO DE SODIO 8,4% 100ML",100000.0,5,URGENCIAS(2),7840213263228,0.0,1.0
2000101,"BICARBONATO DE SODIO 8,4% 100ML",100000.0,5,INTERNADO(3),7840213263228,0.0,0.0
2000101,"BICARBONATO DE SODIO 8,4% 100ML",100000.0,5,QUIROFANO(4),7840213263228,0.0,0.0
2000102,BICARBONATO DE SODIO POLVO 100 GR,0.0,5,URGENCIAS(2),7840036000215,0.0,0.0
2000102,BICARBONATO DE SODIO POLVO 100 GR,0.0,5,INTERNADO(3),7840036000215,0.0,0.0
2000102,BICARBONATO DE SODIO POLVO 100 GR,0.0,5,QUIROFANO(4),7840036000215,0.0,0.0
2000103,BILETAN FORTE 50 MG X 20 COMP,0.0,5,URGENCIAS(2),7792183487350,0.0,0.0
2000103,BILETAN FORTE 50 MG X 20 COMP,0.0,5,INTERNADO(3),7792183487350,0.0,0.0
2000103,BILETAN FORTE 50 MG X 20 COMP,0.0,5,QUIROFANO(4),7792183487350,0.0,0.0
2000104,BIOFER B12 FCO 250 ML,0.0,5,URGENCIAS(2),7840199073101,0.0,0.0
2000104,BIOFER B12 FCO 250 ML,0.0,5,INTERNADO(3),7840199073101,0.0,0.0
2000104,BIOFER B12 FCO 250 ML,0.0,5,QUIROFANO(4),7840199073101,0.0,0.0
2000105,BIOGAIA D GTS X 5ML,0.0,5,URGENCIAS(2),7350012554125,0.0,0.0
2000105,BIOGAIA D GTS X 5ML,0.0,5,INTERNADO(3),7350012554125,0.0,0.0
2000105,BIOGAIA D GTS X 5ML,0.0,5,QUIROFANO(4),7350012554125,0.0,0.0
2000106,BIOGAIA PROTECTIS GTS X 5ML,0.0,5,URGENCIAS(2),7350012552169,0.0,0.0
2000106,BIOGAIA PROTECTIS GTS X 5ML,0.0,5,INTERNADO(3),7350012552169,0.0,0.0
2000106,BIOGAIA PROTECTIS GTS X 5ML,0.0,5,QUIROFANO(4),7350012552169,0.0,0.0
2000107,7350012552169,0.0,5,URGENCIAS(2),7840315201036,0.0,0.0
2000107,7350012552169,0.0,5,INTERNADO(3),7840315201036,0.0,0.0
2000107,7350012552169,0.0,5,QUIROFANO(4),7840315201036,0.0,0.0
2000108,BIOGRAMON CALIENTE NOCHE X 1 SOBRE,0.0,5,URGENCIAS(2),7840315212124,0.0,0.0
2000108,BIOGRAMON CALIENTE NOCHE X 1 SOBRE,0.0,5,INTERNADO(3),7840315212124,0.0,0.0
2000108,BIOGRAMON CALIENTE NOCHE X 1 SOBRE,0.0,5,QUIROFANO(4),7840315212124,0.0,0.0
2000109,BIOGRAMON CALIENTE PLUS X 1 SOBRE,0.0,5,URGENCIAS(2),7840315224998,0.0,0.0
2000109,BIOGRAMON CALIENTE PLUS X 1 SOBRE,0.0,5,INTERNADO(3),7840315224998,0.0,0.0
2000109,BIOGRAMON CALIENTE PLUS X 1 SOBRE,0.0,5,QUIROFANO(4),7840315224998,0.0,0.0
200011,HON. RETIRO DE DIU,0.0,10,URGENCIAS(2),200011,0.0,0.0
200011,HON. RETIRO DE DIU,0.0,10,INTERNADO(3),200011,0.0,0.0
200011,HON. RETIRO DE DIU,0.0,10,QUIROFANO(4),200011,0.0,0.0
200011,HON. RETIRO DE DIU,0.0,10,ADMINISTRACION,200011,0.0,0.0
2000110,BIOKACIN 500MG AMP (AMIKACINA),43776.0,5,URGENCIAS(2),7840199073934,0.0,7.0
2000110,BIOKACIN 500MG AMP (AMIKACINA),43776.0,5,INTERNADO(3),7840199073934,0.0,0.0
2000110,BIOKACIN 500MG AMP (AMIKACINA),43776.0,5,QUIROFANO(4),7840199073934,0.0,0.0
2000111,"BLOX D 16/12,5 MG X 30 COMP.",0.0,5,URGENCIAS(2),7800060411920,0.0,0.0
2000111,"BLOX D 16/12,5 MG X 30 COMP.",0.0,5,INTERNADO(3),7800060411920,0.0,0.0
2000111,"BLOX D 16/12,5 MG X 30 COMP.",0.0,5,QUIROFANO(4),7800060411920,0.0,0.0
2000112,BLUEKING X 30 COMP. MAST.,0.0,5,URGENCIAS(2),7795356000691,0.0,0.0
2000112,BLUEKING X 30 COMP. MAST.,0.0,5,INTERNADO(3),7795356000691,0.0,0.0
2000112,BLUEKING X 30 COMP. MAST.,0.0,5,QUIROFANO(4),7795356000691,0.0,0.0
2000113,BROMURO DE PANCURONIO 4 MG X 2ML AMP,0.0,5,URGENCIAS(2),7840213260036,0.0,0.0
2000113,BROMURO DE PANCURONIO 4 MG X 2ML AMP,0.0,5,INTERNADO(3),7840213260036,0.0,0.0
2000113,BROMURO DE PANCURONIO 4 MG X 2ML AMP,0.0,5,QUIROFANO(4),7840213260036,0.0,0.0
2000114,BUCALEX MENTA X 10 CARAMELOS,0.0,5,URGENCIAS(2),7840274601793,0.0,0.0
2000114,BUCALEX MENTA X 10 CARAMELOS,0.0,5,INTERNADO(3),7840274601793,0.0,0.0
2000114,BUCALEX MENTA X 10 CARAMELOS,0.0,5,QUIROFANO(4),7840274601793,0.0,0.0
2000115,BUDECORT AEROSOL 200 DOSIS,0.0,5,URGENCIAS(2),7841134009292,0.0,0.0
2000115,BUDECORT AEROSOL 200 DOSIS,0.0,5,INTERNADO(3),7841134009292,0.0,0.0
2000115,BUDECORT AEROSOL 200 DOSIS,0.0,5,QUIROFANO(4),7841134009292,0.0,0.0
2000116,BUDECORT GTS P/ NEBULIZAR 15ML,40194.0,5,URGENCIAS(2),7841134005232,0.0,2.0
2000116,BUDECORT GTS P/ NEBULIZAR 15ML,40194.0,5,INTERNADO(3),7841134005232,0.0,0.0
2000116,BUDECORT GTS P/ NEBULIZAR 15ML,40194.0,5,QUIROFANO(4),7841134005232,0.0,0.0
2000117,BUENAS NOCHES 3MG X 30 COMP (MELATONINA),0.0,5,URGENCIAS(2),7840213260906,0.0,0.0
2000117,BUENAS NOCHES 3MG X 30 COMP (MELATONINA),0.0,5,INTERNADO(3),7840213260906,0.0,0.0
2000117,BUENAS NOCHES 3MG X 30 COMP (MELATONINA),0.0,5,QUIROFANO(4),7840213260906,0.0,0.0
2000118,CABERTRIX X 2 COMP,0.0,5,URGENCIAS(2),7730979090605,0.0,0.0
2000118,CABERTRIX X 2 COMP,0.0,5,INTERNADO(3),7730979090605,0.0,0.0
2000118,CABERTRIX X 2 COMP,0.0,5,QUIROFANO(4),7730979090605,0.0,0.0
2000119,CAM D X 30 CAPS,0.0,5,URGENCIAS(2),7800007765628,0.0,0.0
2000119,CAM D X 30 CAPS,0.0,5,INTERNADO(3),7800007765628,0.0,0.0
2000119,CAM D X 30 CAPS,0.0,5,QUIROFANO(4),7800007765628,0.0,0.0
200012,HON. POR URGENCIA,0.0,10,URGENCIAS(2),200012,0.0,0.0
200012,HON. POR URGENCIA,0.0,10,INTERNADO(3),200012,0.0,0.0
200012,HON. POR URGENCIA,0.0,10,QUIROFANO(4),200012,0.0,0.0
200012,HON. POR URGENCIA,0.0,10,ADMINISTRACION,200012,0.0,0.0
2000120,CAM D FORTE X 30 CAPS,0.0,5,URGENCIAS(2),7800007765703,0.0,0.0
2000120,CAM D FORTE X 30 CAPS,0.0,5,INTERNADO(3),7800007765703,0.0,0.0
2000120,CAM D FORTE X 30 CAPS,0.0,5,QUIROFANO(4),7800007765703,0.0,0.0
2000121,CAPRIMIDA D FORTE X 30 CAPS,0.0,5,URGENCIAS(2),7800026065105,0.0,0.0
2000121,CAPRIMIDA D FORTE X 30 CAPS,0.0,5,INTERNADO(3),7800026065105,0.0,0.0
2000121,CAPRIMIDA D FORTE X 30 CAPS,0.0,5,QUIROFANO(4),7800026065105,0.0,0.0
2000122,CAPRIMIDA D X 30 CAPS,0.0,5,URGENCIAS(2),7800026065099,0.0,0.0
2000122,CAPRIMIDA D X 30 CAPS,0.0,5,INTERNADO(3),7800026065099,0.0,0.0
2000122,CAPRIMIDA D X 30 CAPS,0.0,5,QUIROFANO(4),7800026065099,0.0,0.0
2000123,"CARDATEN 2,5MG X 1 FCO AMP 2ML",0.0,5,URGENCIAS(2),7840036006934,0.0,0.0
2000123,"CARDATEN 2,5MG X 1 FCO AMP 2ML",0.0,5,INTERNADO(3),7840036006934,0.0,0.0
2000123,"CARDATEN 2,5MG X 1 FCO AMP 2ML",0.0,5,QUIROFANO(4),7840036006934,0.0,0.0
2000124,"CARDICAP 6,25 MG X 30 COMP (CARVEDILOL)",0.0,5,URGENCIAS(2),7840199110189,0.0,0.0
2000124,"CARDICAP 6,25 MG X 30 COMP (CARVEDILOL)",0.0,5,INTERNADO(3),7840199110189,0.0,0.0
2000124,"CARDICAP 6,25 MG X 30 COMP (CARVEDILOL)",0.0,5,QUIROFANO(4),7840199110189,0.0,0.0
2000125,"CARDIODIL 12,5 MG X 30 COMP",0.0,5,URGENCIAS(2),7840213028070,0.0,0.0
2000125,"CARDIODIL 12,5 MG X 30 COMP",0.0,5,INTERNADO(3),7840213028070,0.0,0.0
2000125,"CARDIODIL 12,5 MG X 30 COMP",0.0,5,QUIROFANO(4),7840213028070,0.0,0.0
2000126,"CASSARA NEOTRETIN D 0,005% X 30G",0.0,5,URGENCIAS(2),7795373012929,0.0,0.0
2000126,"CASSARA NEOTRETIN D 0,005% X 30G",0.0,5,INTERNADO(3),7795373012929,0.0,0.0
2000126,"CASSARA NEOTRETIN D 0,005% X 30G",0.0,5,QUIROFANO(4),7795373012929,0.0,0.0
2000127,CBD FORTE CREMA X 50 GR (LASCA),0.0,5,URGENCIAS(2),7840199115429,0.0,0.0
2000127,CBD FORTE CREMA X 50 GR (LASCA),0.0,5,INTERNADO(3),7840199115429,0.0,0.0
2000127,CBD FORTE CREMA X 50 GR (LASCA),0.0,5,QUIROFANO(4),7840199115429,0.0,0.0
2000128,CECAN 1 GR X 12 COMP,0.0,5,URGENCIAS(2),7840653001572,0.0,0.0
2000128,CECAN 1 GR X 12 COMP,0.0,5,INTERNADO(3),7840653001572,0.0,0.0
2000128,CECAN 1 GR X 12 COMP,0.0,5,QUIROFANO(4),7840653001572,0.0,0.0
2000129,CECAN 500MG X 16 CAPSULAS,0.0,5,URGENCIAS(2),7840653007369,0.0,0.0
2000129,CECAN 500MG X 16 CAPSULAS,0.0,5,INTERNADO(3),7840653007369,0.0,0.0
2000129,CECAN 500MG X 16 CAPSULAS,0.0,5,QUIROFANO(4),7840653007369,0.0,0.0
200013,HONORARIO POR VISITA MEDICA ADULTO,0.0,10,FARMACIA INTERNA(1),200013,0.0,0.0
200013,HONORARIO POR VISITA MEDICA ADULTO,0.0,10,INTERNADO(3),200013,0.0,0.0
200013,HONORARIO POR VISITA MEDICA ADULTO,0.0,10,ADMINISTRACION,200013,0.0,0.0
2000130,CECAN (CEFAZOLINA 1G),53000.0,5,URGENCIAS(2),7840653004276,0.0,0.0
2000130,CECAN (CEFAZOLINA 1G),53000.0,5,INTERNADO(3),7840653004276,0.0,0.0
2000130,CECAN (CEFAZOLINA 1G),53000.0,5,QUIROFANO(4),7840653004276,0.0,0.0
2000131,CEFALEX FORTE X 20 COMP REC,0.0,5,URGENCIAS(2),7841141000671,0.0,0.0
2000131,CEFALEX FORTE X 20 COMP REC,0.0,5,INTERNADO(3),7841141000671,0.0,0.0
2000131,CEFALEX FORTE X 20 COMP REC,0.0,5,QUIROFANO(4),7841141000671,0.0,0.0
2000132,CEFASEPTIL 1GR X 14 COMP,0.0,5,URGENCIAS(2),7840199087627,0.0,0.0
2000132,CEFASEPTIL 1GR X 14 COMP,0.0,5,INTERNADO(3),7840199087627,0.0,0.0
2000132,CEFASEPTIL 1GR X 14 COMP,0.0,5,QUIROFANO(4),7840199087627,0.0,0.0
2000133,CEFASEPTIL 500 MG X 8 CAPS,0.0,5,URGENCIAS(2),7840199077093,0.0,0.0
2000133,CEFASEPTIL 500 MG X 8 CAPS,0.0,5,INTERNADO(3),7840199077093,0.0,0.0
2000133,CEFASEPTIL 500 MG X 8 CAPS,0.0,5,QUIROFANO(4),7840199077093,0.0,0.0
2000134,CEFIRAX 100MG/5ML SUSP X 75 ML,0.0,5,URGENCIAS(2),7800060118355,0.0,0.0
2000134,CEFIRAX 100MG/5ML SUSP X 75 ML,0.0,5,INTERNADO(3),7800060118355,0.0,0.0
2000134,CEFIRAX 100MG/5ML SUSP X 75 ML,0.0,5,QUIROFANO(4),7800060118355,0.0,0.0
2000135,CEFIRAX 200MG X 10 COMP,0.0,5,URGENCIAS(2),7800060118270,0.0,0.0
2000135,CEFIRAX 200MG X 10 COMP,0.0,5,INTERNADO(3),7800060118270,0.0,0.0
2000135,CEFIRAX 200MG X 10 COMP,0.0,5,QUIROFANO(4),7800060118270,0.0,0.0
2000136,CELEXIN (CEFAZOLINA G),53000.0,5,URGENCIAS(2),7840036005319,0.0,4.0
2000136,CELEXIN (CEFAZOLINA G),53000.0,5,INTERNADO(3),7840036005319,0.0,0.0
2000136,CELEXIN (CEFAZOLINA G),53000.0,5,QUIROFANO(4),7840036005319,0.0,0.0
2000137,CELEXIN 250 MG SUSP. FCO.100 ML,0.0,5,URGENCIAS(2),7840036005340,0.0,0.0
2000137,CELEXIN 250 MG SUSP. FCO.100 ML,0.0,5,INTERNADO(3),7840036005340,0.0,0.0
2000137,CELEXIN 250 MG SUSP. FCO.100 ML,0.0,5,QUIROFANO(4),7840036005340,0.0,0.0
2000138,CELEXIN 500MG X 16 CAPS,0.0,5,URGENCIAS(2),7840036005364,0.0,0.0
2000138,CELEXIN 500MG X 16 CAPS,0.0,5,INTERNADO(3),7840036005364,0.0,0.0
2000138,CELEXIN 500MG X 16 CAPS,0.0,5,QUIROFANO(4),7840036005364,0.0,0.0
2000139,CEREBROL 1000 X 30 COMP,0.0,5,URGENCIAS(2),7840213035740,0.0,0.0
2000139,CEREBROL 1000 X 30 COMP,0.0,5,INTERNADO(3),7840213035740,0.0,0.0
2000139,CEREBROL 1000 X 30 COMP,0.0,5,QUIROFANO(4),7840213035740,0.0,0.0
200014,HON.POR OBSERVACION 3 HORAS,100000.0,10,INTERNADO(3),200014,0.0,0.0
200014,HON.POR OBSERVACION 3 HORAS,100000.0,10,QUIROFANO(4),200014,0.0,0.0
200014,HON.POR OBSERVACION 3 HORAS,100000.0,10,ADMINISTRACION,200014,0.0,0.0
2000140,CERUM GOTAS OTICAS X 15ML,0.0,5,URGENCIAS(2),7848003000084,0.0,0.0
2000140,CERUM GOTAS OTICAS X 15ML,0.0,5,INTERNADO(3),7848003000084,0.0,0.0
2000140,CERUM GOTAS OTICAS X 15ML,0.0,5,QUIROFANO(4),7848003000084,0.0,0.0
2000141,CHELTIN FOLIC X 30 COMP,0.0,5,URGENCIAS(2),7730969303050,0.0,0.0
2000141,CHELTIN FOLIC X 30 COMP,0.0,5,INTERNADO(3),7730969303050,0.0,0.0
2000141,CHELTIN FOLIC X 30 COMP,0.0,5,QUIROFANO(4),7730969303050,0.0,0.0
2000142,CICLOFOSFAMIDA 1000 MG FCO AMP,0.0,5,URGENCIAS(2),7795367000864,0.0,0.0
2000142,CICLOFOSFAMIDA 1000 MG FCO AMP,0.0,5,INTERNADO(3),7795367000864,0.0,0.0
2000142,CICLOFOSFAMIDA 1000 MG FCO AMP,0.0,5,QUIROFANO(4),7795367000864,0.0,0.0
2000143,CILIL X 10 COMP,0.0,5,URGENCIAS(2),7840199000671,0.0,0.0
2000143,CILIL X 10 COMP,0.0,5,INTERNADO(3),7840199000671,0.0,0.0
2000143,CILIL X 10 COMP,0.0,5,QUIROFANO(4),7840199000671,0.0,0.0
2000144,CIMAFIX 100 MG SUSP. 100 ML,0.0,5,URGENCIAS(2),7840653004580,0.0,0.0
2000144,CIMAFIX 100 MG SUSP. 100 ML,0.0,5,INTERNADO(3),7840653004580,0.0,0.0
2000144,CIMAFIX 100 MG SUSP. 100 ML,0.0,5,QUIROFANO(4),7840653004580,0.0,0.0
2000145,CIMAFIX 400 MG X 10 COMP,0.0,5,URGENCIAS(2),7840653004573,0.0,0.0
2000145,CIMAFIX 400 MG X 10 COMP,0.0,5,INTERNADO(3),7840653004573,0.0,0.0
2000145,CIMAFIX 400 MG X 10 COMP,0.0,5,QUIROFANO(4),7840653004573,0.0,0.0
2000146,CINADIL 75MG X 30 COMP,0.0,5,URGENCIAS(2),7840213001103,0.0,0.0
2000146,CINADIL 75MG X 30 COMP,0.0,5,INTERNADO(3),7840213001103,0.0,0.0
2000146,CINADIL 75MG X 30 COMP,0.0,5,QUIROFANO(4),7840213001103,0.0,0.0
2000147,CIPROVAL 500 MG X 10 COMP,0.0,5,URGENCIAS(2),7800060007130,0.0,0.0
2000147,CIPROVAL 500 MG X 10 COMP,0.0,5,INTERNADO(3),7800060007130,0.0,0.0
2000147,CIPROVAL 500 MG X 10 COMP,0.0,5,QUIROFANO(4),7800060007130,0.0,0.0
2000148,CITOL NPD POMADA 5 GR,0.0,5,URGENCIAS(2),7841134000329,0.0,0.0
2000148,CITOL NPD POMADA 5 GR,0.0,5,INTERNADO(3),7841134000329,0.0,0.0
2000148,CITOL NPD POMADA 5 GR,0.0,5,QUIROFANO(4),7841134000329,0.0,0.0
2000149,CLANZOL (OMEPRAZOL 40MG),103550.0,5,URGENCIAS(2),7840199087610,0.0,0.0
2000149,CLANZOL (OMEPRAZOL 40MG),103550.0,5,INTERNADO(3),7840199087610,0.0,0.0
2000149,CLANZOL (OMEPRAZOL 40MG),103550.0,5,QUIROFANO(4),7840199087610,0.0,0.0
200015,HON. DE ECO TV,250000.0,10,URGENCIAS(2),200015,0.0,0.0
200015,HON. DE ECO TV,250000.0,10,INTERNADO(3),200015,0.0,0.0
200015,HON. DE ECO TV,250000.0,10,QUIROFANO(4),200015,0.0,0.0
200015,HON. DE ECO TV,250000.0,10,ADMINISTRACION,200015,0.0,0.0
2000150,CLAVINEX DUO 400/57 SUSP X 70ML,0.0,5,URGENCIAS(2),7800060111691,0.0,0.0
2000150,CLAVINEX DUO 400/57 SUSP X 70ML,0.0,5,INTERNADO(3),7800060111691,0.0,0.0
2000150,CLAVINEX DUO 400/57 SUSP X 70ML,0.0,5,QUIROFANO(4),7800060111691,0.0,0.0
2000151,CLAVINEX DUO FORTE 800/57 SUSP X 70ML,0.0,5,URGENCIAS(2),7800060116306,0.0,0.0
2000151,CLAVINEX DUO FORTE 800/57 SUSP X 70ML,0.0,5,INTERNADO(3),7800060116306,0.0,0.0
2000151,CLAVINEX DUO FORTE 800/57 SUSP X 70ML,0.0,5,QUIROFANO(4),7800060116306,0.0,0.0
2000152,LAVITAN VITAMINAS AZ,60000.0,10,URGENCIAS(2),7800060110502,0.0,0.0
2000152,LAVITAN VITAMINAS AZ,60000.0,10,INTERNADO(3),7800060110502,0.0,0.0
2000152,LAVITAN VITAMINAS AZ,60000.0,10,QUIROFANO(4),7800060110502,0.0,0.0
2000153,CLERIN LR X 30 COMP,0.0,5,URGENCIAS(2),7840199099699,0.0,0.0
2000153,CLERIN LR X 30 COMP,0.0,5,INTERNADO(3),7840199099699,0.0,0.0
2000153,CLERIN LR X 30 COMP,0.0,5,QUIROFANO(4),7840199099699,0.0,0.0
2000154,CLERIN SUSP FCO X 120ML,0.0,5,URGENCIAS(2),7840199006123,0.0,0.0
2000154,CLERIN SUSP FCO X 120ML,0.0,5,INTERNADO(3),7840199006123,0.0,0.0
2000154,CLERIN SUSP FCO X 120ML,0.0,5,QUIROFANO(4),7840199006123,0.0,0.0
2000155,CLERIN X 1 AMP,14569.0,5,URGENCIAS(2),8400000002790,0.0,9.0
2000155,CLERIN X 1 AMP,14569.0,5,INTERNADO(3),8400000002790,0.0,0.0
2000155,CLERIN X 1 AMP,14569.0,5,QUIROFANO(4),8400000002790,0.0,0.0
2000156,"CLEXANE 40 MG X 0,4ML",0.0,5,URGENCIAS(2),8400000000079,0.0,0.0
2000156,"CLEXANE 40 MG X 0,4ML",0.0,5,INTERNADO(3),8400000000079,0.0,0.0
2000156,"CLEXANE 40 MG X 0,4ML",0.0,5,QUIROFANO(4),8400000000079,0.0,0.0
2000157,CLEXANE 80MG X 1 AMP,0.0,5,URGENCIAS(2),8400000002646,0.0,0.0
2000157,CLEXANE 80MG X 1 AMP,0.0,5,INTERNADO(3),8400000002646,0.0,0.0
2000157,CLEXANE 80MG X 1 AMP,0.0,5,QUIROFANO(4),8400000002646,0.0,0.0
2000158,CLINDAMICINA 600MG/4ML X 1 AMP ETICOS,72000.0,5,URGENCIAS(2),7841134006444,0.0,0.0
2000158,CLINDAMICINA 600MG/4ML X 1 AMP ETICOS,72000.0,5,INTERNADO(3),7841134006444,0.0,0.0
2000158,CLINDAMICINA 600MG/4ML X 1 AMP ETICOS,72000.0,5,QUIROFANO(4),7841134006444,0.0,0.0
2000159,CLORURO DE ETILO SPRAY X 100ML,0.0,5,URGENCIAS(2),4014852580104,0.0,0.0
2000159,CLORURO DE ETILO SPRAY X 100ML,0.0,5,INTERNADO(3),4014852580104,0.0,0.0
2000159,CLORURO DE ETILO SPRAY X 100ML,0.0,5,QUIROFANO(4),4014852580104,0.0,0.0
200016,HON. POR INTERNACION,350000.0,10,INTERNADO(3),200016,0.0,0.0
200016,HON. POR INTERNACION,350000.0,10,QUIROFANO(4),200016,0.0,0.0
200016,HON. POR INTERNACION,350000.0,10,ADMINISTRACION,200016,0.0,0.0
2000161,CLORURO DE SODIO 3M 10ML X 1 AMP,12462.0,5,URGENCIAS(2),8400000000390,0.0,28.0
2000161,CLORURO DE SODIO 3M 10ML X 1 AMP,12462.0,5,INTERNADO(3),8400000000390,0.0,0.0
2000161,CLORURO DE SODIO 3M 10ML X 1 AMP,12462.0,5,QUIROFANO(4),8400000000390,0.0,0.0
2000162,CLORUSOL SPRAY NASAL X 25ML - 250 (DOSIS),0.0,5,URGENCIAS(2),7841134007281,0.0,0.0
2000162,CLORUSOL SPRAY NASAL X 25ML - 250 (DOSIS),0.0,5,INTERNADO(3),7841134007281,0.0,0.0
2000162,CLORUSOL SPRAY NASAL X 25ML - 250 (DOSIS),0.0,5,QUIROFANO(4),7841134007281,0.0,0.0
2000163,CODEPREX FORTE JBE X 100 ML,0.0,5,URGENCIAS(2),7841134014760,0.0,0.0
2000163,CODEPREX FORTE JBE X 100 ML,0.0,5,INTERNADO(3),7841134014760,0.0,0.0
2000163,CODEPREX FORTE JBE X 100 ML,0.0,5,QUIROFANO(4),7841134014760,0.0,0.0
2000164,CODEPREX JBE X 100 ML,0.0,5,URGENCIAS(2),7841134009889,0.0,0.0
2000164,CODEPREX JBE X 100 ML,0.0,5,INTERNADO(3),7841134009889,0.0,0.0
2000164,CODEPREX JBE X 100 ML,0.0,5,QUIROFANO(4),7841134009889,0.0,0.0
2000165,COLCHICINA 1 MG X 10 COMP REC,0.0,5,URGENCIAS(2),7840213252437,0.0,0.0
2000165,COLCHICINA 1 MG X 10 COMP REC,0.0,5,INTERNADO(3),7840213252437,0.0,0.0
2000165,COLCHICINA 1 MG X 10 COMP REC,0.0,5,QUIROFANO(4),7840213252437,0.0,0.0
2000166,COLESOL 50MG X 10 COMP,0.0,5,URGENCIAS(2),7840199029078,0.0,0.0
2000166,COLESOL 50MG X 10 COMP,0.0,5,INTERNADO(3),7840199029078,0.0,0.0
2000166,COLESOL 50MG X 10 COMP,0.0,5,QUIROFANO(4),7840199029078,0.0,0.0
2000167,"COMBIVENT SM AMP 2,5ML",3318.0,5,URGENCIAS(2),8400000001595,0.0,0.0
2000167,"COMBIVENT SM AMP 2,5ML",3318.0,5,INTERNADO(3),8400000001595,0.0,0.0
2000167,"COMBIVENT SM AMP 2,5ML",3318.0,5,QUIROFANO(4),8400000001595,0.0,0.0
2000168,DIAZEPAM 10MG/2ML,10526.0,5,URGENCIAS(2),8400000015806,0.0,1.0
2000168,DIAZEPAM 10MG/2ML,10526.0,5,INTERNADO(3),8400000015806,0.0,0.0
2000168,DIAZEPAM 10MG/2ML,10526.0,5,QUIROFANO(4),8400000015806,0.0,0.0
2000169,CONTEX 500 MG SUSP.90 ML,0.0,5,URGENCIAS(2),7840653001565,0.0,0.0
2000169,CONTEX 500 MG SUSP.90 ML,0.0,5,INTERNADO(3),7840653001565,0.0,0.0
2000169,CONTEX 500 MG SUSP.90 ML,0.0,5,QUIROFANO(4),7840653001565,0.0,0.0
200017,HON.,0.0,10,INTERNADO(3),200017,0.0,0.0
200017,HON.,0.0,10,QUIROFANO(4),200017,0.0,0.0
200017,HON.,0.0,10,ADMINISTRACION,200017,0.0,0.0
2000170,CONTEX IBL NOVO X 14 COMP,0.0,5,URGENCIAS(2),7840653002463,0.0,0.0
2000170,CONTEX IBL NOVO X 14 COMP,0.0,5,INTERNADO(3),7840653002463,0.0,0.0
2000170,CONTEX IBL NOVO X 14 COMP,0.0,5,QUIROFANO(4),7840653002463,0.0,0.0
2000171,7840653002463,0.0,5,URGENCIAS(2),7730969301773,0.0,0.0
2000171,7840653002463,0.0,5,INTERNADO(3),7730969301773,0.0,0.0
2000171,7840653002463,0.0,5,QUIROFANO(4),7730969301773,0.0,0.0
2000172,CORENTEL 5 MG X 30 COMP.(BISOPROLOL),0.0,5,URGENCIAS(2),7730969301766,0.0,0.0
2000172,CORENTEL 5 MG X 30 COMP.(BISOPROLOL),0.0,5,INTERNADO(3),7730969301766,0.0,0.0
2000172,CORENTEL 5 MG X 30 COMP.(BISOPROLOL),0.0,5,QUIROFANO(4),7730969301766,0.0,0.0
2000173,COROPRES 8 MG X 30 COMP.,0.0,5,URGENCIAS(2),7861148021639,0.0,0.0
2000173,COROPRES 8 MG X 30 COMP.,0.0,5,INTERNADO(3),7861148021639,0.0,0.0
2000173,COROPRES 8 MG X 30 COMP.,0.0,5,QUIROFANO(4),7861148021639,0.0,0.0
2000174,CORRILAX X 15 SOBRES (POLIETILENGLICOL 3350),0.0,5,URGENCIAS(2),7501871721399,0.0,0.0
2000174,CORRILAX X 15 SOBRES (POLIETILENGLICOL 3350),0.0,5,INTERNADO(3),7501871721399,0.0,0.0
2000174,CORRILAX X 15 SOBRES (POLIETILENGLICOL 3350),0.0,5,QUIROFANO(4),7501871721399,0.0,0.0
2000175,CORTIPREX 20 MG X 20 COMP,0.0,5,URGENCIAS(2),7800007313645,0.0,0.0
2000175,CORTIPREX 20 MG X 20 COMP,0.0,5,INTERNADO(3),7800007313645,0.0,0.0
2000175,CORTIPREX 20 MG X 20 COMP,0.0,5,QUIROFANO(4),7800007313645,0.0,0.0
2000176,CORTIPREX 20MG/5ML SUSP. 60ML,0.0,5,URGENCIAS(2),7800007479297,0.0,0.0
2000176,CORTIPREX 20MG/5ML SUSP. 60ML,0.0,5,INTERNADO(3),7800007479297,0.0,0.0
2000176,CORTIPREX 20MG/5ML SUSP. 60ML,0.0,5,QUIROFANO(4),7800007479297,0.0,0.0
2000177,CORUS 50MG X 30 COMP (LOSARTAN),0.0,5,URGENCIAS(2),7896658039669,0.0,0.0
2000177,CORUS 50MG X 30 COMP (LOSARTAN),0.0,5,INTERNADO(3),7896658039669,0.0,0.0
2000177,CORUS 50MG X 30 COMP (LOSARTAN),0.0,5,QUIROFANO(4),7896658039669,0.0,0.0
2000178,CRONOVAL 100 MG INY X 5 ML,0.0,5,URGENCIAS(2),7841134007632,0.0,0.0
2000178,CRONOVAL 100 MG INY X 5 ML,0.0,5,INTERNADO(3),7841134007632,0.0,0.0
2000178,CRONOVAL 100 MG INY X 5 ML,0.0,5,QUIROFANO(4),7841134007632,0.0,0.0
2000179,CRONOVAL 250 MG X 120ML (ACIDO VALPROICO),0.0,5,URGENCIAS(2),7841134003283,0.0,0.0
2000179,CRONOVAL 250 MG X 120ML (ACIDO VALPROICO),0.0,5,INTERNADO(3),7841134003283,0.0,0.0
2000179,CRONOVAL 250 MG X 120ML (ACIDO VALPROICO),0.0,5,QUIROFANO(4),7841134003283,0.0,0.0
200018,HONORARIO POR VISITA NOCTURA,350000.0,10,FARMACIA INTERNA(1),200018,0.0,0.0
200018,HONORARIO POR VISITA NOCTURA,350000.0,10,INTERNADO(3),200018,0.0,0.0
200018,HONORARIO POR VISITA NOCTURA,350000.0,10,ADMINISTRACION,200018,0.0,0.0
2000180,CRONOVAL ER 500MG X 30 COMP REC LP,0.0,5,URGENCIAS(2),7841134014807,0.0,0.0
2000180,CRONOVAL ER 500MG X 30 COMP REC LP,0.0,5,INTERNADO(3),7841134014807,0.0,0.0
2000180,CRONOVAL ER 500MG X 30 COMP REC LP,0.0,5,QUIROFANO(4),7841134014807,0.0,0.0
2000181,DAFLON 1000MG X 30 COMP,0.0,5,URGENCIAS(2),3594455600078,0.0,0.0
2000181,DAFLON 1000MG X 30 COMP,0.0,5,INTERNADO(3),3594455600078,0.0,0.0
2000181,DAFLON 1000MG X 30 COMP,0.0,5,QUIROFANO(4),3594455600078,0.0,0.0
2000182,DAXIPEN 1000 JBE X 100ML,0.0,5,URGENCIAS(2),7840213035559,0.0,0.0
2000182,DAXIPEN 1000 JBE X 100ML,0.0,5,INTERNADO(3),7840213035559,0.0,0.0
2000182,DAXIPEN 1000 JBE X 100ML,0.0,5,QUIROFANO(4),7840213035559,0.0,0.0
2000183,DAXIPEN 3000 X 20 COMP.REC,0.0,5,URGENCIAS(2),7840213035535,0.0,0.0
2000183,DAXIPEN 3000 X 20 COMP.REC,0.0,5,INTERNADO(3),7840213035535,0.0,0.0
2000183,DAXIPEN 3000 X 20 COMP.REC,0.0,5,QUIROFANO(4),7840213035535,0.0,0.0
2000184,DEPRETIL 8MG X 1 AMP (DEXAMETASONA),26000.0,5,URGENCIAS(2),7840036103466,0.0,9.0
2000184,DEPRETIL 8MG X 1 AMP (DEXAMETASONA),26000.0,5,INTERNADO(3),7840036103466,0.0,0.0
2000184,DEPRETIL 8MG X 1 AMP (DEXAMETASONA),26000.0,5,QUIROFANO(4),7840036103466,0.0,0.0
2000185,DERCOLINA INFANTIL JALEA 15 GR,0.0,5,URGENCIAS(2),7791909406859,0.0,0.0
2000185,DERCOLINA INFANTIL JALEA 15 GR,0.0,5,INTERNADO(3),7791909406859,0.0,0.0
2000185,DERCOLINA INFANTIL JALEA 15 GR,0.0,5,QUIROFANO(4),7791909406859,0.0,0.0
2000186,DERMAFAR CREMA X 35GRS,0.0,5,URGENCIAS(2),7840653000056,0.0,0.0
2000186,DERMAFAR CREMA X 35GRS,0.0,5,INTERNADO(3),7840653000056,0.0,0.0
2000186,DERMAFAR CREMA X 35GRS,0.0,5,QUIROFANO(4),7840653000056,0.0,0.0
2000187,7840653000056,0.0,5,URGENCIAS(2),7840213252642,0.0,0.0
2000187,7840653000056,0.0,5,INTERNADO(3),7840213252642,0.0,0.0
2000187,7840653000056,0.0,5,QUIROFANO(4),7840213252642,0.0,0.0
2000188,DESNASAL JBE X 100ML,0.0,5,URGENCIAS(2),7841134009315,0.0,0.0
2000188,DESNASAL JBE X 100ML,0.0,5,INTERNADO(3),7841134009315,0.0,0.0
2000188,DESNASAL JBE X 100ML,0.0,5,QUIROFANO(4),7841134009315,0.0,0.0
2000189,DEXLANZOPRAL 30MG X 30 CAPS,0.0,5,URGENCIAS(2),7730969301032,0.0,0.0
2000189,DEXLANZOPRAL 30MG X 30 CAPS,0.0,5,INTERNADO(3),7730969301032,0.0,0.0
2000189,DEXLANZOPRAL 30MG X 30 CAPS,0.0,5,QUIROFANO(4),7730969301032,0.0,0.0
200019,HON. POR OBSERVACION,150000.0,10,INTERNADO(3),200019,0.0,0.0
200019,HON. POR OBSERVACION,150000.0,10,QUIROFANO(4),200019,0.0,0.0
200019,HON. POR OBSERVACION,150000.0,10,ADMINISTRACION,200019,0.0,0.0
2000190,DEXO 300 X 20 COMP,0.0,5,URGENCIAS(2),7795327061591,0.0,0.0
2000190,DEXO 300 X 20 COMP,0.0,5,INTERNADO(3),7795327061591,0.0,0.0
2000190,DEXO 300 X 20 COMP,0.0,5,QUIROFANO(4),7795327061591,0.0,0.0
2000191,DEXTROVIT AMP 20ML (COMPLEJO VITAMINICO),36719.0,5,URGENCIAS(2),7840199002248,0.0,12.0
2000191,DEXTROVIT AMP 20ML (COMPLEJO VITAMINICO),36719.0,5,INTERNADO(3),7840199002248,0.0,0.0
2000191,DEXTROVIT AMP 20ML (COMPLEJO VITAMINICO),36719.0,5,QUIROFANO(4),7840199002248,0.0,0.0
2000192,DIAREN X 20 COMP,0.0,5,URGENCIAS(2),7800060007635,0.0,0.0
2000192,DIAREN X 20 COMP,0.0,5,INTERNADO(3),7800060007635,0.0,0.0
2000192,DIAREN X 20 COMP,0.0,5,QUIROFANO(4),7800060007635,0.0,0.0
2000193,DIAXIN N.F. X 20 COMP,0.0,5,URGENCIAS(2),7841141000831,0.0,0.0
2000193,DIAXIN N.F. X 20 COMP,0.0,5,INTERNADO(3),7841141000831,0.0,0.0
2000193,DIAXIN N.F. X 20 COMP,0.0,5,QUIROFANO(4),7841141000831,0.0,0.0
2000194,ACID 400MG FCO X 200ML (CIPROFLOXACINA),145000.0,5,URGENCIAS(2),7703281001638,0.0,0.0
2000194,ACID 400MG FCO X 200ML (CIPROFLOXACINA),145000.0,5,INTERNADO(3),7703281001638,0.0,0.0
2000194,ACID 400MG FCO X 200ML (CIPROFLOXACINA),145000.0,5,QUIROFANO(4),7703281001638,0.0,0.0
2000195,DIBACTIL 500 MG X 10 COMP,0.0,5,URGENCIAS(2),7730969303746,0.0,0.0
2000195,DIBACTIL 500 MG X 10 COMP,0.0,5,INTERNADO(3),7730969303746,0.0,0.0
2000195,DIBACTIL 500 MG X 10 COMP,0.0,5,QUIROFANO(4),7730969303746,0.0,0.0
2000196,DICLOFEN 75MG (DICLOFENAC SODICO) AMP 3ML,9720.0,5,URGENCIAS(2),8400000003469,0.0,0.0
2000196,DICLOFEN 75MG (DICLOFENAC SODICO) AMP 3ML,9720.0,5,INTERNADO(3),8400000003469,0.0,0.0
2000196,DICLOFEN 75MG (DICLOFENAC SODICO) AMP 3ML,9720.0,5,QUIROFANO(4),8400000003469,0.0,0.0
2000197,DICLOFEN B1 B6 B12 X 20 COMP,0.0,5,URGENCIAS(2),7840036008242,0.0,0.0
2000197,DICLOFEN B1 B6 B12 X 20 COMP,0.0,5,INTERNADO(3),7840036008242,0.0,0.0
2000197,DICLOFEN B1 B6 B12 X 20 COMP,0.0,5,QUIROFANO(4),7840036008242,0.0,0.0
2000198,DICLOFEN B1B6B12 AMP A + B,0.0,5,URGENCIAS(2),7840036008259,0.0,0.0
2000198,DICLOFEN B1B6B12 AMP A + B,0.0,5,INTERNADO(3),7840036008259,0.0,0.0
2000198,DICLOFEN B1B6B12 AMP A + B,0.0,5,QUIROFANO(4),7840036008259,0.0,0.0
2000199,DICLOFEN GESIC X 20 COMP,0.0,5,URGENCIAS(2),7840036005418,0.0,0.0
2000199,DICLOFEN GESIC X 20 COMP,0.0,5,INTERNADO(3),7840036005418,0.0,0.0
2000199,DICLOFEN GESIC X 20 COMP,0.0,5,QUIROFANO(4),7840036005418,0.0,0.0
200020,HONORARIO MEDICO PEDIATRIA,0.0,10,INTERNADO(3),200020,0.0,0.0
200020,HONORARIO MEDICO PEDIATRIA,0.0,10,QUIROFANO(4),200020,0.0,0.0
200020,HONORARIO MEDICO PEDIATRIA,0.0,10,ADMINISTRACION,200020,0.0,0.0
200020,HONORARIO MEDICO PEDIATRIA,0.0,10,CARRO DE PARO,200020,0.0,0.0
2000200,DIGESPLEN 10 MG X 20 COMP,0.0,5,URGENCIAS(2),7840282030202,0.0,0.0
2000200,DIGESPLEN 10 MG X 20 COMP,0.0,5,INTERNADO(3),7840282030202,0.0,0.0
2000200,DIGESPLEN 10 MG X 20 COMP,0.0,5,QUIROFANO(4),7840282030202,0.0,0.0
2000201,DIGOXINA BIOL AMP 1ML,0.0,5,URGENCIAS(2),8400000001625,0.0,0.0
2000201,DIGOXINA BIOL AMP 1ML,0.0,5,INTERNADO(3),8400000001625,0.0,0.0
2000201,DIGOXINA BIOL AMP 1ML,0.0,5,QUIROFANO(4),8400000001625,0.0,0.0
2000202,DIMORF (SULFATO DE MORFINA) 1MG/ML,15000.0,5,FARMACIA INTERNA(1),2000202,0.0,0.0
2000202,DIMORF (SULFATO DE MORFINA) 1MG/ML,15000.0,5,URGENCIAS(2),2000202,0.0,0.0
2000202,DIMORF (SULFATO DE MORFINA) 1MG/ML,15000.0,5,INTERNADO(3),2000202,0.0,0.0
2000202,DIMORF (SULFATO DE MORFINA) 1MG/ML,15000.0,5,QUIROFANO(4),2000202,0.0,0.0
2000202,DIMORF (SULFATO DE MORFINA) 1MG/ML,15000.0,5,ADMINISTRACION,2000202,0.0,0.0
2000202,DIMORF (SULFATO DE MORFINA) 1MG/ML,15000.0,5,CARRO DE PARO,2000202,0.0,0.0
2000203,DIOCODINA NF 5MG GOTAS X 15ML,0.0,5,URGENCIAS(2),7840199088228,0.0,0.0
2000203,DIOCODINA NF 5MG GOTAS X 15ML,0.0,5,INTERNADO(3),7840199088228,0.0,0.0
2000203,DIOCODINA NF 5MG GOTAS X 15ML,0.0,5,QUIROFANO(4),7840199088228,0.0,0.0
2000204,DIOXAFLEX 50 MG X 20 COMP,0.0,5,URGENCIAS(2),7790375000448,0.0,0.0
2000204,DIOXAFLEX 50 MG X 20 COMP,0.0,5,INTERNADO(3),7790375000448,0.0,0.0
2000204,DIOXAFLEX 50 MG X 20 COMP,0.0,5,QUIROFANO(4),7790375000448,0.0,0.0
2000205,DIOXAFLEX B12 X 1 AMP.,0.0,5,URGENCIAS(2),8400000020282,0.0,0.0
2000205,DIOXAFLEX B12 X 1 AMP.,0.0,5,INTERNADO(3),8400000020282,0.0,0.0
2000205,DIOXAFLEX B12 X 1 AMP.,0.0,5,QUIROFANO(4),8400000020282,0.0,0.0
2000206,DIOXAFLEX CB PLUS X 15 CAPS,0.0,5,URGENCIAS(2),7790375253165,0.0,0.0
2000206,DIOXAFLEX CB PLUS X 15 CAPS,0.0,5,INTERNADO(3),7790375253165,0.0,0.0
2000206,DIOXAFLEX CB PLUS X 15 CAPS,0.0,5,QUIROFANO(4),7790375253165,0.0,0.0
2000207,DISLEP 25MG AMP (LEVOSULPIRIDE),0.0,5,URGENCIAS(2),8433042003616,0.0,0.0
2000207,DISLEP 25MG AMP (LEVOSULPIRIDE),0.0,5,INTERNADO(3),8433042003616,0.0,0.0
2000207,DISLEP 25MG AMP (LEVOSULPIRIDE),0.0,5,QUIROFANO(4),8433042003616,0.0,0.0
2000208,DISLEP 25MG GTS X 20ML,0.0,5,URGENCIAS(2),8433042022372,0.0,0.0
2000208,DISLEP 25MG GTS X 20ML,0.0,5,INTERNADO(3),8433042022372,0.0,0.0
2000208,DISLEP 25MG GTS X 20ML,0.0,5,QUIROFANO(4),8433042022372,0.0,0.0
2000209,DISLEP 25MG X 20COMP,0.0,5,URGENCIAS(2),8433042008215,0.0,0.0
2000209,DISLEP 25MG X 20COMP,0.0,5,INTERNADO(3),8433042008215,0.0,0.0
2000209,DISLEP 25MG X 20COMP,0.0,5,QUIROFANO(4),8433042008215,0.0,0.0
200021,HONORARIO AYUDANTE CIRUJANO,0.0,10,FARMACIA INTERNA(1),200021,0.0,0.0
200021,HONORARIO AYUDANTE CIRUJANO,0.0,10,URGENCIAS(2),200021,0.0,0.0
200021,HONORARIO AYUDANTE CIRUJANO,0.0,10,INTERNADO(3),200021,0.0,0.0
200021,HONORARIO AYUDANTE CIRUJANO,0.0,10,QUIROFANO(4),200021,0.0,0.0
200021,HONORARIO AYUDANTE CIRUJANO,0.0,10,ADMINISTRACION,200021,0.0,0.0
200021,HONORARIO AYUDANTE CIRUJANO,0.0,10,CARRO DE PARO,200021,0.0,0.0
2000210,DISTONEX X 30 COMP,0.0,5,URGENCIAS(2),7841448000336,0.0,0.0
2000210,DISTONEX X 30 COMP,0.0,5,INTERNADO(3),7841448000336,0.0,0.0
2000210,DISTONEX X 30 COMP,0.0,5,QUIROFANO(4),7841448000336,0.0,0.0
2000211,DIUSARTAN 50 X 60 COMP,0.0,5,URGENCIAS(2),7840213260586,0.0,0.0
2000211,DIUSARTAN 50 X 60 COMP,0.0,5,INTERNADO(3),7840213260586,0.0,0.0
2000211,DIUSARTAN 50 X 60 COMP,0.0,5,QUIROFANO(4),7840213260586,0.0,0.0
2000212,DOLANET 500MG SUPOSITORIO X UNIDAD,0.0,5,URGENCIAS(2),7843150001106,0.0,0.0
2000212,DOLANET 500MG SUPOSITORIO X UNIDAD,0.0,5,INTERNADO(3),7843150001106,0.0,0.0
2000212,DOLANET 500MG SUPOSITORIO X UNIDAD,0.0,5,QUIROFANO(4),7843150001106,0.0,0.0
2000213,DOLANET D X 40 COMPR.,0.0,5,URGENCIAS(2),7840315225575,0.0,0.0
2000213,DOLANET D X 40 COMPR.,0.0,5,INTERNADO(3),7840315225575,0.0,0.0
2000213,DOLANET D X 40 COMPR.,0.0,5,QUIROFANO(4),7840315225575,0.0,0.0
2000214,DOLGENAL 10MG X 10 COMP SL,0.0,5,URGENCIAS(2),7841141001012,0.0,0.0
2000214,DOLGENAL 10MG X 10 COMP SL,0.0,5,INTERNADO(3),7841141001012,0.0,0.0
2000214,DOLGENAL 10MG X 10 COMP SL,0.0,5,QUIROFANO(4),7841141001012,0.0,0.0
2000215,DOLGENAL 20MG X 30 COMP,0.0,5,URGENCIAS(2),7841141000992,0.0,0.0
2000215,DOLGENAL 20MG X 30 COMP,0.0,5,INTERNADO(3),7841141000992,0.0,0.0
2000215,DOLGENAL 20MG X 30 COMP,0.0,5,QUIROFANO(4),7841141000992,0.0,0.0
2000216,DOLGENAL 30MG X 1 AMP,0.0,5,URGENCIAS(2),7841141004259,0.0,0.0
2000216,DOLGENAL 30MG X 1 AMP,0.0,5,INTERNADO(3),7841141004259,0.0,0.0
2000216,DOLGENAL 30MG X 1 AMP,0.0,5,QUIROFANO(4),7841141004259,0.0,0.0
2000217,DOLGENAL 30MG X 8 COMP SL,0.0,5,URGENCIAS(2),7841141004389,0.0,0.0
2000217,DOLGENAL 30MG X 8 COMP SL,0.0,5,INTERNADO(3),7841141004389,0.0,0.0
2000217,DOLGENAL 30MG X 8 COMP SL,0.0,5,QUIROFANO(4),7841141004389,0.0,0.0
2000218,DOLO MOVENS X 30 SOBRES,0.0,5,URGENCIAS(2),7730979090810,0.0,0.0
2000218,DOLO MOVENS X 30 SOBRES,0.0,5,INTERNADO(3),7730979090810,0.0,0.0
2000218,DOLO MOVENS X 30 SOBRES,0.0,5,QUIROFANO(4),7730979090810,0.0,0.0
2000219,DOLO TENSODOX 5 MG/15 MG X 10 COMP.,0.0,5,URGENCIAS(2),7841737000313,0.0,0.0
2000219,DOLO TENSODOX 5 MG/15 MG X 10 COMP.,0.0,5,INTERNADO(3),7841737000313,0.0,0.0
2000219,DOLO TENSODOX 5 MG/15 MG X 10 COMP.,0.0,5,QUIROFANO(4),7841737000313,0.0,0.0
200022,HONORARIO INSTRUMENTADOR,0.0,10,FARMACIA INTERNA(1),200022,0.0,0.0
200022,HONORARIO INSTRUMENTADOR,0.0,10,URGENCIAS(2),200022,0.0,0.0
200022,HONORARIO INSTRUMENTADOR,0.0,10,INTERNADO(3),200022,0.0,0.0
200022,HONORARIO INSTRUMENTADOR,0.0,10,QUIROFANO(4),200022,0.0,0.0
200022,HONORARIO INSTRUMENTADOR,0.0,10,ADMINISTRACION,200022,0.0,0.0
200022,HONORARIO INSTRUMENTADOR,0.0,10,CARRO DE PARO,200022,0.0,0.0
2000220,DOLOSTOP 20 MG X 10 COMP,36331.0,5,URGENCIAS(2),7840199093246,0.0,1.0
2000220,DOLOSTOP 20 MG X 10 COMP,36331.0,5,INTERNADO(3),7840199093246,0.0,0.0
2000220,DOLOSTOP 20 MG X 10 COMP,36331.0,5,QUIROFANO(4),7840199093246,0.0,0.0
2000221,DOLOSTOP PLUS X 20 COMP SL,0.0,5,URGENCIAS(2),7840199088204,0.0,0.0
2000221,DOLOSTOP PLUS X 20 COMP SL,0.0,5,INTERNADO(3),7840199088204,0.0,0.0
2000221,DOLOSTOP PLUS X 20 COMP SL,0.0,5,QUIROFANO(4),7840199088204,0.0,0.0
2000222,DOLOSTOP SL 20MG X 20 COMP,0.0,5,URGENCIAS(2),7840199087184,0.0,0.0
2000222,DOLOSTOP SL 20MG X 20 COMP,0.0,5,INTERNADO(3),7840199087184,0.0,0.0
2000222,DOLOSTOP SL 20MG X 20 COMP,0.0,5,QUIROFANO(4),7840199087184,0.0,0.0
2000223,DOLOSTOP SL 30MG X 10 COMP,0.0,5,URGENCIAS(2),7840199087191,0.0,0.0
2000223,DOLOSTOP SL 30MG X 10 COMP,0.0,5,INTERNADO(3),7840199087191,0.0,0.0
2000223,DOLOSTOP SL 30MG X 10 COMP,0.0,5,QUIROFANO(4),7840199087191,0.0,0.0
2000224,DOMPER AG FORTE X 20 COMP,0.0,5,URGENCIAS(2),7841141001036,0.0,0.0
2000224,DOMPER AG FORTE X 20 COMP,0.0,5,INTERNADO(3),7841141001036,0.0,0.0
2000224,DOMPER AG FORTE X 20 COMP,0.0,5,QUIROFANO(4),7841141001036,0.0,0.0
2000225,DOMPER AG GOTAS X 40ML,0.0,5,URGENCIAS(2),7841141001029,0.0,0.0
2000225,DOMPER AG GOTAS X 40ML,0.0,5,INTERNADO(3),7841141001029,0.0,0.0
2000225,DOMPER AG GOTAS X 40ML,0.0,5,QUIROFANO(4),7841141001029,0.0,0.0
2000226,DONTONAL 600 X 30 COMP (GEMFIBROZIL),0.0,5,URGENCIAS(2),7840199075266,0.0,0.0
2000226,DONTONAL 600 X 30 COMP (GEMFIBROZIL),0.0,5,INTERNADO(3),7840199075266,0.0,0.0
2000226,DONTONAL 600 X 30 COMP (GEMFIBROZIL),0.0,5,QUIROFANO(4),7840199075266,0.0,0.0
2000227,DOPAMINA 200 MG 5ML (BIOSANO),13900.0,5,URGENCIAS(2),7800061160186,0.0,0.0
2000227,DOPAMINA 200 MG 5ML (BIOSANO),13900.0,5,INTERNADO(3),7800061160186,0.0,0.0
2000227,DOPAMINA 200 MG 5ML (BIOSANO),13900.0,5,QUIROFANO(4),7800061160186,0.0,0.0
2000228,DOPECIL 10MG X 30 COMP (DONEPEZILO),0.0,5,URGENCIAS(2),7840213251775,0.0,0.0
2000228,DOPECIL 10MG X 30 COMP (DONEPEZILO),0.0,5,INTERNADO(3),7840213251775,0.0,0.0
2000228,DOPECIL 10MG X 30 COMP (DONEPEZILO),0.0,5,QUIROFANO(4),7840213251775,0.0,0.0
2000229,MIDAZOLAM 15MG/3ML,25837.0,5,URGENCIAS(2),8400000004008,0.0,1.0
2000229,MIDAZOLAM 15MG/3ML,25837.0,5,INTERNADO(3),8400000004008,0.0,0.0
2000229,MIDAZOLAM 15MG/3ML,25837.0,5,QUIROFANO(4),8400000004008,0.0,0.0
200023,HONORARIO ANESTESIOLOGO,0.0,10,URGENCIAS(2),200023,0.0,0.0
200023,HONORARIO ANESTESIOLOGO,0.0,10,INTERNADO(3),200023,0.0,0.0
200023,HONORARIO ANESTESIOLOGO,0.0,10,QUIROFANO(4),200023,0.0,0.0
200023,HONORARIO ANESTESIOLOGO,0.0,10,ADMINISTRACION,200023,0.0,0.0
2000230,DOXATAR 8MG AMP 2ML (DEXAMETASONA),29820.0,5,URGENCIAS(2),7840199068664,0.0,14.0
2000230,DOXATAR 8MG AMP 2ML (DEXAMETASONA),29820.0,5,INTERNADO(3),7840199068664,0.0,0.0
2000230,DOXATAR 8MG AMP 2ML (DEXAMETASONA),29820.0,5,QUIROFANO(4),7840199068664,0.0,0.0
2000231,DOXATAR - CRONO (DEXAMETASONA COMBINADO) AMP 2ML,34860.0,5,URGENCIAS(2),7840199068749,0.0,8.0
2000231,DOXATAR - CRONO (DEXAMETASONA COMBINADO) AMP 2ML,34860.0,5,INTERNADO(3),7840199068749,0.0,0.0
2000231,DOXATAR - CRONO (DEXAMETASONA COMBINADO) AMP 2ML,34860.0,5,QUIROFANO(4),7840199068749,0.0,0.0
2000232,DOXATAR GOTAS X 20 ML (BETAMETASONA),0.0,5,URGENCIAS(2),7840199086637,0.0,0.0
2000232,DOXATAR GOTAS X 20 ML (BETAMETASONA),0.0,5,INTERNADO(3),7840199086637,0.0,0.0
2000232,DOXATAR GOTAS X 20 ML (BETAMETASONA),0.0,5,QUIROFANO(4),7840199086637,0.0,0.0
2000233,DULCOLAX 5MG X 20 GRAG,0.0,5,URGENCIAS(2),7795312108584,0.0,0.0
2000233,DULCOLAX 5MG X 20 GRAG,0.0,5,INTERNADO(3),7795312108584,0.0,0.0
2000233,DULCOLAX 5MG X 20 GRAG,0.0,5,QUIROFANO(4),7795312108584,0.0,0.0
2000234,DUO DECADRON AMP 2ML,70400.0,5,URGENCIAS(2),7795356001322,0.0,0.0
2000234,DUO DECADRON AMP 2ML,70400.0,5,INTERNADO(3),7795356001322,0.0,0.0
2000234,DUO DECADRON AMP 2ML,70400.0,5,QUIROFANO(4),7795356001322,0.0,0.0
2000235,DUPHALAC JBE X 200 ML,0.0,5,URGENCIAS(2),7841737000870,0.0,0.0
2000235,DUPHALAC JBE X 200 ML,0.0,5,INTERNADO(3),7841737000870,0.0,0.0
2000235,DUPHALAC JBE X 200 ML,0.0,5,QUIROFANO(4),7841737000870,0.0,0.0
2000236,EASYCOL BABY GTS X 15 ML,0.0,5,URGENCIAS(2),8437016502013,0.0,0.0
2000236,EASYCOL BABY GTS X 15 ML,0.0,5,INTERNADO(3),8437016502013,0.0,0.0
2000236,EASYCOL BABY GTS X 15 ML,0.0,5,QUIROFANO(4),8437016502013,0.0,0.0
2000237,ECTIBAN 10 MG X 30 COMP.,0.0,5,URGENCIAS(2),7800007684622,0.0,0.0
2000237,ECTIBAN 10 MG X 30 COMP.,0.0,5,INTERNADO(3),7800007684622,0.0,0.0
2000237,ECTIBAN 10 MG X 30 COMP.,0.0,5,QUIROFANO(4),7800007684622,0.0,0.0
2000238,ECTIBAN 20MG X 30 COMP,0.0,5,URGENCIAS(2),7800007746917,0.0,0.0
2000238,ECTIBAN 20MG X 30 COMP,0.0,5,INTERNADO(3),7800007746917,0.0,0.0
2000238,ECTIBAN 20MG X 30 COMP,0.0,5,QUIROFANO(4),7800007746917,0.0,0.0
2000239,EFEDRIN 50MG X 1 AMP,0.0,5,URGENCIAS(2),8400000000154,0.0,0.0
2000239,EFEDRIN 50MG X 1 AMP,0.0,5,INTERNADO(3),8400000000154,0.0,0.0
2000239,EFEDRIN 50MG X 1 AMP,0.0,5,QUIROFANO(4),8400000000154,0.0,0.0
200024,HONORARIO TEST DE LA OREJITA,0.0,10,URGENCIAS(2),200024,0.0,0.0
200024,HONORARIO TEST DE LA OREJITA,0.0,10,INTERNADO(3),200024,0.0,0.0
200024,HONORARIO TEST DE LA OREJITA,0.0,10,QUIROFANO(4),200024,0.0,0.0
200024,HONORARIO TEST DE LA OREJITA,0.0,10,ADMINISTRACION,200024,0.0,0.0
2000240,EFERMOL 1000 MG X 8 COMP.EFER,0.0,5,URGENCIAS(2),7842228000492,0.0,0.0
2000240,EFERMOL 1000 MG X 8 COMP.EFER,0.0,5,INTERNADO(3),7842228000492,0.0,0.0
2000240,EFERMOL 1000 MG X 8 COMP.EFER,0.0,5,QUIROFANO(4),7842228000492,0.0,0.0
2000241,EFERMOL 200 MG GTS X 20ML,0.0,5,URGENCIAS(2),7842228000393,0.0,0.0
2000241,EFERMOL 200 MG GTS X 20ML,0.0,5,INTERNADO(3),7842228000393,0.0,0.0
2000241,EFERMOL 200 MG GTS X 20ML,0.0,5,QUIROFANO(4),7842228000393,0.0,0.0
2000242,EFERMOL 500 MG X 16 COMP.EFER,0.0,5,URGENCIAS(2),7842228000485,0.0,0.0
2000242,EFERMOL 500 MG X 16 COMP.EFER,0.0,5,INTERNADO(3),7842228000485,0.0,0.0
2000242,EFERMOL 500 MG X 16 COMP.EFER,0.0,5,QUIROFANO(4),7842228000485,0.0,0.0
2000243,ELICLOR 250MG X 1 AMP ( ACICLOVIR),0.0,5,URGENCIAS(2),7840213256602,0.0,0.0
2000243,ELICLOR 250MG X 1 AMP ( ACICLOVIR),0.0,5,INTERNADO(3),7840213256602,0.0,0.0
2000243,ELICLOR 250MG X 1 AMP ( ACICLOVIR),0.0,5,QUIROFANO(4),7840213256602,0.0,0.0
2000244,EMETAN 10MG GTS X 15 ML,0.0,5,URGENCIAS(2),7840653000780,0.0,0.0
2000244,EMETAN 10MG GTS X 15 ML,0.0,5,INTERNADO(3),7840653000780,0.0,0.0
2000244,EMETAN 10MG GTS X 15 ML,0.0,5,QUIROFANO(4),7840653000780,0.0,0.0
2000245,EMETAN AG SUSP GTS X 40ML,0.0,5,URGENCIAS(2),7840653008250,0.0,0.0
2000245,EMETAN AG SUSP GTS X 40ML,0.0,5,INTERNADO(3),7840653008250,0.0,0.0
2000245,EMETAN AG SUSP GTS X 40ML,0.0,5,QUIROFANO(4),7840653008250,0.0,0.0
2000246,EMETAN DIGEST X 20 COMP,0.0,5,URGENCIAS(2),7840653000094,0.0,0.0
2000246,EMETAN DIGEST X 20 COMP,0.0,5,INTERNADO(3),7840653000094,0.0,0.0
2000246,EMETAN DIGEST X 20 COMP,0.0,5,QUIROFANO(4),7840653000094,0.0,0.0
2000247,ENDIAL DIGEST X 20 COMP,0.0,5,URGENCIAS(2),7730698011363,0.0,0.0
2000247,ENDIAL DIGEST X 20 COMP,0.0,5,INTERNADO(3),7730698011363,0.0,0.0
2000247,ENDIAL DIGEST X 20 COMP,0.0,5,QUIROFANO(4),7730698011363,0.0,0.0
2000248,ENEMOL X 135 ML,34776.0,5,URGENCIAS(2),7792183201345,0.0,1.0
2000248,ENEMOL X 135 ML,34776.0,5,INTERNADO(3),7792183201345,0.0,0.0
2000248,ENEMOL X 135 ML,34776.0,5,QUIROFANO(4),7792183201345,0.0,0.0
2000249,ENSURE ADVANCE X 850GR,0.0,5,URGENCIAS(2),8427030007403,0.0,0.0
2000249,ENSURE ADVANCE X 850GR,0.0,5,INTERNADO(3),8427030007403,0.0,0.0
2000249,ENSURE ADVANCE X 850GR,0.0,5,QUIROFANO(4),8427030007403,0.0,0.0
200025,HONORARIOS CIRUJANO,0.0,10,INTERNADO(3),200025,0.0,0.0
200025,HONORARIOS CIRUJANO,0.0,10,QUIROFANO(4),200025,0.0,0.0
200025,HONORARIOS CIRUJANO,0.0,10,ADMINISTRACION,200025,0.0,0.0
200025,HONORARIOS CIRUJANO,0.0,10,CARRO DE PARO,200025,0.0,0.0
2000250,ENTEL PLUS X 5 AMP. BEBIBLES (ALBENDAZOL),0.0,5,URGENCIAS(2),7840653003835,0.0,0.0
2000250,ENTEL PLUS X 5 AMP. BEBIBLES (ALBENDAZOL),0.0,5,INTERNADO(3),7840653003835,0.0,0.0
2000250,ENTEL PLUS X 5 AMP. BEBIBLES (ALBENDAZOL),0.0,5,QUIROFANO(4),7840653003835,0.0,0.0
2000251,ENTEREX PROTEINEX X 275G,0.0,5,URGENCIAS(2),612197500005,0.0,0.0
2000251,ENTEREX PROTEINEX X 275G,0.0,5,INTERNADO(3),612197500005,0.0,0.0
2000251,ENTEREX PROTEINEX X 275G,0.0,5,QUIROFANO(4),612197500005,0.0,0.0
2000251,ENTEREX PROTEINEX X 275G,0.0,5,ADMINISTRACION,612197500005,0.0,0.0
2000251,ENTEREX PROTEINEX X 275G,0.0,5,CARRO DE PARO,612197500005,0.0,0.0
2000252,ENTEREX PROTICAL LATA X 420GR,0.0,5,URGENCIAS(2),612197160001,0.0,0.0
2000252,ENTEREX PROTICAL LATA X 420GR,0.0,5,INTERNADO(3),612197160001,0.0,0.0
2000252,ENTEREX PROTICAL LATA X 420GR,0.0,5,QUIROFANO(4),612197160001,0.0,0.0
2000252,ENTEREX PROTICAL LATA X 420GR,0.0,5,ADMINISTRACION,612197160001,0.0,0.0
2000252,ENTEREX PROTICAL LATA X 420GR,0.0,5,CARRO DE PARO,612197160001,0.0,0.0
2000253,ENTERO GAS FORTE X 10 PERL,25000.0,5,URGENCIAS(2),7840199088396,0.0,0.0
2000253,ENTERO GAS FORTE X 10 PERL,25000.0,5,INTERNADO(3),7840199088396,0.0,0.0
2000253,ENTERO GAS FORTE X 10 PERL,25000.0,5,QUIROFANO(4),7840199088396,0.0,0.0
2000262,ESOMEP 40MG X 30 COMP,0.0,5,URGENCIAS(2),7840199100562,0.0,0.0
2000262,ESOMEP 40MG X 30 COMP,0.0,5,INTERNADO(3),7840199100562,0.0,0.0
2000262,ESOMEP 40MG X 30 COMP,0.0,5,QUIROFANO(4),7840199100562,0.0,0.0
2000263,ESPASMOSAN COMPUESTO INY 2 AMP,29400.0,5,URGENCIAS(2),7840653000803,0.0,8.0
2000263,ESPASMOSAN COMPUESTO INY 2 AMP,29400.0,5,INTERNADO(3),7840653000803,0.0,0.0
2000263,ESPASMOSAN COMPUESTO INY 2 AMP,29400.0,5,QUIROFANO(4),7840653000803,0.0,0.0
2000264,ESPORIL 150MG X 4 CAPS,0.0,5,URGENCIAS(2),7841141001135,0.0,0.0
2000264,ESPORIL 150MG X 4 CAPS,0.0,5,INTERNADO(3),7841141001135,0.0,0.0
2000264,ESPORIL 150MG X 4 CAPS,0.0,5,QUIROFANO(4),7841141001135,0.0,0.0
2000265,ESTRAPLUS AEROSOL X 200 DOSIS,0.0,5,URGENCIAS(2),7730215000443,0.0,0.0
2000265,ESTRAPLUS AEROSOL X 200 DOSIS,0.0,5,INTERNADO(3),7730215000443,0.0,0.0
2000265,ESTRAPLUS AEROSOL X 200 DOSIS,0.0,5,QUIROFANO(4),7730215000443,0.0,0.0
2000266,ETIBAC 100MG X 1 AMP (COLISTINA),0.0,5,URGENCIAS(2),7841134007274,0.0,0.0
2000266,ETIBAC 100MG X 1 AMP (COLISTINA),0.0,5,INTERNADO(3),7841134007274,0.0,0.0
2000266,ETIBAC 100MG X 1 AMP (COLISTINA),0.0,5,QUIROFANO(4),7841134007274,0.0,0.0
2000267,ETIBLOKER 10MG X 30 COMP (NEBIVOLOL),0.0,5,URGENCIAS(2),7841134007892,0.0,0.0
2000267,ETIBLOKER 10MG X 30 COMP (NEBIVOLOL),0.0,5,INTERNADO(3),7841134007892,0.0,0.0
2000267,ETIBLOKER 10MG X 30 COMP (NEBIVOLOL),0.0,5,QUIROFANO(4),7841134007892,0.0,0.0
2000268,ETIBLOKER 5 MG X 30 COMP.,0.0,5,URGENCIAS(2),7841134006246,0.0,0.0
2000268,ETIBLOKER 5 MG X 30 COMP.,0.0,5,INTERNADO(3),7841134006246,0.0,0.0
2000268,ETIBLOKER 5 MG X 30 COMP.,0.0,5,QUIROFANO(4),7841134006246,0.0,0.0
2000269,ETIDOL 400MG X 10 CAPS BLANDAS,0.0,5,URGENCIAS(2),7841134009926,0.0,0.0
2000269,ETIDOL 400MG X 10 CAPS BLANDAS,0.0,5,INTERNADO(3),7841134009926,0.0,0.0
2000269,ETIDOL 400MG X 10 CAPS BLANDAS,0.0,5,QUIROFANO(4),7841134009926,0.0,0.0
2000270,ETIDOL PLUS X 10 CAPS,0.0,5,URGENCIAS(2),7841134010564,0.0,0.0
2000270,ETIDOL PLUS X 10 CAPS,0.0,5,INTERNADO(3),7841134010564,0.0,0.0
2000270,ETIDOL PLUS X 10 CAPS,0.0,5,QUIROFANO(4),7841134010564,0.0,0.0
2000271,ETIMICIN 200MG SUSP X 30ML,0.0,5,URGENCIAS(2),7841134000602,0.0,0.0
2000271,ETIMICIN 200MG SUSP X 30ML,0.0,5,INTERNADO(3),7841134000602,0.0,0.0
2000271,ETIMICIN 200MG SUSP X 30ML,0.0,5,QUIROFANO(4),7841134000602,0.0,0.0
2000272,ETIMICIN 500MG X 6 COMP,0.0,5,URGENCIAS(2),7841134000619,0.0,0.0
2000272,ETIMICIN 500MG X 6 COMP,0.0,5,INTERNADO(3),7841134000619,0.0,0.0
2000272,ETIMICIN 500MG X 6 COMP,0.0,5,QUIROFANO(4),7841134000619,0.0,0.0
2000273,ETISONA 3 SOLUCION X 100ML,0.0,5,URGENCIAS(2),7841134005515,0.0,0.0
2000273,ETISONA 3 SOLUCION X 100ML,0.0,5,INTERNADO(3),7841134005515,0.0,0.0
2000273,ETISONA 3 SOLUCION X 100ML,0.0,5,QUIROFANO(4),7841134005515,0.0,0.0
2000274,"EUROCOR 2,5MG X 35 COMP",0.0,5,URGENCIAS(2),7800060416376,0.0,0.0
2000274,"EUROCOR 2,5MG X 35 COMP",0.0,5,INTERNADO(3),7800060416376,0.0,0.0
2000274,"EUROCOR 2,5MG X 35 COMP",0.0,5,QUIROFANO(4),7800060416376,0.0,0.0
2000275,EUROCOR 5 MG X 35 COMP,0.0,5,URGENCIAS(2),7800060416451,0.0,0.0
2000275,EUROCOR 5 MG X 35 COMP,0.0,5,INTERNADO(3),7800060416451,0.0,0.0
2000275,EUROCOR 5 MG X 35 COMP,0.0,5,QUIROFANO(4),7800060416451,0.0,0.0
2000276,EUROGESIC FORTE 550 MG X 10 COMP (NAPROXENO),0.0,5,URGENCIAS(2),7800060403987,0.0,0.0
2000276,EUROGESIC FORTE 550 MG X 10 COMP (NAPROXENO),0.0,5,INTERNADO(3),7800060403987,0.0,0.0
2000276,EUROGESIC FORTE 550 MG X 10 COMP (NAPROXENO),0.0,5,QUIROFANO(4),7800060403987,0.0,0.0
2000277,EUROMICINA 250MG SUSP X 80ML (CLARITROMICINA),0.0,5,URGENCIAS(2),7800060410176,0.0,0.0
2000277,EUROMICINA 250MG SUSP X 80ML (CLARITROMICINA),0.0,5,INTERNADO(3),7800060410176,0.0,0.0
2000277,EUROMICINA 250MG SUSP X 80ML (CLARITROMICINA),0.0,5,QUIROFANO(4),7800060410176,0.0,0.0
2000278,EUROMICINA 500MG X 14 COMP REC (CLARITROMICINA),0.0,5,URGENCIAS(2),7800060403710,0.0,0.0
2000278,EUROMICINA 500MG X 14 COMP REC (CLARITROMICINA),0.0,5,INTERNADO(3),7800060403710,0.0,0.0
2000278,EUROMICINA 500MG X 14 COMP REC (CLARITROMICINA),0.0,5,QUIROFANO(4),7800060403710,0.0,0.0
2000279,"EUROPRES AM-D 160/10/12,5 X 30 COMP REC",0.0,5,URGENCIAS(2),7800060151567,0.0,0.0
2000279,"EUROPRES AM-D 160/10/12,5 X 30 COMP REC",0.0,5,INTERNADO(3),7800060151567,0.0,0.0
2000279,"EUROPRES AM-D 160/10/12,5 X 30 COMP REC",0.0,5,QUIROFANO(4),7800060151567,0.0,0.0
2000280,EUROVIR 400 MG X 15 COMP,0.0,5,URGENCIAS(2),7800060410336,0.0,0.0
2000280,EUROVIR 400 MG X 15 COMP,0.0,5,INTERNADO(3),7800060410336,0.0,0.0
2000280,EUROVIR 400 MG X 15 COMP,0.0,5,QUIROFANO(4),7800060410336,0.0,0.0
2000281,EUROVIR 800MG X 5 COMP,0.0,5,URGENCIAS(2),7800060403475,0.0,0.0
2000281,EUROVIR 800MG X 5 COMP,0.0,5,INTERNADO(3),7800060403475,0.0,0.0
2000281,EUROVIR 800MG X 5 COMP,0.0,5,QUIROFANO(4),7800060403475,0.0,0.0
2000282,EUROVIR CREMA X 5GR,0.0,5,URGENCIAS(2),7800060403123,0.0,0.0
2000282,EUROVIR CREMA X 5GR,0.0,5,INTERNADO(3),7800060403123,0.0,0.0
2000282,EUROVIR CREMA X 5GR,0.0,5,QUIROFANO(4),7800060403123,0.0,0.0
2000283,EXTRAFER GOTAS 30 ML,0.0,5,URGENCIAS(2),7840199110448,0.0,0.0
2000283,EXTRAFER GOTAS 30 ML,0.0,5,INTERNADO(3),7840199110448,0.0,0.0
2000283,EXTRAFER GOTAS 30 ML,0.0,5,QUIROFANO(4),7840199110448,0.0,0.0
2000284,EXTRAFER JARABE 120 ML,0.0,5,URGENCIAS(2),7840199086613,0.0,0.0
2000284,EXTRAFER JARABE 120 ML,0.0,5,INTERNADO(3),7840199086613,0.0,0.0
2000284,EXTRAFER JARABE 120 ML,0.0,5,QUIROFANO(4),7840199086613,0.0,0.0
2000285,FACTOR AG 200MG X 10 COMP,0.0,5,URGENCIAS(2),7791909106520,0.0,0.0
2000285,FACTOR AG 200MG X 10 COMP,0.0,5,INTERNADO(3),7791909106520,0.0,0.0
2000285,FACTOR AG 200MG X 10 COMP,0.0,5,QUIROFANO(4),7791909106520,0.0,0.0
2000286,FACTOR AG ANTIESPASMODICO GOTAS X 30ML,0.0,5,URGENCIAS(2),7791909105561,0.0,0.0
2000286,FACTOR AG ANTIESPASMODICO GOTAS X 30ML,0.0,5,INTERNADO(3),7791909105561,0.0,0.0
2000286,FACTOR AG ANTIESPASMODICO GOTAS X 30ML,0.0,5,QUIROFANO(4),7791909105561,0.0,0.0
2000287,FACTOR AG FORTE EMULSION 60ML,0.0,5,URGENCIAS(2),7791909107992,0.0,0.0
2000287,FACTOR AG FORTE EMULSION 60ML,0.0,5,INTERNADO(3),7791909107992,0.0,0.0
2000287,FACTOR AG FORTE EMULSION 60ML,0.0,5,QUIROFANO(4),7791909107992,0.0,0.0
2000288,FACTOR AG PEDIATRICO GTS X 30ML,0.0,5,URGENCIAS(2),7791909104496,0.0,0.0
2000288,FACTOR AG PEDIATRICO GTS X 30ML,0.0,5,INTERNADO(3),7791909104496,0.0,0.0
2000288,FACTOR AG PEDIATRICO GTS X 30ML,0.0,5,QUIROFANO(4),7791909104496,0.0,0.0
2000289,FACTOR DERMICO CREMA 10 GR,0.0,5,URGENCIAS(2),7791909104861,0.0,0.0
2000289,FACTOR DERMICO CREMA 10 GR,0.0,5,INTERNADO(3),7791909104861,0.0,0.0
2000289,FACTOR DERMICO CREMA 10 GR,0.0,5,QUIROFANO(4),7791909104861,0.0,0.0
2000290,FAMODINA 100MCG X 1 AMP 2ML,0.0,5,URGENCIAS(2),7841134007205,0.0,0.0
2000290,FAMODINA 100MCG X 1 AMP 2ML,0.0,5,INTERNADO(3),7841134007205,0.0,0.0
2000290,FAMODINA 100MCG X 1 AMP 2ML,0.0,5,QUIROFANO(4),7841134007205,0.0,0.0
2000291,FBUSTAT 80 MG X 20 COMP REC (FEBUXOSTAT),0.0,5,URGENCIAS(2),7841134007106,0.0,0.0
2000291,FBUSTAT 80 MG X 20 COMP REC (FEBUXOSTAT),0.0,5,INTERNADO(3),7841134007106,0.0,0.0
2000291,FBUSTAT 80 MG X 20 COMP REC (FEBUXOSTAT),0.0,5,QUIROFANO(4),7841134007106,0.0,0.0
2000292,"FENTANEST (CITRATO DE FENTANILO) 0,05MG/2ML",14000.0,5,FARMACIA INTERNA(1),2000292,0.0,6.0
2000292,"FENTANEST (CITRATO DE FENTANILO) 0,05MG/2ML",14000.0,5,URGENCIAS(2),2000292,0.0,0.0
2000292,"FENTANEST (CITRATO DE FENTANILO) 0,05MG/2ML",14000.0,5,INTERNADO(3),2000292,0.0,0.0
2000292,"FENTANEST (CITRATO DE FENTANILO) 0,05MG/2ML",14000.0,5,QUIROFANO(4),2000292,0.0,0.0
2000292,"FENTANEST (CITRATO DE FENTANILO) 0,05MG/2ML",14000.0,5,ADMINISTRACION,2000292,0.0,0.0
2000292,"FENTANEST (CITRATO DE FENTANILO) 0,05MG/2ML",14000.0,5,CARRO DE PARO,2000292,0.0,0.0
2000293,FERZIMAN 600MG X 20 COMP,0.0,5,URGENCIAS(2),7840199098005,0.0,0.0
2000293,FERZIMAN 600MG X 20 COMP,0.0,5,INTERNADO(3),7840199098005,0.0,0.0
2000293,FERZIMAN 600MG X 20 COMP,0.0,5,QUIROFANO(4),7840199098005,0.0,0.0
2000294,FIBROX XR 10MG X 20 COMP,0.0,5,URGENCIAS(2),7800060124080,0.0,0.0
2000294,FIBROX XR 10MG X 20 COMP,0.0,5,INTERNADO(3),7800060124080,0.0,0.0
2000294,FIBROX XR 10MG X 20 COMP,0.0,5,QUIROFANO(4),7800060124080,0.0,0.0
2000295,FISIODERM CREMA X 30 GR,53570.0,5,URGENCIAS(2),7793742008030,0.0,1.0
2000295,FISIODERM CREMA X 30 GR,53570.0,5,INTERNADO(3),7793742008030,0.0,0.0
2000295,FISIODERM CREMA X 30 GR,53570.0,5,QUIROFANO(4),7793742008030,0.0,0.0
2000296,FITOMENADIONA VITAMINA K 10MG X 1 AMP SUTCUTANEA,0.0,5,URGENCIAS(2),8400000000000,0.0,0.0
2000296,FITOMENADIONA VITAMINA K 10MG X 1 AMP SUTCUTANEA,0.0,5,INTERNADO(3),8400000000000,0.0,0.0
2000296,FITOMENADIONA VITAMINA K 10MG X 1 AMP SUTCUTANEA,0.0,5,QUIROFANO(4),8400000000000,0.0,0.0
2000297,FLEET ENEMA INFANTIL FCO X 66ML,42000.0,5,URGENCIAS(2),301320202601,0.0,3.0
2000297,FLEET ENEMA INFANTIL FCO X 66ML,42000.0,5,INTERNADO(3),301320202601,0.0,0.0
2000297,FLEET ENEMA INFANTIL FCO X 66ML,42000.0,5,QUIROFANO(4),301320202601,0.0,0.0
2000297,FLEET ENEMA INFANTIL FCO X 66ML,42000.0,5,ADMINISTRACION,301320202601,0.0,0.0
2000297,FLEET ENEMA INFANTIL FCO X 66ML,42000.0,5,CARRO DE PARO,301320202601,0.0,0.0
2000298,FLEMEX JAT JBE X 120 ML,0.0,5,URGENCIAS(2),7800026025505,0.0,0.0
2000298,FLEMEX JAT JBE X 120 ML,0.0,5,INTERNADO(3),7800026025505,0.0,0.0
2000298,FLEMEX JAT JBE X 120 ML,0.0,5,QUIROFANO(4),7800026025505,0.0,0.0
2000299,FLEXICAMIN B12 X 1 AMP,0.0,5,URGENCIAS(2),8400000003148,0.0,0.0
2000299,FLEXICAMIN B12 X 1 AMP,0.0,5,INTERNADO(3),8400000003148,0.0,0.0
2000299,FLEXICAMIN B12 X 1 AMP,0.0,5,QUIROFANO(4),8400000003148,0.0,0.0
2000300,FLEXINA 600MG X 20 COMP,0.0,5,URGENCIAS(2),7791984001031,0.0,0.0
2000300,FLEXINA 600MG X 20 COMP,0.0,5,INTERNADO(3),7791984001031,0.0,0.0
2000300,FLEXINA 600MG X 20 COMP,0.0,5,QUIROFANO(4),7791984001031,0.0,0.0
2000301,FLOGIATRIN B12 NF X 1 AMP + SOLV,0.0,5,URGENCIAS(2),7840775402264,0.0,0.0
2000301,FLOGIATRIN B12 NF X 1 AMP + SOLV,0.0,5,INTERNADO(3),7840775402264,0.0,0.0
2000301,FLOGIATRIN B12 NF X 1 AMP + SOLV,0.0,5,QUIROFANO(4),7840775402264,0.0,0.0
2000302,"FLUMAZENIL 0,5MG AMP",0.0,5,URGENCIAS(2),8400000003223,0.0,0.0
2000302,"FLUMAZENIL 0,5MG AMP",0.0,5,INTERNADO(3),8400000003223,0.0,0.0
2000302,"FLUMAZENIL 0,5MG AMP",0.0,5,QUIROFANO(4),8400000003223,0.0,0.0
2000303,FLUOMIT ADULTO X 120ML,0.0,5,URGENCIAS(2),7800007802040,0.0,0.0
2000303,FLUOMIT ADULTO X 120ML,0.0,5,INTERNADO(3),7800007802040,0.0,0.0
2000303,FLUOMIT ADULTO X 120ML,0.0,5,QUIROFANO(4),7800007802040,0.0,0.0
2000304,FLUSTEINA 300 X 1AMP 100MG/ML (ACETILCISTEINA),0.0,5,URGENCIAS(2),7840213267400,0.0,0.0
2000304,FLUSTEINA 300 X 1AMP 100MG/ML (ACETILCISTEINA),0.0,5,INTERNADO(3),7840213267400,0.0,0.0
2000304,FLUSTEINA 300 X 1AMP 100MG/ML (ACETILCISTEINA),0.0,5,QUIROFANO(4),7840213267400,0.0,0.0
2000305,FLUSTEINA 600 X 30 SOBRES X 5 GR,0.0,5,URGENCIAS(2),7840213255148,0.0,0.0
2000305,FLUSTEINA 600 X 30 SOBRES X 5 GR,0.0,5,INTERNADO(3),7840213255148,0.0,0.0
2000305,FLUSTEINA 600 X 30 SOBRES X 5 GR,0.0,5,QUIROFANO(4),7840213255148,0.0,0.0
2000306,FLUSTEINA SOL. ORAL X 100ML,0.0,5,URGENCIAS(2),7840213261514,0.0,0.0
2000306,FLUSTEINA SOL. ORAL X 100ML,0.0,5,INTERNADO(3),7840213261514,0.0,0.0
2000306,FLUSTEINA SOL. ORAL X 100ML,0.0,5,QUIROFANO(4),7840213261514,0.0,0.0
2000307,FLUTEROL 250 MCG SUSP. INHA X 120 DOSIS,0.0,5,URGENCIAS(2),7841134003207,0.0,0.0
2000307,FLUTEROL 250 MCG SUSP. INHA X 120 DOSIS,0.0,5,INTERNADO(3),7841134003207,0.0,0.0
2000307,FLUTEROL 250 MCG SUSP. INHA X 120 DOSIS,0.0,5,QUIROFANO(4),7841134003207,0.0,0.0
2000308,FLUTISAN PLUS SPRAY NASAL X 12ML,0.0,5,URGENCIAS(2),7841134008639,0.0,0.0
2000308,FLUTISAN PLUS SPRAY NASAL X 12ML,0.0,5,INTERNADO(3),7841134008639,0.0,0.0
2000308,FLUTISAN PLUS SPRAY NASAL X 12ML,0.0,5,QUIROFANO(4),7841134008639,0.0,0.0
2000309,FORTINIL (ETILEFRINA 10MG X 1ML),53000.0,5,URGENCIAS(2),7840213028940,0.0,0.0
2000309,FORTINIL (ETILEFRINA 10MG X 1ML),53000.0,5,INTERNADO(3),7840213028940,0.0,0.0
2000309,FORTINIL (ETILEFRINA 10MG X 1ML),53000.0,5,QUIROFANO(4),7840213028940,0.0,0.0
2000310,FORTINIL X 30 COMP,0.0,5,URGENCIAS(2),7840213028926,0.0,0.0
2000310,FORTINIL X 30 COMP,0.0,5,INTERNADO(3),7840213028926,0.0,0.0
2000310,FORTINIL X 30 COMP,0.0,5,QUIROFANO(4),7840213028926,0.0,0.0
2000311,FOSFO DOM SOL. ORAL X 45ML,0.0,5,URGENCIAS(2),7795327000118,0.0,0.0
2000311,FOSFO DOM SOL. ORAL X 45ML,0.0,5,INTERNADO(3),7795327000118,0.0,0.0
2000311,FOSFO DOM SOL. ORAL X 45ML,0.0,5,QUIROFANO(4),7795327000118,0.0,0.0
2000312,FOSFOSODA JENGIBRE LIMON FCO.45 ML,0.0,5,URGENCIAS(2),301320105049,0.0,0.0
2000312,FOSFOSODA JENGIBRE LIMON FCO.45 ML,0.0,5,INTERNADO(3),301320105049,0.0,0.0
2000312,FOSFOSODA JENGIBRE LIMON FCO.45 ML,0.0,5,QUIROFANO(4),301320105049,0.0,0.0
2000312,FOSFOSODA JENGIBRE LIMON FCO.45 ML,0.0,5,ADMINISTRACION,301320105049,0.0,0.0
2000312,FOSFOSODA JENGIBRE LIMON FCO.45 ML,0.0,5,CARRO DE PARO,301320105049,0.0,0.0
2000313,FOTORRETIN SOL. OFTALMICA X 5ML,0.0,5,URGENCIAS(2),7795368000979,0.0,0.0
2000313,FOTORRETIN SOL. OFTALMICA X 5ML,0.0,5,INTERNADO(3),7795368000979,0.0,0.0
2000313,FOTORRETIN SOL. OFTALMICA X 5ML,0.0,5,QUIROFANO(4),7795368000979,0.0,0.0
2000314,FUCOXIN (CIPRO) 400MG FCO AMP 200ML,195000.0,5,URGENCIAS(2),7840036005517,0.0,0.0
2000314,FUCOXIN (CIPRO) 400MG FCO AMP 200ML,195000.0,5,INTERNADO(3),7840036005517,0.0,0.0
2000314,FUCOXIN (CIPRO) 400MG FCO AMP 200ML,195000.0,5,QUIROFANO(4),7840036005517,0.0,0.0
2000315,FUSIFAR CREMA X 15GR,77320.0,5,URGENCIAS(2),7840653006836,0.0,0.0
2000315,FUSIFAR CREMA X 15GR,77320.0,5,INTERNADO(3),7840653006836,0.0,0.0
2000315,FUSIFAR CREMA X 15GR,77320.0,5,QUIROFANO(4),7840653006836,0.0,0.0
2000316,FUSIMED B EMULSION OTONASAL X 15GRS,0.0,5,URGENCIAS(2),7795373013773,0.0,0.0
2000316,FUSIMED B EMULSION OTONASAL X 15GRS,0.0,5,INTERNADO(3),7795373013773,0.0,0.0
2000316,FUSIMED B EMULSION OTONASAL X 15GRS,0.0,5,QUIROFANO(4),7795373013773,0.0,0.0
2000317,GADAVYT PROTEIN PA 10G/30ML X 900 ML,0.0,5,URGENCIAS(2),854933100210,0.0,0.0
2000317,GADAVYT PROTEIN PA 10G/30ML X 900 ML,0.0,5,INTERNADO(3),854933100210,0.0,0.0
2000317,GADAVYT PROTEIN PA 10G/30ML X 900 ML,0.0,5,QUIROFANO(4),854933100210,0.0,0.0
2000317,GADAVYT PROTEIN PA 10G/30ML X 900 ML,0.0,5,ADMINISTRACION,854933100210,0.0,0.0
2000317,GADAVYT PROTEIN PA 10G/30ML X 900 ML,0.0,5,CARRO DE PARO,854933100210,0.0,0.0
2000318,GADOLIP 135MG X 30 CAPS,0.0,5,URGENCIAS(2),7792183000719,0.0,0.0
2000318,GADOLIP 135MG X 30 CAPS,0.0,5,INTERNADO(3),7792183000719,0.0,0.0
2000318,GADOLIP 135MG X 30 CAPS,0.0,5,QUIROFANO(4),7792183000719,0.0,0.0
2000319,GASTIFLAT PLUS X 30 COMP,0.0,5,URGENCIAS(2),7840213034606,0.0,0.0
2000319,GASTIFLAT PLUS X 30 COMP,0.0,5,INTERNADO(3),7840213034606,0.0,0.0
2000319,GASTIFLAT PLUS X 30 COMP,0.0,5,QUIROFANO(4),7840213034606,0.0,0.0
2000320,GASTOP 200MG X 10 CAPS BLAN (SIMETICONA),0.0,5,URGENCIAS(2),7841134019765,0.0,0.0
2000320,GASTOP 200MG X 10 CAPS BLAN (SIMETICONA),0.0,5,INTERNADO(3),7841134019765,0.0,0.0
2000320,GASTOP 200MG X 10 CAPS BLAN (SIMETICONA),0.0,5,QUIROFANO(4),7841134019765,0.0,0.0
2000321,GASTRICALM 20MG X 10 CAPS,0.0,5,URGENCIAS(2),7840282033975,0.0,0.0
2000321,GASTRICALM 20MG X 10 CAPS,0.0,5,INTERNADO(3),7840282033975,0.0,0.0
2000321,GASTRICALM 20MG X 10 CAPS,0.0,5,QUIROFANO(4),7840282033975,0.0,0.0
2000322,OMEPRAZOL 40MG (QUIMFA),125424.0,5,URGENCIAS(2),7841134000664,0.0,15.0
2000322,OMEPRAZOL 40MG (QUIMFA),125424.0,5,INTERNADO(3),7841134000664,0.0,0.0
2000322,OMEPRAZOL 40MG (QUIMFA),125424.0,5,QUIROFANO(4),7841134000664,0.0,0.0
2000323,GELASPAN 500ML,0.0,5,URGENCIAS(2),7501052712697,0.0,0.0
2000323,GELASPAN 500ML,0.0,5,INTERNADO(3),7501052712697,0.0,0.0
2000323,GELASPAN 500ML,0.0,5,QUIROFANO(4),7501052712697,0.0,0.0
2000324,GENTAL (GENTAMICINA) 400MG FCO AMP,26350.0,5,URGENCIAS(2),7840199001586,0.0,4.0
2000324,GENTAL (GENTAMICINA) 400MG FCO AMP,26350.0,5,INTERNADO(3),7840199001586,0.0,0.0
2000324,GENTAL (GENTAMICINA) 400MG FCO AMP,26350.0,5,QUIROFANO(4),7840199001586,0.0,0.0
2000325,GERMILISIN ESPUMA X 130 ML,0.0,5,URGENCIAS(2),7795373002081,0.0,0.0
2000325,GERMILISIN ESPUMA X 130 ML,0.0,5,INTERNADO(3),7795373002081,0.0,0.0
2000325,GERMILISIN ESPUMA X 130 ML,0.0,5,QUIROFANO(4),7795373002081,0.0,0.0
2000326,GIVOTAN 100MG SUSP X 60 ML,0.0,5,URGENCIAS(2),7861148020434,0.0,0.0
2000326,GIVOTAN 100MG SUSP X 60 ML,0.0,5,INTERNADO(3),7861148020434,0.0,0.0
2000326,GIVOTAN 100MG SUSP X 60 ML,0.0,5,QUIROFANO(4),7861148020434,0.0,0.0
2000328,"GLICERIN NIÑOS 1,25GR X 1 SUPOS",3666.0,5,URGENCIAS(2),7840036005777,0.0,20.0
2000328,"GLICERIN NIÑOS 1,25GR X 1 SUPOS",3666.0,5,INTERNADO(3),7840036005777,0.0,0.0
2000328,"GLICERIN NIÑOS 1,25GR X 1 SUPOS",3666.0,5,QUIROFANO(4),7840036005777,0.0,0.0
2000329,GLUCONATO DE CALCIO 10ML X 1 AMP (QUIMFA),13760.0,5,URGENCIAS(2),7840213266083,0.0,0.0
2000329,GLUCONATO DE CALCIO 10ML X 1 AMP (QUIMFA),13760.0,5,INTERNADO(3),7840213266083,0.0,0.0
2000329,GLUCONATO DE CALCIO 10ML X 1 AMP (QUIMFA),13760.0,5,QUIROFANO(4),7840213266083,0.0,0.0
2000330,GLUTAPAK R 15GR X 1 SOBRE,0.0,5,URGENCIAS(2),612197755559,0.0,0.0
2000330,GLUTAPAK R 15GR X 1 SOBRE,0.0,5,INTERNADO(3),612197755559,0.0,0.0
2000330,GLUTAPAK R 15GR X 1 SOBRE,0.0,5,QUIROFANO(4),612197755559,0.0,0.0
2000330,GLUTAPAK R 15GR X 1 SOBRE,0.0,5,ADMINISTRACION,612197755559,0.0,0.0
2000330,GLUTAPAK R 15GR X 1 SOBRE,0.0,5,CARRO DE PARO,612197755559,0.0,0.0
2000331,GLYPRESSIN 1MG X 1 AMP (TERLIPRESINA ACETATO),0.0,5,URGENCIAS(2),7798025130132,0.0,0.0
2000331,GLYPRESSIN 1MG X 1 AMP (TERLIPRESINA ACETATO),0.0,5,INTERNADO(3),7798025130132,0.0,0.0
2000331,GLYPRESSIN 1MG X 1 AMP (TERLIPRESINA ACETATO),0.0,5,QUIROFANO(4),7798025130132,0.0,0.0
2000332,GYNPROGEST 200 MG X 30 CAPS,0.0,5,URGENCIAS(2),7841134008998,0.0,0.0
2000332,GYNPROGEST 200 MG X 30 CAPS,0.0,5,INTERNADO(3),7841134008998,0.0,0.0
2000332,GYNPROGEST 200 MG X 30 CAPS,0.0,5,QUIROFANO(4),7841134008998,0.0,0.0
2000333,HEMOVAL 100MG X 40 COMP.MAST.,0.0,5,URGENCIAS(2),7800060124677,0.0,0.0
2000333,HEMOVAL 100MG X 40 COMP.MAST.,0.0,5,INTERNADO(3),7800060124677,0.0,0.0
2000333,HEMOVAL 100MG X 40 COMP.MAST.,0.0,5,QUIROFANO(4),7800060124677,0.0,0.0
2000334,HEMOVAL 50MG GTS X 30 ML,0.0,5,URGENCIAS(2),7800060124752,0.0,0.0
2000334,HEMOVAL 50MG GTS X 30 ML,0.0,5,INTERNADO(3),7800060124752,0.0,0.0
2000334,HEMOVAL 50MG GTS X 30 ML,0.0,5,QUIROFANO(4),7800060124752,0.0,0.0
2000335,HEXALER NASAL X 120ML,0.0,5,URGENCIAS(2),7795380043138,0.0,0.0
2000335,HEXALER NASAL X 120ML,0.0,5,INTERNADO(3),7795380043138,0.0,0.0
2000335,HEXALER NASAL X 120ML,0.0,5,QUIROFANO(4),7795380043138,0.0,0.0
2000336,HEXODERM FORTE CREMA 20 GR,0.0,5,URGENCIAS(2),7841134000725,0.0,0.0
2000336,HEXODERM FORTE CREMA 20 GR,0.0,5,INTERNADO(3),7841134000725,0.0,0.0
2000336,HEXODERM FORTE CREMA 20 GR,0.0,5,QUIROFANO(4),7841134000725,0.0,0.0
2000337,HIDRAMIL 50 X 30 COMP,0.0,5,URGENCIAS(2),7840213035627,0.0,0.0
2000337,HIDRAMIL 50 X 30 COMP,0.0,5,INTERNADO(3),7840213035627,0.0,0.0
2000337,HIDRAMIL 50 X 30 COMP,0.0,5,QUIROFANO(4),7840213035627,0.0,0.0
2000338,HIDRASEC 100MG X 9 CAPS,0.0,5,URGENCIAS(2),8433042001506,0.0,0.0
2000338,HIDRASEC 100MG X 9 CAPS,0.0,5,INTERNADO(3),8433042001506,0.0,0.0
2000338,HIDRASEC 100MG X 9 CAPS,0.0,5,QUIROFANO(4),8433042001506,0.0,0.0
2000339,HIDRASEC 10MG X 18 SOBRES,0.0,5,URGENCIAS(2),8433042001513,0.0,0.0
2000339,HIDRASEC 10MG X 18 SOBRES,0.0,5,INTERNADO(3),8433042001513,0.0,0.0
2000339,HIDRASEC 10MG X 18 SOBRES,0.0,5,QUIROFANO(4),8433042001513,0.0,0.0
2000340,HIDRASEC 30MG X 18 SOBRES,0.0,5,URGENCIAS(2),8433042001520,0.0,0.0
2000340,HIDRASEC 30MG X 18 SOBRES,0.0,5,INTERNADO(3),8433042001520,0.0,0.0
2000340,HIDRASEC 30MG X 18 SOBRES,0.0,5,QUIROFANO(4),8433042001520,0.0,0.0
2000341,HIDROCORTISONA 500 MG AMP (ETICOS),55000.0,5,URGENCIAS(2),7841134006499,0.0,0.0
2000341,HIDROCORTISONA 500 MG AMP (ETICOS),55000.0,5,INTERNADO(3),7841134006499,0.0,0.0
2000341,HIDROCORTISONA 500 MG AMP (ETICOS),55000.0,5,QUIROFANO(4),7841134006499,0.0,0.0
2000342,HIDROMAX 20 (FUROSEMIDA 20MG X 2ML),10000.0,5,URGENCIAS(2),7840213260043,0.0,0.0
2000342,HIDROMAX 20 (FUROSEMIDA 20MG X 2ML),10000.0,5,INTERNADO(3),7840213260043,0.0,0.0
2000342,HIDROMAX 20 (FUROSEMIDA 20MG X 2ML),10000.0,5,QUIROFANO(4),7840213260043,0.0,0.0
2000343,HIPERTONICA 50% 10ML,0.0,5,URGENCIAS(2),7898415823115,0.0,0.0
2000343,HIPERTONICA 50% 10ML,0.0,5,INTERNADO(3),7898415823115,0.0,0.0
2000343,HIPERTONICA 50% 10ML,0.0,5,QUIROFANO(4),7898415823115,0.0,0.0
2000344,HIPOGLOS MICO PDA X 30G,0.0,5,URGENCIAS(2),7793742002946,0.0,0.0
2000344,HIPOGLOS MICO PDA X 30G,0.0,5,INTERNADO(3),7793742002946,0.0,0.0
2000344,HIPOGLOS MICO PDA X 30G,0.0,5,QUIROFANO(4),7793742002946,0.0,0.0
2000345,HIPOGLOS POMADA X 50GR,0.0,5,URGENCIAS(2),7793742001963,0.0,0.0
2000345,HIPOGLOS POMADA X 50GR,0.0,5,INTERNADO(3),7793742001963,0.0,0.0
2000345,HIPOGLOS POMADA X 50GR,0.0,5,QUIROFANO(4),7793742001963,0.0,0.0
2000346,HONTOCAL 20MG X 10 COMP,42000.0,5,URGENCIAS(2),7840653002333,0.0,0.0
2000346,HONTOCAL 20MG X 10 COMP,42000.0,5,INTERNADO(3),7840653002333,0.0,0.0
2000346,HONTOCAL 20MG X 10 COMP,42000.0,5,QUIROFANO(4),7840653002333,0.0,0.0
2000347,HONTOCAL 60 (KETOROLAC TROMETAINA 60MG) X AMP 2ML,27000.0,5,URGENCIAS(2),7840653009127,0.0,0.0
2000347,HONTOCAL 60 (KETOROLAC TROMETAINA 60MG) X AMP 2ML,27000.0,5,INTERNADO(3),7840653009127,0.0,0.0
2000347,HONTOCAL 60 (KETOROLAC TROMETAINA 60MG) X AMP 2ML,27000.0,5,QUIROFANO(4),7840653009127,0.0,0.0
2000348,HYPERSOL B 50 SPRAY NASAL 10 ML,0.0,5,URGENCIAS(2),7795373011755,0.0,0.0
2000348,HYPERSOL B 50 SPRAY NASAL 10 ML,0.0,5,INTERNADO(3),7795373011755,0.0,0.0
2000348,HYPERSOL B 50 SPRAY NASAL 10 ML,0.0,5,QUIROFANO(4),7795373011755,0.0,0.0
2000349,IDON GOTAS X 15ML,0.0,5,URGENCIAS(2),7800060009363,0.0,0.0
2000349,IDON GOTAS X 15ML,0.0,5,INTERNADO(3),7800060009363,0.0,0.0
2000349,IDON GOTAS X 15ML,0.0,5,QUIROFANO(4),7800060009363,0.0,0.0
2000350,ILTUX 20MG X 28COMP,0.0,5,URGENCIAS(2),7841141002699,0.0,0.0
2000350,ILTUX 20MG X 28COMP,0.0,5,INTERNADO(3),7841141002699,0.0,0.0
2000350,ILTUX 20MG X 28COMP,0.0,5,QUIROFANO(4),7841141002699,0.0,0.0
2000351,ILTUX 40MG X 28COMP,0.0,5,URGENCIAS(2),7841141002712,0.0,0.0
2000351,ILTUX 40MG X 28COMP,0.0,5,INTERNADO(3),7841141002712,0.0,0.0
2000351,ILTUX 40MG X 28COMP,0.0,5,QUIROFANO(4),7841141002712,0.0,0.0
2000352,"ILTUX HCT 40/12,5MG X 28 COMP",0.0,5,URGENCIAS(2),7841141002750,0.0,0.0
2000352,"ILTUX HCT 40/12,5MG X 28 COMP",0.0,5,INTERNADO(3),7841141002750,0.0,0.0
2000352,"ILTUX HCT 40/12,5MG X 28 COMP",0.0,5,QUIROFANO(4),7841141002750,0.0,0.0
2000353,ILTUXAM 40/10MG X 28 COMP,0.0,5,URGENCIAS(2),7841141003474,0.0,0.0
2000353,ILTUXAM 40/10MG X 28 COMP,0.0,5,INTERNADO(3),7841141003474,0.0,0.0
2000353,ILTUXAM 40/10MG X 28 COMP,0.0,5,QUIROFANO(4),7841141003474,0.0,0.0
2000354,ILTUXAM 40/5MG X 28 COMP,0.0,5,URGENCIAS(2),7841141003450,0.0,0.0
2000354,ILTUXAM 40/5MG X 28 COMP,0.0,5,INTERNADO(3),7841141003450,0.0,0.0
2000354,ILTUXAM 40/5MG X 28 COMP,0.0,5,QUIROFANO(4),7841141003450,0.0,0.0
2000355,ILTUXAM HCT 40/10/25MG X 28 COMP,0.0,5,URGENCIAS(2),7841141003795,0.0,0.0
2000355,ILTUXAM HCT 40/10/25MG X 28 COMP,0.0,5,INTERNADO(3),7841141003795,0.0,0.0
2000355,ILTUXAM HCT 40/10/25MG X 28 COMP,0.0,5,QUIROFANO(4),7841141003795,0.0,0.0
2000356,IMIPENEM - CILASTATINA LIBRA X 1 AMP IV,0.0,5,URGENCIAS(2),8400000017107,0.0,0.0
2000356,IMIPENEM - CILASTATINA LIBRA X 1 AMP IV,0.0,5,INTERNADO(3),8400000017107,0.0,0.0
2000356,IMIPENEM - CILASTATINA LIBRA X 1 AMP IV,0.0,5,QUIROFANO(4),8400000017107,0.0,0.0
2000357,INDUCTAL 3MG X 30 COMP,0.0,5,URGENCIAS(2),7795345123271,0.0,0.0
2000357,INDUCTAL 3MG X 30 COMP,0.0,5,INTERNADO(3),7795345123271,0.0,0.0
2000357,INDUCTAL 3MG X 30 COMP,0.0,5,QUIROFANO(4),7795345123271,0.0,0.0
2000358,INMUNEX PLUS 131 GR X 1 SOBRE,0.0,5,URGENCIAS(2),612197877770,0.0,0.0
2000358,INMUNEX PLUS 131 GR X 1 SOBRE,0.0,5,INTERNADO(3),612197877770,0.0,0.0
2000358,INMUNEX PLUS 131 GR X 1 SOBRE,0.0,5,QUIROFANO(4),612197877770,0.0,0.0
2000358,INMUNEX PLUS 131 GR X 1 SOBRE,0.0,5,ADMINISTRACION,612197877770,0.0,0.0
2000358,INMUNEX PLUS 131 GR X 1 SOBRE,0.0,5,CARRO DE PARO,612197877770,0.0,0.0
2000359,INMUNOGLOBULINA HUMANA ANTI-D (KEDRION),0.0,5,URGENCIAS(2),7841134010335,0.0,0.0
2000359,INMUNOGLOBULINA HUMANA ANTI-D (KEDRION),0.0,5,INTERNADO(3),7841134010335,0.0,0.0
2000359,INMUNOGLOBULINA HUMANA ANTI-D (KEDRION),0.0,5,QUIROFANO(4),7841134010335,0.0,0.0
2000360,INVANZ 1 G (ERTAPENEM),0.0,5,URGENCIAS(2),7797991146826,0.0,0.0
2000360,INVANZ 1 G (ERTAPENEM),0.0,5,INTERNADO(3),7797991146826,0.0,0.0
2000360,INVANZ 1 G (ERTAPENEM),0.0,5,QUIROFANO(4),7797991146826,0.0,0.0
2000361,IRRIGOR FORTE COMP X,30.0,0,5 URGENCIAS(2),7841141001524,0.0,0.0
2000361,IRRIGOR FORTE COMP X,30.0,0,5 INTERNADO(3),7841141001524,0.0,0.0
2000361,IRRIGOR FORTE COMP X,30.0,0,5 QUIROFANO(4),7841141001524,0.0,0.0
2000362,IRUXOL POMADA 30 GR,0.0,5,URGENCIAS(2),7896255702874,0.0,0.0
2000362,IRUXOL POMADA 30 GR,0.0,5,INTERNADO(3),7896255702874,0.0,0.0
2000362,IRUXOL POMADA 30 GR,0.0,5,QUIROFANO(4),7896255702874,0.0,0.0
2000363,IVERMECTINA 6 MG X 10COMP (GUAYAKI),0.0,5,URGENCIAS(2),7840282033753,0.0,0.0
2000363,IVERMECTINA 6 MG X 10COMP (GUAYAKI),0.0,5,INTERNADO(3),7840282033753,0.0,0.0
2000363,IVERMECTINA 6 MG X 10COMP (GUAYAKI),0.0,5,QUIROFANO(4),7840282033753,0.0,0.0
2000364,KC RUTIN X 20 COMP,0.0,5,URGENCIAS(2),7841106000494,0.0,0.0
2000364,KC RUTIN X 20 COMP,0.0,5,INTERNADO(3),7841106000494,0.0,0.0
2000364,KC RUTIN X 20 COMP,0.0,5,QUIROFANO(4),7841106000494,0.0,0.0
2000365,KEDOLAC 20 MG X 10 COMP,0.0,5,URGENCIAS(2),7841106002269,0.0,0.0
2000365,KEDOLAC 20 MG X 10 COMP,0.0,5,INTERNADO(3),7841106002269,0.0,0.0
2000365,KEDOLAC 20 MG X 10 COMP,0.0,5,QUIROFANO(4),7841106002269,0.0,0.0
2000366,KITADOL 200 MG SUSP FCO. 100 ML,31000.0,5,URGENCIAS(2),7840199086521,0.0,0.0
2000366,KITADOL 200 MG SUSP FCO. 100 ML,31000.0,5,INTERNADO(3),7840199086521,0.0,0.0
2000366,KITADOL 200 MG SUSP FCO. 100 ML,31000.0,5,QUIROFANO(4),7840199086521,0.0,0.0
2000367,KITADOL FORTE X 20 COMP,0.0,5,URGENCIAS(2),7840199086491,0.0,0.0
2000367,KITADOL FORTE X 20 COMP,0.0,5,INTERNADO(3),7840199086491,0.0,0.0
2000367,KITADOL FORTE X 20 COMP,0.0,5,QUIROFANO(4),7840199086491,0.0,0.0
2000368,KITADOL RAPID 400MG X 10 CAPS,0.0,5,FARMACIA INTERNA(1),2000368,0.0,0.0
2000368,KITADOL RAPID 400MG X 10 CAPS,0.0,5,URGENCIAS(2),2000368,0.0,0.0
2000368,KITADOL RAPID 400MG X 10 CAPS,0.0,5,INTERNADO(3),2000368,0.0,0.0
2000368,KITADOL RAPID 400MG X 10 CAPS,0.0,5,QUIROFANO(4),2000368,0.0,0.0
2000368,KITADOL RAPID 400MG X 10 CAPS,0.0,5,ADMINISTRACION,2000368,0.0,0.0
2000368,KITADOL RAPID 400MG X 10 CAPS,0.0,5,CARRO DE PARO,2000368,0.0,0.0
2000369,KITADOL RAPID 600MG X 10 CAPS,0.0,5,URGENCIAS(2),7840199088167,0.0,0.0
2000369,KITADOL RAPID 600MG X 10 CAPS,0.0,5,INTERNADO(3),7840199088167,0.0,0.0
2000369,KITADOL RAPID 600MG X 10 CAPS,0.0,5,QUIROFANO(4),7840199088167,0.0,0.0
2000370,KLARICID UD 500 GR X 5 COMP LM,0.0,5,URGENCIAS(2),7790440429952,0.0,0.0
2000370,KLARICID UD 500 GR X 5 COMP LM,0.0,5,INTERNADO(3),7790440429952,0.0,0.0
2000370,KLARICID UD 500 GR X 5 COMP LM,0.0,5,QUIROFANO(4),7790440429952,0.0,0.0
2000371,KOPODEX 100 MG X 120 ML (LEVETIRACETAM),0.0,5,URGENCIAS(2),7800026010860,0.0,0.0
2000371,KOPODEX 100 MG X 120 ML (LEVETIRACETAM),0.0,5,INTERNADO(3),7800026010860,0.0,0.0
2000371,KOPODEX 100 MG X 120 ML (LEVETIRACETAM),0.0,5,QUIROFANO(4),7800026010860,0.0,0.0
2000372,LACONIC 1000MG X 1 AMP (CITICOLINA),0.0,5,URGENCIAS(2),7840653005921,0.0,0.0
2000372,LACONIC 1000MG X 1 AMP (CITICOLINA),0.0,5,INTERNADO(3),7840653005921,0.0,0.0
2000372,LACONIC 1000MG X 1 AMP (CITICOLINA),0.0,5,QUIROFANO(4),7840653005921,0.0,0.0
2000373,LACTEOL FORT X 12 CAPS,0.0,5,URGENCIAS(2),7841134002934,0.0,0.0
2000373,LACTEOL FORT X 12 CAPS,0.0,5,INTERNADO(3),7841134002934,0.0,0.0
2000373,LACTEOL FORT X 12 CAPS,0.0,5,QUIROFANO(4),7841134002934,0.0,0.0
3000005,AEROCAMARA P/ VENTILADOR AEROCHAMBER,0.0,10,URGENCIAS(2),762860858510,0.0,0.0
3000005,AEROCAMARA P/ VENTILADOR AEROCHAMBER,0.0,10,INTERNADO(3),762860858510,0.0,0.0
3000005,AEROCAMARA P/ VENTILADOR AEROCHAMBER,0.0,10,QUIROFANO(4),762860858510,0.0,0.0
3000005,AEROCAMARA P/ VENTILADOR AEROCHAMBER,0.0,10,ADMINISTRACION,762860858510,0.0,0.0
3000005,AEROCAMARA P/ VENTILADOR AEROCHAMBER,0.0,10,CARRO DE PARO,762860858510,0.0,0.0
3000006,AEROCAMARA PED -MEDICAL SUPPLY (AEROCHAMBER),0.0,10,URGENCIAS(2),7842246002362,0.0,0.0
3000006,AEROCAMARA PED -MEDICAL SUPPLY (AEROCHAMBER),0.0,10,INTERNADO(3),7842246002362,0.0,0.0
3000006,AEROCAMARA PED -MEDICAL SUPPLY (AEROCHAMBER),0.0,10,QUIROFANO(4),7842246002362,0.0,0.0
3000007,AGUJA 21G (LARGA - VERDE),0.0,10,URGENCIAS(2),8400000001069,0.0,0.0
3000007,AGUJA 21G (LARGA - VERDE),0.0,10,INTERNADO(3),8400000001069,0.0,0.0
3000007,AGUJA 21G (LARGA - VERDE),0.0,10,QUIROFANO(4),8400000001069,0.0,0.0
3000008,AGUJA 23G (MEDIANA - CELESTE),1000.0,10,URGENCIAS(2),8400000001144,0.0,146.0
3000008,AGUJA 23G (MEDIANA - CELESTE),1000.0,10,INTERNADO(3),8400000001144,0.0,0.0
3000008,AGUJA 23G (MEDIANA - CELESTE),1000.0,10,QUIROFANO(4),8400000001144,0.0,0.0
3000009,AGUJA 25G (INSULINA- NARANJA),0.0,10,URGENCIAS(2),8400000001083,0.0,0.0
3000009,AGUJA 25G (INSULINA- NARANJA),0.0,10,INTERNADO(3),8400000001083,0.0,0.0
3000009,AGUJA 25G (INSULINA- NARANJA),0.0,10,QUIROFANO(4),8400000001083,0.0,0.0
3000010,ALCOHOL RECTIFICADO 96% X 1000ML,20400.0,10,URGENCIAS(2),8400000037310,0.0,0.0
3000010,ALCOHOL RECTIFICADO 96% X 1000ML,20400.0,10,INTERNADO(3),8400000037310,0.0,0.0
3000010,ALCOHOL RECTIFICADO 96% X 1000ML,20400.0,10,QUIROFANO(4),8400000037310,0.0,0.0
3000011,ALCOHOL SOL. SPRAY X 100 ML MATHER,15000.0,10,URGENCIAS(2),7841722000311,0.0,0.0
3000011,ALCOHOL SOL. SPRAY X 100 ML MATHER,15000.0,10,INTERNADO(3),7841722000311,0.0,0.0
3000011,ALCOHOL SOL. SPRAY X 100 ML MATHER,15000.0,10,QUIROFANO(4),7841722000311,0.0,0.0
3000012,ALGODON COTTON 2-0 (POLYCOT),0.0,10,URGENCIAS(2),8400000099134,0.0,0.0
3000012,ALGODON COTTON 2-0 (POLYCOT),0.0,10,INTERNADO(3),8400000099134,0.0,0.0
3000012,ALGODON COTTON 2-0 (POLYCOT),0.0,10,QUIROFANO(4),8400000099134,0.0,0.0
3000013,ALGODON COTTON 2-0 45MM - 3/8 X 45CM (POLYCOT),0.0,10,URGENCIAS(2),8400000099127,0.0,0.0
3000013,ALGODON COTTON 2-0 45MM - 3/8 X 45CM (POLYCOT),0.0,10,INTERNADO(3),8400000099127,0.0,0.0
3000013,ALGODON COTTON 2-0 45MM - 3/8 X 45CM (POLYCOT),0.0,10,QUIROFANO(4),8400000099127,0.0,0.0
92000003,GASTOS SALARIOS FUNCIONARIOS,0.0,10,ADMINISTRACION,92000003,0.0,0.0
92000004,REPARACION Y MANTENIMIENTO DE ASCENSOR,0.0,10,ADMINISTRACION,92000004,0.0,0.0
92000005,VIATICOS Y TRASLADO,0.0,10,ADMINISTRACION,92000005,0.0,0.0
92000006,RECOLECCION DE DESECHOS INOCUOS,0.0,10,ADMINISTRACION,92000006,0.0,0.0
92000007,SERVICIOS PRESTADOS,0.0,10,ADMINISTRACION,92000007,0.0,0.0
92000008,MARKETING Y PUBLICIDAD,0.0,10,ADMINISTRACION,92000008,0.0,0.0
92000009,MERCADERIAS AL 10%,0.0,10,ADMINISTRACION,92000009,0.0,12.0
92000010,MERCADERIAS AL 5%,0.0,5,ADMINISTRACION,92000010,0.0,24.0
92000011,PAPELERIA E IMPRESOS,0.0,10,ADMINISTRACION,92000011,0.0,32.0
4000003,AVENE AGUA TERMAL 150 ML,0.0,10,URGENCIAS(2),3282779003124,0.0,0.0
4000003,AVENE AGUA TERMAL 150 ML,0.0,10,INTERNADO(3),3282779003124,0.0,0.0
4000003,AVENE AGUA TERMAL 150 ML,0.0,10,QUIROFANO(4),3282779003124,0.0,0.0
4000004,AVENE CICALFATE CREMA X 40GR,0.0,10,URGENCIAS(2),3282770204667,0.0,0.0
4000004,AVENE CICALFATE CREMA X 40GR,0.0,10,INTERNADO(3),3282770204667,0.0,0.0
4000004,AVENE CICALFATE CREMA X 40GR,0.0,10,QUIROFANO(4),3282770204667,0.0,0.0
4000005,BABELITO NEUT CHUPETE ANATOMICO T1,0.0,10,URGENCIAS(2),7793970326111,0.0,0.0
4000005,BABELITO NEUT CHUPETE ANATOMICO T1,0.0,10,INTERNADO(3),7793970326111,0.0,0.0
4000005,BABELITO NEUT CHUPETE ANATOMICO T1,0.0,10,QUIROFANO(4),7793970326111,0.0,0.0
4000006,BACTIGRAS 10 X 10CM (GASA PARAFINADA) X UNI,18500.0,10,URGENCIAS(2),5000223421984,0.0,0.0
4000006,BACTIGRAS 10 X 10CM (GASA PARAFINADA) X UNI,18500.0,10,INTERNADO(3),5000223421984,0.0,0.0
4000006,BACTIGRAS 10 X 10CM (GASA PARAFINADA) X UNI,18500.0,10,QUIROFANO(4),5000223421984,0.0,0.0
4000007,BAÑO CORPORAL (FACIL) C/ CLORHEXIDINA,0.0,10,URGENCIAS(2),7798177630016,0.0,0.0
4000007,BAÑO CORPORAL (FACIL) C/ CLORHEXIDINA,0.0,10,INTERNADO(3),7798177630016,0.0,0.0
4000007,BAÑO CORPORAL (FACIL) C/ CLORHEXIDINA,0.0,10,QUIROFANO(4),7798177630016,0.0,0.0
4000008,BAÑO FACIL C/ALOE VERA X 10 UNIDAD,0.0,10,URGENCIAS(2),7798092090032,0.0,0.0
4000008,BAÑO FACIL C/ALOE VERA X 10 UNIDAD,0.0,10,INTERNADO(3),7798092090032,0.0,0.0
4000008,BAÑO FACIL C/ALOE VERA X 10 UNIDAD,0.0,10,QUIROFANO(4),7798092090032,0.0,0.0
4000009,BAÑO FACIL C/EXTRACTO DE MANZANILLA X,10.0,0,10 URGENCIAS(2),7798092090025,0.0,0.0
4000009,BAÑO FACIL C/EXTRACTO DE MANZANILLA X,10.0,0,10 INTERNADO(3),7798092090025,0.0,0.0
4000009,BAÑO FACIL C/EXTRACTO DE MANZANILLA X,10.0,0,10 QUIROFANO(4),7798092090025,0.0,0.0
4000010,BATA ESTERIL P/ RN,0.0,10,URGENCIAS(2),8400000096195,0.0,0.0
4000010,BATA ESTERIL P/ RN,0.0,10,INTERNADO(3),8400000096195,0.0,0.0
4000010,BATA ESTERIL P/ RN,0.0,10,QUIROFANO(4),8400000096195,0.0,0.0
4000011,BOTA DE REHABILITACION BANDER GREEN TM,0.0,10,URGENCIAS(2),7798148274423,0.0,0.0
4000011,BOTA DE REHABILITACION BANDER GREEN TM,0.0,10,INTERNADO(3),7798148274423,0.0,0.0
4000011,BOTA DE REHABILITACION BANDER GREEN TM,0.0,10,QUIROFANO(4),7798148274423,0.0,0.0
1000021,GORRO DESCARTABLE POR UNIDAD,2000.0,10,FARMACIA INTERNA(1),1000021,0.0,0.0
1000021,GORRO DESCARTABLE POR UNIDAD,2000.0,10,URGENCIAS(2),1000021,0.0,0.0
1000021,GORRO DESCARTABLE POR UNIDAD,2000.0,10,INTERNADO(3),1000021,0.0,0.0
1000021,GORRO DESCARTABLE POR UNIDAD,2000.0,10,QUIROFANO(4),1000021,0.0,0.0
1000021,GORRO DESCARTABLE POR UNIDAD,2000.0,10,ADMINISTRACION,1000021,0.0,0.0
1000021,GORRO DESCARTABLE POR UNIDAD,2000.0,10,CARRO DE PARO,1000021,0.0,0.0
1000022,LIDOCAINA CLORHIDRATADO 2% X USO,6900.0,5,FARMACIA INTERNA(1),1000022,0.0,0.0
1000022,LIDOCAINA CLORHIDRATADO 2% X USO,6900.0,5,INTERNADO(3),1000022,0.0,0.0
1000022,LIDOCAINA CLORHIDRATADO 2% X USO,6900.0,5,QUIROFANO(4),1000022,0.0,0.0
1000022,LIDOCAINA CLORHIDRATADO 2% X USO,6900.0,5,ADMINISTRACION,1000022,0.0,0.0
1000022,LIDOCAINA CLORHIDRATADO 2% X USO,6900.0,5,CARRO DE PARO,1000022,0.0,0.0
1000024,INSULINA R POR USO,2000.0,5,FARMACIA INTERNA(1),1000024,0.0,0.0
1000024,INSULINA R POR USO,2000.0,5,INTERNADO(3),1000024,0.0,0.0
1000024,INSULINA R POR USO,2000.0,5,QUIROFANO(4),1000024,0.0,0.0
1000024,INSULINA R POR USO,2000.0,5,ADMINISTRACION,1000024,0.0,0.0
1000024,INSULINA R POR USO,2000.0,5,CARRO DE PARO,1000024,0.0,0.0
1000025,OP,0.0,5,FARMACIA INTERNA(1),1000025,0.0,0.0
1000025,OP,0.0,5,URGENCIAS(2),1000025,0.0,0.0
1000025,OP,0.0,5,INTERNADO(3),1000025,0.0,0.0
1000025,OP,0.0,5,QUIROFANO(4),1000025,0.0,0.0
1000025,OP,0.0,5,ADMINISTRACION,1000025,0.0,0.0
1000025,OP,0.0,5,CARRO DE PARO,1000025,0.0,0.0
1000026,CLONAZEPAM POR USO,6900.0,5,FARMACIA INTERNA(1),1000026,0.0,0.0
1000026,CLONAZEPAM POR USO,6900.0,5,URGENCIAS(2),1000026,0.0,0.0
1000026,CLONAZEPAM POR USO,6900.0,5,INTERNADO(3),1000026,0.0,0.0
1000026,CLONAZEPAM POR USO,6900.0,5,QUIROFANO(4),1000026,0.0,0.0
1000026,CLONAZEPAM POR USO,6900.0,5,ADMINISTRACION,1000026,0.0,0.0
1000026,CLONAZEPAM POR USO,6900.0,5,CARRO DE PARO,1000026,0.0,0.0
1000027,MICROPORE BLANCO POR USO,71000.0,10,FARMACIA INTERNA(1),1000027,0.0,0.0
1000027,MICROPORE BLANCO POR USO,71000.0,10,URGENCIAS(2),1000027,0.0,0.0
1000027,MICROPORE BLANCO POR USO,71000.0,10,INTERNADO(3),1000027,0.0,0.0
1000027,MICROPORE BLANCO POR USO,71000.0,10,QUIROFANO(4),1000027,0.0,0.0
1000027,MICROPORE BLANCO POR USO,71000.0,10,ADMINISTRACION,1000027,0.0,0.0
1000027,MICROPORE BLANCO POR USO,71000.0,10,CARRO DE PARO,1000027,0.0,0.0
1000028,LOXASAN LACTULOSA POR DOSIS 10ML,0.0,5,FARMACIA INTERNA(1),1000028,0.0,0.0
1000028,LOXASAN LACTULOSA POR DOSIS 10ML,0.0,5,URGENCIAS(2),1000028,0.0,0.0
1000028,LOXASAN LACTULOSA POR DOSIS 10ML,0.0,5,INTERNADO(3),1000028,0.0,0.0
1000028,LOXASAN LACTULOSA POR DOSIS 10ML,0.0,5,QUIROFANO(4),1000028,0.0,0.0
1000028,LOXASAN LACTULOSA POR DOSIS 10ML,0.0,5,ADMINISTRACION,1000028,0.0,0.0
1000028,LOXASAN LACTULOSA POR DOSIS 10ML,0.0,5,CARRO DE PARO,1000028,0.0,0.0
1000029,VASELINA POR USO,6900.0,5,FARMACIA INTERNA(1),1000029,0.0,0.0
1000029,VASELINA POR USO,6900.0,5,INTERNADO(3),1000029,0.0,0.0
1000029,VASELINA POR USO,6900.0,5,QUIROFANO(4),1000029,0.0,0.0
1000029,VASELINA POR USO,6900.0,5,ADMINISTRACION,1000029,0.0,0.0
1000029,VASELINA POR USO,6900.0,5,CARRO DE PARO,1000029,0.0,0.0
100003,CONSULTA MEDICA,0.0,10,ADMINISTRACION,100003,0.0,0.0
1000030,TORRE QUIRURGICA POR USO,0.0,10,FARMACIA INTERNA(1),1000030,0.0,0.0
1000030,TORRE QUIRURGICA POR USO,0.0,10,URGENCIAS(2),1000030,0.0,0.0
1000030,TORRE QUIRURGICA POR USO,0.0,10,INTERNADO(3),1000030,0.0,0.0
1000030,TORRE QUIRURGICA POR USO,0.0,10,QUIROFANO(4),1000030,0.0,0.0
1000030,TORRE QUIRURGICA POR USO,0.0,10,ADMINISTRACION,1000030,0.0,0.0
1000030,TORRE QUIRURGICA POR USO,0.0,10,CARRO DE PARO,1000030,0.0,0.0
1000031,SALBUTAMOL GTS (RESPIRAN) POR USO,6900.0,10,FARMACIA INTERNA(1),1000031,0.0,0.0
1000031,SALBUTAMOL GTS (RESPIRAN) POR USO,6900.0,10,INTERNADO(3),1000031,0.0,0.0
1000031,SALBUTAMOL GTS (RESPIRAN) POR USO,6900.0,10,QUIROFANO(4),1000031,0.0,0.0
1000031,SALBUTAMOL GTS (RESPIRAN) POR USO,6900.0,10,ADMINISTRACION,1000031,0.0,0.0
1000031,SALBUTAMOL GTS (RESPIRAN) POR USO,6900.0,10,CARRO DE PARO,1000031,0.0,0.0
1000032,LIDOCAINA C/ EPI POR USO,10000.0,5,URGENCIAS(2),1000032,0.0,0.0
1000032,LIDOCAINA C/ EPI POR USO,10000.0,5,INTERNADO(3),1000032,0.0,0.0
1000032,LIDOCAINA C/ EPI POR USO,10000.0,5,QUIROFANO(4),1000032,0.0,0.0
1000032,LIDOCAINA C/ EPI POR USO,10000.0,5,ADMINISTRACION,1000032,0.0,0.0
1000032,LIDOCAINA C/ EPI POR USO,10000.0,5,CARRO DE PARO,1000032,0.0,0.0
1000033,CLORHEXIDINA SOLUCION ACUOSA POR USO,20000.0,10,URGENCIAS(2),1000033,0.0,0.0
1000033,CLORHEXIDINA SOLUCION ACUOSA POR USO,20000.0,10,INTERNADO(3),1000033,0.0,0.0
1000033,CLORHEXIDINA SOLUCION ACUOSA POR USO,20000.0,10,QUIROFANO(4),1000033,0.0,0.0
1000033,CLORHEXIDINA SOLUCION ACUOSA POR USO,20000.0,10,ADMINISTRACION,1000033,0.0,0.0
1000033,CLORHEXIDINA SOLUCION ACUOSA POR USO,20000.0,10,CARRO DE PARO,1000033,0.0,0.0
1000034,"NEOCAINA 0,50% S/EPI (CLORHIDRATO DE BUPIVACAINA) POR USO",15000.0,5,URGENCIAS(2),1000034,0.0,0.0
1000034,"NEOCAINA 0,50% S/EPI (CLORHIDRATO DE BUPIVACAINA) POR USO",15000.0,5,INTERNADO(3),1000034,0.0,0.0
1000034,"NEOCAINA 0,50% S/EPI (CLORHIDRATO DE BUPIVACAINA) POR USO",15000.0,5,QUIROFANO(4),1000034,0.0,0.0
1000034,"NEOCAINA 0,50% S/EPI (CLORHIDRATO DE BUPIVACAINA) POR USO",15000.0,5,ADMINISTRACION,1000034,0.0,0.0
1000034,"NEOCAINA 0,50% S/EPI (CLORHIDRATO DE BUPIVACAINA) POR USO",15000.0,5,CARRO DE PARO,1000034,0.0,0.0
1000035,SEVOCRIS (SEVOFLURANO) POR 1CC,10091.0,5,FARMACIA INTERNA(1),1000035,0.0,0.0
1000035,SEVOCRIS (SEVOFLURANO) POR 1CC,10091.0,5,URGENCIAS(2),1000035,0.0,0.0
1000035,SEVOCRIS (SEVOFLURANO) POR 1CC,10091.0,5,INTERNADO(3),1000035,0.0,0.0
1000035,SEVOCRIS (SEVOFLURANO) POR 1CC,10091.0,5,QUIROFANO(4),1000035,0.0,0.0
1000035,SEVOCRIS (SEVOFLURANO) POR 1CC,10091.0,5,ADMINISTRACION,1000035,0.0,0.0
1000035,SEVOCRIS (SEVOFLURANO) POR 1CC,10091.0,5,CARRO DE PARO,1000035,0.0,0.0
1000036,SERV. NEBULIZACION COMBINADA POR SESION,23000.0,10,FARMACIA INTERNA(1),1000036,0.0,0.0
1000036,SERV. NEBULIZACION COMBINADA POR SESION,23000.0,10,URGENCIAS(2),1000036,0.0,0.0
1000036,SERV. NEBULIZACION COMBINADA POR SESION,23000.0,10,INTERNADO(3),1000036,0.0,0.0
1000036,SERV. NEBULIZACION COMBINADA POR SESION,23000.0,10,QUIROFANO(4),1000036,0.0,0.0
1000036,SERV. NEBULIZACION COMBINADA POR SESION,23000.0,10,ADMINISTRACION,1000036,0.0,0.0
1000036,SERV. NEBULIZACION COMBINADA POR SESION,23000.0,10,CARRO DE PARO,1000036,0.0,0.0
1000037,ROPIVACAINA POR 10CC,40000.0,5,FARMACIA INTERNA(1),1000037,0.0,0.0
1000037,ROPIVACAINA POR 10CC,40000.0,5,URGENCIAS(2),1000037,0.0,0.0
1000037,ROPIVACAINA POR 10CC,40000.0,5,INTERNADO(3),1000037,0.0,0.0
1000037,ROPIVACAINA POR 10CC,40000.0,5,QUIROFANO(4),1000037,0.0,0.0
1000037,ROPIVACAINA POR 10CC,40000.0,5,ADMINISTRACION,1000037,0.0,0.0
1000037,ROPIVACAINA POR 10CC,40000.0,5,CARRO DE PARO,1000037,0.0,0.0
92000101,PINZA ROCHESTER PEAN 18 CM RECTA,81180.0,10,URGENCIAS(2),92000101,0.0,0.0
92000101,PINZA ROCHESTER PEAN 18 CM RECTA,81180.0,10,INTERNADO(3),92000101,0.0,0.0
92000101,PINZA ROCHESTER PEAN 18 CM RECTA,81180.0,10,QUIROFANO(4),92000101,0.0,0.0
92000101,PINZA ROCHESTER PEAN 18 CM RECTA,81180.0,10,ADMINISTRACION,92000101,0.0,0.0
92000101,PINZA ROCHESTER PEAN 18 CM RECTA,81180.0,10,CARRO DE PARO,92000101,0.0,0.0
92000102,LARINGOSCOPIO ADULTO CON HOJAS 2-3-4,1750000.0,10,URGENCIAS(2),92000102,0.0,0.0
92000102,LARINGOSCOPIO ADULTO CON HOJAS 2-3-4,1750000.0,10,INTERNADO(3),92000102,0.0,0.0
92000102,LARINGOSCOPIO ADULTO CON HOJAS 2-3-4,1750000.0,10,QUIROFANO(4),92000102,0.0,0.0
92000102,LARINGOSCOPIO ADULTO CON HOJAS 2-3-4,1750000.0,10,ADMINISTRACION,92000102,0.0,1.0
92000102,LARINGOSCOPIO ADULTO CON HOJAS 2-3-4,1750000.0,10,CARRO DE PARO,92000102,0.0,0.0
92000103,BAÑO MARIA ACRYLICO TRASP DE 6LTS BIOBASE,0.0,10,URGENCIAS(2),92000103,0.0,0.0
92000103,BAÑO MARIA ACRYLICO TRASP DE 6LTS BIOBASE,0.0,10,INTERNADO(3),92000103,0.0,0.0
92000103,BAÑO MARIA ACRYLICO TRASP DE 6LTS BIOBASE,0.0,10,QUIROFANO(4),92000103,0.0,0.0
92000103,BAÑO MARIA ACRYLICO TRASP DE 6LTS BIOBASE,0.0,10,ADMINISTRACION,92000103,0.0,1.0
92000103,BAÑO MARIA ACRYLICO TRASP DE 6LTS BIOBASE,0.0,10,CARRO DE PARO,92000103,0.0,0.0
92000104,SENSOR DIGITAL REUTILIZABLE ADU BTI SPO2 9PIN - BIOLIGHT,0.0,10,URGENCIAS(2),92000104,0.0,0.0
92000104,SENSOR DIGITAL REUTILIZABLE ADU BTI SPO2 9PIN - BIOLIGHT,0.0,10,INTERNADO(3),92000104,0.0,0.0
92000104,SENSOR DIGITAL REUTILIZABLE ADU BTI SPO2 9PIN - BIOLIGHT,0.0,10,QUIROFANO(4),92000104,0.0,0.0
92000104,SENSOR DIGITAL REUTILIZABLE ADU BTI SPO2 9PIN - BIOLIGHT,0.0,10,ADMINISTRACION,92000104,0.0,1.0
92000104,SENSOR DIGITAL REUTILIZABLE ADU BTI SPO2 9PIN - BIOLIGHT,0.0,10,CARRO DE PARO,92000104,0.0,0.0
92000105,TUBO CORRUGADO,300.0,10,URGENCIAS(2),92000105,0.0,0.0
92000105,TUBO CORRUGADO,300.0,10,INTERNADO(3),92000105,0.0,0.0
92000105,TUBO CORRUGADO,300.0,10,QUIROFANO(4),92000105,0.0,0.0
92000105,TUBO CORRUGADO,300.0,10,ADMINISTRACION,92000105,0.0,0.0
92000105,TUBO CORRUGADO,300.0,10,CARRO DE PARO,92000105,0.0,0.0
92000106,CAJA PASAGE,400.0,10,URGENCIAS(2),92000106,0.0,0.0
92000106,CAJA PASAGE,400.0,10,INTERNADO(3),92000106,0.0,0.0
92000106,CAJA PASAGE,400.0,10,QUIROFANO(4),92000106,0.0,0.0
92000106,CAJA PASAGE,400.0,10,ADMINISTRACION,92000106,0.0,0.0
92000106,CAJA PASAGE,400.0,10,CARRO DE PARO,92000106,0.0,0.0
92000107,PCT PUNTERA,83.0,10,URGENCIAS(2),92000107,0.0,0.0
92000107,PCT PUNTERA,83.0,10,INTERNADO(3),92000107,0.0,0.0
92000107,PCT PUNTERA,83.0,10,QUIROFANO(4),92000107,0.0,0.0
92000107,PCT PUNTERA,83.0,10,ADMINISTRACION,92000107,0.0,0.0
92000107,PCT PUNTERA,83.0,10,CARRO DE PARO,92000107,0.0,0.0
92000108,ATERRAMIENTO,0.0,10,URGENCIAS(2),92000108,0.0,0.0
92000108,ATERRAMIENTO,0.0,10,INTERNADO(3),92000108,0.0,0.0
92000108,ATERRAMIENTO,0.0,10,QUIROFANO(4),92000108,0.0,0.0
92000108,ATERRAMIENTO,0.0,10,ADMINISTRACION,92000108,0.0,0.0
92000108,ATERRAMIENTO,0.0,10,CARRO DE PARO,92000108,0.0,0.0
92000109,CAMARAS 2MB,67.0,10,URGENCIAS(2),92000109,0.0,0.0
92000109,CAMARAS 2MB,67.0,10,INTERNADO(3),92000109,0.0,0.0
92000109,CAMARAS 2MB,67.0,10,QUIROFANO(4),92000109,0.0,0.0
92000109,CAMARAS 2MB,67.0,10,ADMINISTRACION,92000109,0.0,10.0
92000109,CAMARAS 2MB,67.0,10,CARRO DE PARO,92000109,0.0,0.0
92000110,CAMARAS 2MB CON AUDIO,99.0,10,URGENCIAS(2),92000110,0.0,0.0
92000110,CAMARAS 2MB CON AUDIO,99.0,10,INTERNADO(3),92000110,0.0,0.0
92000110,CAMARAS 2MB CON AUDIO,99.0,10,QUIROFANO(4),92000110,0.0,0.0
92000110,CAMARAS 2MB CON AUDIO,99.0,10,ADMINISTRACION,92000110,0.0,10.0
92000110,CAMARAS 2MB CON AUDIO,99.0,10,CARRO DE PARO,92000110,0.0,0.0
92000111,CAMARAS 4MB INTRA,98.0,10,URGENCIAS(2),92000111,0.0,0.0
92000111,CAMARAS 4MB INTRA,98.0,10,INTERNADO(3),92000111,0.0,0.0
92000111,CAMARAS 4MB INTRA,98.0,10,QUIROFANO(4),92000111,0.0,0.0
92000111,CAMARAS 4MB INTRA,98.0,10,ADMINISTRACION,92000111,0.0,10.0
92000111,CAMARAS 4MB INTRA,98.0,10,CARRO DE PARO,92000111,0.0,0.0
92000112,AUTOCLAVE DE VAPOR SIEMED MD M91-250,0.0,10,URGENCIAS(2),92000112,0.0,0.0
92000112,AUTOCLAVE DE VAPOR SIEMED MD M91-250,0.0,10,INTERNADO(3),92000112,0.0,0.0
92000112,AUTOCLAVE DE VAPOR SIEMED MD M91-250,0.0,10,QUIROFANO(4),92000112,0.0,0.0
92000112,AUTOCLAVE DE VAPOR SIEMED MD M91-250,0.0,10,ADMINISTRACION,92000112,0.0,1.0
92000112,AUTOCLAVE DE VAPOR SIEMED MD M91-250,0.0,10,CARRO DE PARO,92000112,0.0,0.0
92000113,JERINGA CARPULE,83430.0,10,URGENCIAS(2),92000113,0.0,0.0
92000113,JERINGA CARPULE,83430.0,10,INTERNADO(3),92000113,0.0,0.0
92000113,JERINGA CARPULE,83430.0,10,QUIROFANO(4),92000113,0.0,0.0
92000113,JERINGA CARPULE,83430.0,10,ADMINISTRACION,92000113,0.0,0.0
92000113,JERINGA CARPULE,83430.0,10,CARRO DE PARO,92000113,0.0,0.0
92000115,HELADERA NGO TOKIO FRIO HUMEDO MD T2370,5745000.0,10,URGENCIAS(2),92000115,0.0,0.0
92000115,HELADERA NGO TOKIO FRIO HUMEDO MD T2370,5745000.0,10,INTERNADO(3),92000115,0.0,0.0
92000115,HELADERA NGO TOKIO FRIO HUMEDO MD T2370,5745000.0,10,QUIROFANO(4),92000115,0.0,0.0
92000115,HELADERA NGO TOKIO FRIO HUMEDO MD T2370,5745000.0,10,ADMINISTRACION,92000115,0.0,1.0
92000115,HELADERA NGO TOKIO FRIO HUMEDO MD T2370,5745000.0,10,CARRO DE PARO,92000115,0.0,0.0
92000116,IMAC I5 16/22,3984120.0,10,URGENCIAS(2),92000116,0.0,0.0
92000116,IMAC I5 16/22,3984120.0,10,INTERNADO(3),92000116,0.0,0.0
92000116,IMAC I5 16/22,3984120.0,10,QUIROFANO(4),92000116,0.0,0.0
92000116,IMAC I5 16/22,3984120.0,10,ADMINISTRACION,92000116,0.0,14.0
92000116,IMAC I5 16/22,3984120.0,10,CARRO DE PARO,92000116,0.0,0.0
92000117,IMAC I5/16/27,5077800.0,10,URGENCIAS(2),92000117,0.0,0.0
92000117,IMAC I5/16/27,5077800.0,10,INTERNADO(3),92000117,0.0,0.0
92000117,IMAC I5/16/27,5077800.0,10,QUIROFANO(4),92000117,0.0,0.0
92000117,IMAC I5/16/27,5077800.0,10,ADMINISTRACION,92000117,0.0,1.0
92000117,IMAC I5/16/27,5077800.0,10,CARRO DE PARO,92000117,0.0,0.0
92000118,IMPRESORA EPSON,1679580.0,10,URGENCIAS(2),92000118,0.0,0.0
92000118,IMPRESORA EPSON,1679580.0,10,INTERNADO(3),92000118,0.0,0.0
92000118,IMPRESORA EPSON,1679580.0,10,QUIROFANO(4),92000118,0.0,0.0
92000118,IMPRESORA EPSON,1679580.0,10,ADMINISTRACION,92000118,0.0,1.0
92000118,IMPRESORA EPSON,1679580.0,10,CARRO DE PARO,92000118,0.0,0.0
92000119,AIRE ACONDICIONADO 24.000 BTU SPEED,5500000.0,10,URGENCIAS(2),92000119,0.0,0.0
92000119,AIRE ACONDICIONADO 24.000 BTU SPEED,5500000.0,10,INTERNADO(3),92000119,0.0,0.0
92000119,AIRE ACONDICIONADO 24.000 BTU SPEED,5500000.0,10,QUIROFANO(4),92000119,0.0,0.0
92000119,AIRE ACONDICIONADO 24.000 BTU SPEED,5500000.0,10,ADMINISTRACION,92000119,0.0,1.0
92000119,AIRE ACONDICIONADO 24.000 BTU SPEED,5500000.0,10,CARRO DE PARO,92000119,0.0,0.0
92000120,HELADERA FAMA H-12 120 LITROS GRIS,1350000.0,10,URGENCIAS(2),92000120,0.0,0.0
92000120,HELADERA FAMA H-12 120 LITROS GRIS,1350000.0,10,INTERNADO(3),92000120,0.0,0.0
92000120,HELADERA FAMA H-12 120 LITROS GRIS,1350000.0,10,QUIROFANO(4),92000120,0.0,0.0
92000120,HELADERA FAMA H-12 120 LITROS GRIS,1350000.0,10,ADMINISTRACION,92000120,0.0,11.0
92000120,HELADERA FAMA H-12 120 LITROS GRIS,1350000.0,10,CARRO DE PARO,92000120,0.0,0.0
92000121,RELOJ BIOMETRICO ZKTECO LX50,0.0,10,URGENCIAS(2),92000121,0.0,0.0
92000121,RELOJ BIOMETRICO ZKTECO LX50,0.0,10,INTERNADO(3),92000121,0.0,0.0
92000121,RELOJ BIOMETRICO ZKTECO LX50,0.0,10,QUIROFANO(4),92000121,0.0,0.0
92000121,RELOJ BIOMETRICO ZKTECO LX50,0.0,10,ADMINISTRACION,92000121,0.0,1.0
92000121,RELOJ BIOMETRICO ZKTECO LX50,0.0,10,CARRO DE PARO,92000121,0.0,0.0
92000122,RIÑONERA ACO. INOX. 200X90X30MM,62700.0,10,URGENCIAS(2),92000122,0.0,0.0
92000122,RIÑONERA ACO. INOX. 200X90X30MM,62700.0,10,INTERNADO(3),92000122,0.0,0.0
92000122,RIÑONERA ACO. INOX. 200X90X30MM,62700.0,10,QUIROFANO(4),92000122,0.0,0.0
92000122,RIÑONERA ACO. INOX. 200X90X30MM,62700.0,10,ADMINISTRACION,92000122,0.0,0.0
92000122,RIÑONERA ACO. INOX. 200X90X30MM,62700.0,10,CARRO DE PARO,92000122,0.0,0.0
92000123,RIÑONERA ACO. INOX. 260X120X35MM,73150.0,10,URGENCIAS(2),92000123,0.0,0.0
92000123,RIÑONERA ACO. INOX. 260X120X35MM,73150.0,10,INTERNADO(3),92000123,0.0,0.0
92000123,RIÑONERA ACO. INOX. 260X120X35MM,73150.0,10,QUIROFANO(4),92000123,0.0,0.0
92000123,RIÑONERA ACO. INOX. 260X120X35MM,73150.0,10,ADMINISTRACION,92000123,0.0,0.0
92000123,RIÑONERA ACO. INOX. 260X120X35MM,73150.0,10,CARRO DE PARO,92000123,0.0,0.0
92000124,SEPARADOR FARABEUF INFANTIL 12CM (PAR),88825.0,10,URGENCIAS(2),92000124,0.0,0.0
92000124,SEPARADOR FARABEUF INFANTIL 12CM (PAR),88825.0,10,INTERNADO(3),92000124,0.0,0.0
92000124,SEPARADOR FARABEUF INFANTIL 12CM (PAR),88825.0,10,QUIROFANO(4),92000124,0.0,0.0
92000124,SEPARADOR FARABEUF INFANTIL 12CM (PAR),88825.0,10,ADMINISTRACION,92000124,0.0,0.0
92000124,SEPARADOR FARABEUF INFANTIL 12CM (PAR),88825.0,10,CARRO DE PARO,92000124,0.0,0.0
92000125,"PINZA BIPOLAR BAYONETA ANGULADA 19CM 0,5MM CONECTOR EU",658350.0,10,URGENCIAS(2),92000125,0.0,0.0
92000125,"PINZA BIPOLAR BAYONETA ANGULADA 19CM 0,5MM CONECTOR EU",658350.0,10,INTERNADO(3),92000125,0.0,0.0
92000125,"PINZA BIPOLAR BAYONETA ANGULADA 19CM 0,5MM CONECTOR EU",658350.0,10,QUIROFANO(4),92000125,0.0,0.0
92000125,"PINZA BIPOLAR BAYONETA ANGULADA 19CM 0,5MM CONECTOR EU",658350.0,10,ADMINISTRACION,92000125,0.0,0.0
92000125,"PINZA BIPOLAR BAYONETA ANGULADA 19CM 0,5MM CONECTOR EU",658350.0,10,CARRO DE PARO,92000125,0.0,0.0
92000126,GENERADOR DLS POWER K2146F13928,203275566.0,10,URGENCIAS(2),92000126,0.0,0.0
92000126,GENERADOR DLS POWER K2146F13928,203275566.0,10,INTERNADO(3),92000126,0.0,0.0
92000126,GENERADOR DLS POWER K2146F13928,203275566.0,10,QUIROFANO(4),92000126,0.0,0.0
92000126,GENERADOR DLS POWER K2146F13928,203275566.0,10,ADMINISTRACION,92000126,0.0,1.0
92000126,GENERADOR DLS POWER K2146F13928,203275566.0,10,CARRO DE PARO,92000126,0.0,0.0
92000127,"TV LG 43""",2368575.0,10,URGENCIAS(2),92000127,0.0,0.0
92000127,"TV LG 43""",2368575.0,10,INTERNADO(3),92000127,0.0,0.0
92000127,"TV LG 43""",2368575.0,10,QUIROFANO(4),92000127,0.0,0.0
92000127,"TV LG 43""",2368575.0,10,ADMINISTRACION,92000127,0.0,11.0
92000127,"TV LG 43""",2368575.0,10,CARRO DE PARO,92000127,0.0,0.0
92000128,"TV LG 55""",3703590.0,10,URGENCIAS(2),92000128,0.0,0.0
92000128,"TV LG 55""",3703590.0,10,INTERNADO(3),92000128,0.0,0.0
92000128,"TV LG 55""",3703590.0,10,QUIROFANO(4),92000128,0.0,0.0
92000128,"TV LG 55""",3703590.0,10,ADMINISTRACION,92000128,0.0,3.0
92000128,"TV LG 55""",3703590.0,10,CARRO DE PARO,92000128,0.0,0.0
92000129,SEPARADOR FARABEUF ADULTO15 CM (PAR),110000.0,10,URGENCIAS(2),92000129,0.0,0.0
92000129,SEPARADOR FARABEUF ADULTO15 CM (PAR),110000.0,10,INTERNADO(3),92000129,0.0,0.0
92000129,SEPARADOR FARABEUF ADULTO15 CM (PAR),110000.0,10,QUIROFANO(4),92000129,0.0,0.0
92000129,SEPARADOR FARABEUF ADULTO15 CM (PAR),110000.0,10,ADMINISTRACION,92000129,0.0,0.0
92000129,SEPARADOR FARABEUF ADULTO15 CM (PAR),110000.0,10,CARRO DE PARO,92000129,0.0,0.0
92000130,CAJA ORGANIZADORA SA,0.0,10,URGENCIAS(2),92000130,0.0,0.0
92000130,CAJA ORGANIZADORA SA,0.0,10,INTERNADO(3),92000130,0.0,0.0
92000130,CAJA ORGANIZADORA SA,0.0,10,QUIROFANO(4),92000130,0.0,0.0
92000130,CAJA ORGANIZADORA SA,0.0,10,ADMINISTRACION,92000130,0.0,0.0
92000130,CAJA ORGANIZADORA SA,0.0,10,CARRO DE PARO,92000130,0.0,0.0
92000131,VALVA MALEABLE CACEIRO 7CM,350000.0,10,URGENCIAS(2),92000131,0.0,0.0
92000131,VALVA MALEABLE CACEIRO 7CM,350000.0,10,INTERNADO(3),92000131,0.0,0.0
92000131,VALVA MALEABLE CACEIRO 7CM,350000.0,10,QUIROFANO(4),92000131,0.0,0.0
92000131,VALVA MALEABLE CACEIRO 7CM,350000.0,10,ADMINISTRACION,92000131,0.0,0.0
92000131,VALVA MALEABLE CACEIRO 7CM,350000.0,10,CARRO DE PARO,92000131,0.0,0.0
92000132,VALVA MALEABRE CACEIRO 4CM,380000.0,10,URGENCIAS(2),92000132,0.0,0.0
92000132,VALVA MALEABRE CACEIRO 4CM,380000.0,10,INTERNADO(3),92000132,0.0,0.0
92000132,VALVA MALEABRE CACEIRO 4CM,380000.0,10,QUIROFANO(4),92000132,0.0,0.0
92000132,VALVA MALEABRE CACEIRO 4CM,380000.0,10,ADMINISTRACION,92000132,0.0,0.0
92000132,VALVA MALEABRE CACEIRO 4CM,380000.0,10,CARRO DE PARO,92000132,0.0,0.0
2000374,LACTEOL FORTE X 6 SOBRES,0.0,5,URGENCIAS(2),7841134002927,0.0,0.0
2000374,LACTEOL FORTE X 6 SOBRES,0.0,5,INTERNADO(3),7841134002927,0.0,0.0
2000374,LACTEOL FORTE X 6 SOBRES,0.0,5,QUIROFANO(4),7841134002927,0.0,0.0
2000375,LASCAVIT 10.000 X 1 AMP/2ML,14404.0,5,URGENCIAS(2),7840199005133,0.0,7.0
2000375,LASCAVIT 10.000 X 1 AMP/2ML,14404.0,5,INTERNADO(3),7840199005133,0.0,0.0
2000375,LASCAVIT 10.000 X 1 AMP/2ML,14404.0,5,QUIROFANO(4),7840199005133,0.0,0.0
2000376,LASCAVIT 5000 X 20 CAPS,0.0,5,URGENCIAS(2),7840199071879,0.0,0.0
2000376,LASCAVIT 5000 X 20 CAPS,0.0,5,INTERNADO(3),7840199071879,0.0,0.0
2000376,LASCAVIT 5000 X 20 CAPS,0.0,5,QUIROFANO(4),7840199071879,0.0,0.0
2000377,LATESIL CREMA TUBO 40 GR,0.0,5,URGENCIAS(2),7842228000478,0.0,0.0
2000377,LATESIL CREMA TUBO 40 GR,0.0,5,INTERNADO(3),7842228000478,0.0,0.0
2000377,LATESIL CREMA TUBO 40 GR,0.0,5,QUIROFANO(4),7842228000478,0.0,0.0
2000378,LECHE ALULA GOLD 1 X 400GR,0.0,5,URGENCIAS(2),7503032208794,0.0,0.0
2000378,LECHE ALULA GOLD 1 X 400GR,0.0,5,INTERNADO(3),7503032208794,0.0,0.0
2000378,LECHE ALULA GOLD 1 X 400GR,0.0,5,QUIROFANO(4),7503032208794,0.0,0.0
2000379,LECHE NUTRILON PREMIUM+ COMFORT OMNEO X 400GR,0.0,5,URGENCIAS(2),8718117611683,0.0,0.0
2000379,LECHE NUTRILON PREMIUM+ COMFORT OMNEO X 400GR,0.0,5,INTERNADO(3),8718117611683,0.0,0.0
2000379,LECHE NUTRILON PREMIUM+ COMFORT OMNEO X 400GR,0.0,5,QUIROFANO(4),8718117611683,0.0,0.0
2000380,LECHE NUTRILON PREMIUM+ NEONATAL X 400GR,216000.0,10,URGENCIAS(2),8718117611621,0.0,0.0
2000380,LECHE NUTRILON PREMIUM+ NEONATAL X 400GR,216000.0,10,INTERNADO(3),8718117611621,0.0,0.0
2000380,LECHE NUTRILON PREMIUM+ NEONATAL X 400GR,216000.0,10,QUIROFANO(4),8718117611621,0.0,0.0
2000381,LECHE NUTRILON PRO EXPERT PEPTI JR X 400GR,0.0,5,URGENCIAS(2),8712400714273,0.0,0.0
2000381,LECHE NUTRILON PRO EXPERT PEPTI JR X 400GR,0.0,5,INTERNADO(3),8712400714273,0.0,0.0
2000381,LECHE NUTRILON PRO EXPERT PEPTI JR X 400GR,0.0,5,QUIROFANO(4),8712400714273,0.0,0.0
2000382,LECHE PRE NAN LATA X 400GR,0.0,5,URGENCIAS(2),7613036895477,0.0,0.0
2000382,LECHE PRE NAN LATA X 400GR,0.0,5,INTERNADO(3),7613036895477,0.0,0.0
2000382,LECHE PRE NAN LATA X 400GR,0.0,5,QUIROFANO(4),7613036895477,0.0,0.0
2000383,LERCADIP 10 MG X 30 COMP,0.0,5,URGENCIAS(2),7792183487251,0.0,0.0
2000383,LERCADIP 10 MG X 30 COMP,0.0,5,INTERNADO(3),7792183487251,0.0,0.0
2000383,LERCADIP 10 MG X 30 COMP,0.0,5,QUIROFANO(4),7792183487251,0.0,0.0
2000384,LERCADIP 20MG X 30 COMP REC.,0.0,5,URGENCIAS(2),7792183488630,0.0,0.0
2000384,LERCADIP 20MG X 30 COMP REC.,0.0,5,INTERNADO(3),7792183488630,0.0,0.0
2000384,LERCADIP 20MG X 30 COMP REC.,0.0,5,QUIROFANO(4),7792183488630,0.0,0.0
2000385,LEVETAM 100MG X 1 AMP (LEVETIRACETAM),0.0,5,URGENCIAS(2),7841134010809,0.0,0.0
2000385,LEVETAM 100MG X 1 AMP (LEVETIRACETAM),0.0,5,INTERNADO(3),7841134010809,0.0,0.0
2000385,LEVETAM 100MG X 1 AMP (LEVETIRACETAM),0.0,5,QUIROFANO(4),7841134010809,0.0,0.0
2000386,LEVETAM 500 X 30 COMP (LEVETIRACETAM),0.0,5,URGENCIAS(2),7841134008967,0.0,0.0
2000386,LEVETAM 500 X 30 COMP (LEVETIRACETAM),0.0,5,INTERNADO(3),7841134008967,0.0,0.0
2000386,LEVETAM 500 X 30 COMP (LEVETIRACETAM),0.0,5,QUIROFANO(4),7841134008967,0.0,0.0
2000387,LEVETAM 500MG/5ML JBE X 100ML (LEVETIRACETAM),0.0,5,URGENCIAS(2),7841134009636,0.0,0.0
2000387,LEVETAM 500MG/5ML JBE X 100ML (LEVETIRACETAM),0.0,5,INTERNADO(3),7841134009636,0.0,0.0
2000387,LEVETAM 500MG/5ML JBE X 100ML (LEVETIRACETAM),0.0,5,QUIROFANO(4),7841134009636,0.0,0.0
2000388,LEVOMIN (DICLOFENAC SODICO 75MG),9648.0,5,URGENCIAS(2),7840199086729,0.0,10.0
2000388,LEVOMIN (DICLOFENAC SODICO 75MG),9648.0,5,INTERNADO(3),7840199086729,0.0,0.0
2000388,LEVOMIN (DICLOFENAC SODICO 75MG),9648.0,5,QUIROFANO(4),7840199086729,0.0,0.0
2000389,LEVOMIN GESIC X 20 COMP,0.0,5,URGENCIAS(2),7840199080390,0.0,0.0
2000389,LEVOMIN GESIC X 20 COMP,0.0,5,INTERNADO(3),7840199080390,0.0,0.0
2000389,LEVOMIN GESIC X 20 COMP,0.0,5,QUIROFANO(4),7840199080390,0.0,0.0
2000390,"LEVONAM 2,5MG GOTAS X 20ML",0.0,5,URGENCIAS(2),7841134000800,0.0,0.0
2000390,"LEVONAM 2,5MG GOTAS X 20ML",0.0,5,INTERNADO(3),7841134000800,0.0,0.0
2000390,"LEVONAM 2,5MG GOTAS X 20ML",0.0,5,QUIROFANO(4),7841134000800,0.0,0.0
2000391,LEVONAM 2MG X 50 COMP,0.0,5,URGENCIAS(2),7841134000824,0.0,0.0
2000391,LEVONAM 2MG X 50 COMP,0.0,5,INTERNADO(3),7841134000824,0.0,0.0
2000391,LEVONAM 2MG X 50 COMP,0.0,5,QUIROFANO(4),7841134000824,0.0,0.0
2000392,LINEZOLIDA 600MG BOLSA X 300ML QUIMFA,0.0,5,URGENCIAS(2),7840213259276,0.0,0.0
2000392,LINEZOLIDA 600MG BOLSA X 300ML QUIMFA,0.0,5,INTERNADO(3),7840213259276,0.0,0.0
2000392,LINEZOLIDA 600MG BOLSA X 300ML QUIMFA,0.0,5,QUIROFANO(4),7840213259276,0.0,0.0
2000393,CLOPIDOGREL 75MG (NOTROM) X 1 COMP,5830.0,5,URGENCIAS(2),7840036101592,0.0,30.0
2000393,CLOPIDOGREL 75MG (NOTROM) X 1 COMP,5830.0,5,INTERNADO(3),7840036101592,0.0,0.0
2000393,CLOPIDOGREL 75MG (NOTROM) X 1 COMP,5830.0,5,QUIROFANO(4),7840036101592,0.0,0.0
2000394,LORALER 10MG X 10 COMP,0.0,5,URGENCIAS(2),7840036005548,0.0,0.0
2000394,LORALER 10MG X 10 COMP,0.0,5,INTERNADO(3),7840036005548,0.0,0.0
2000394,LORALER 10MG X 10 COMP,0.0,5,QUIROFANO(4),7840036005548,0.0,0.0
2000395,"LOSTAM 0,4MG X 30 CAPS",0.0,5,URGENCIAS(2),7795337909777,0.0,0.0
2000395,"LOSTAM 0,4MG X 30 CAPS",0.0,5,INTERNADO(3),7795337909777,0.0,0.0
2000395,"LOSTAM 0,4MG X 30 CAPS",0.0,5,QUIROFANO(4),7795337909777,0.0,0.0
2000396,LOTRIAL 10MG X 30 COMP,0.0,5,URGENCIAS(2),7730698347165,0.0,0.0
2000396,LOTRIAL 10MG X 30 COMP,0.0,5,INTERNADO(3),7730698347165,0.0,0.0
2000396,LOTRIAL 10MG X 30 COMP,0.0,5,QUIROFANO(4),7730698347165,0.0,0.0
2000397,LOTRIAL 20MG X 30 COMP,0.0,5,URGENCIAS(2),7730698347158,0.0,0.0
2000397,LOTRIAL 20MG X 30 COMP,0.0,5,INTERNADO(3),7730698347158,0.0,0.0
2000397,LOTRIAL 20MG X 30 COMP,0.0,5,QUIROFANO(4),7730698347158,0.0,0.0
2000398,LOTRIAL 5MG X 30 COMP,0.0,5,URGENCIAS(2),7730698347141,0.0,0.0
2000398,LOTRIAL 5MG X 30 COMP,0.0,5,INTERNADO(3),7730698347141,0.0,0.0
2000398,LOTRIAL 5MG X 30 COMP,0.0,5,QUIROFANO(4),7730698347141,0.0,0.0
2000399,LUBRIKOL LIQUIDO X 1000ML,67000.0,10,URGENCIAS(2),7840199003313,0.0,0.0
2000399,LUBRIKOL LIQUIDO X 1000ML,67000.0,10,INTERNADO(3),7840199003313,0.0,0.0
2000399,LUBRIKOL LIQUIDO X 1000ML,67000.0,10,QUIROFANO(4),7840199003313,0.0,0.0
2000400,"LUCINA 0,5 MG X 1AMP (NEOSTIGMINA)",22967.0,5,URGENCIAS(2),7840213261842,0.0,0.0
2000400,"LUCINA 0,5 MG X 1AMP (NEOSTIGMINA)",22967.0,5,INTERNADO(3),7840213261842,0.0,0.0
2000400,"LUCINA 0,5 MG X 1AMP (NEOSTIGMINA)",22967.0,5,QUIROFANO(4),7840213261842,0.0,0.0
2000401,MACRIL CREMA X 20 GR,0.0,5,URGENCIAS(2),7793742001437,0.0,0.0
2000401,MACRIL CREMA X 20 GR,0.0,5,INTERNADO(3),7793742001437,0.0,0.0
2000401,MACRIL CREMA X 20 GR,0.0,5,QUIROFANO(4),7793742001437,0.0,0.0
2000402,MANDRAX GTS NASALES X 30 ML,0.0,5,URGENCIAS(2),7840213267196,0.0,0.0
2000402,MANDRAX GTS NASALES X 30 ML,0.0,5,INTERNADO(3),7840213267196,0.0,0.0
2000402,MANDRAX GTS NASALES X 30 ML,0.0,5,QUIROFANO(4),7840213267196,0.0,0.0
2000403,MARTESIA 75MG X 28 COMP DIVIDOSIS,0.0,5,URGENCIAS(2),7730969307362,0.0,0.0
2000403,MARTESIA 75MG X 28 COMP DIVIDOSIS,0.0,5,INTERNADO(3),7730969307362,0.0,0.0
2000403,MARTESIA 75MG X 28 COMP DIVIDOSIS,0.0,5,QUIROFANO(4),7730969307362,0.0,0.0
2000404,MATERNENE JBE FCO X 250ML,0.0,5,URGENCIAS(2),7848003000275,0.0,0.0
2000404,MATERNENE JBE FCO X 250ML,0.0,5,INTERNADO(3),7848003000275,0.0,0.0
2000404,MATERNENE JBE FCO X 250ML,0.0,5,QUIROFANO(4),7848003000275,0.0,0.0
2000405,MATYDOL GESIC X 20 COMP,0.0,5,URGENCIAS(2),7841721000107,0.0,0.0
2000405,MATYDOL GESIC X 20 COMP,0.0,5,INTERNADO(3),7841721000107,0.0,0.0
2000405,MATYDOL GESIC X 20 COMP,0.0,5,QUIROFANO(4),7841721000107,0.0,0.0
2000406,MAXIVIT A-C-D GOTAS X 30 ML,0.0,5,URGENCIAS(2),7840213029367,0.0,0.0
2000406,MAXIVIT A-C-D GOTAS X 30 ML,0.0,5,INTERNADO(3),7840213029367,0.0,0.0
2000406,MAXIVIT A-C-D GOTAS X 30 ML,0.0,5,QUIROFANO(4),7840213029367,0.0,0.0
2000407,MAXIVIT D3 GTS X 30 ML,0.0,5,URGENCIAS(2),7840213264607,0.0,0.0
2000407,MAXIVIT D3 GTS X 30 ML,0.0,5,INTERNADO(3),7840213264607,0.0,0.0
2000407,MAXIVIT D3 GTS X 30 ML,0.0,5,QUIROFANO(4),7840213264607,0.0,0.0
2000408,MAXOLIDE SOL. OFTAL. X 10 ML,0.0,5,URGENCIAS(2),7841134009278,0.0,0.0
2000408,MAXOLIDE SOL. OFTAL. X 10 ML,0.0,5,INTERNADO(3),7841134009278,0.0,0.0
2000408,MAXOLIDE SOL. OFTAL. X 10 ML,0.0,5,QUIROFANO(4),7841134009278,0.0,0.0
2000409,MEDOCOR 20MG X 20 COMP,67500.0,5,URGENCIAS(2),7460536558452,0.0,0.0
2000409,MEDOCOR 20MG X 20 COMP,67500.0,5,INTERNADO(3),7460536558452,0.0,0.0
2000409,MEDOCOR 20MG X 20 COMP,67500.0,5,QUIROFANO(4),7460536558452,0.0,0.0
2000410,MELTEON 4MG X 10 COMP. SUBLING.,0.0,5,URGENCIAS(2),7840213254721,0.0,0.0
2000410,MELTEON 4MG X 10 COMP. SUBLING.,0.0,5,INTERNADO(3),7840213254721,0.0,0.0
2000410,MELTEON 4MG X 10 COMP. SUBLING.,0.0,5,QUIROFANO(4),7840213254721,0.0,0.0
2000411,MELTEON 8MG X 10 COMP SUBLING,0.0,5,URGENCIAS(2),7840213254738,0.0,0.0
2000411,MELTEON 8MG X 10 COMP SUBLING,0.0,5,INTERNADO(3),7840213254738,0.0,0.0
2000411,MELTEON 8MG X 10 COMP SUBLING,0.0,5,QUIROFANO(4),7840213254738,0.0,0.0
2000412,MEMAX 10MG X 30 COMP REC (MEMANTINA),0.0,5,URGENCIAS(2),7840199110554,0.0,0.0
2000412,MEMAX 10MG X 30 COMP REC (MEMANTINA),0.0,5,INTERNADO(3),7840199110554,0.0,0.0
2000412,MEMAX 10MG X 30 COMP REC (MEMANTINA),0.0,5,QUIROFANO(4),7840199110554,0.0,0.0
2000413,MEPERDOL (MEPERIDINA CLORHIDRATO) 100MG/2ML,33963.0,5,FARMACIA INTERNA(1),2000413,0.0,2.0
2000413,MEPERDOL (MEPERIDINA CLORHIDRATO) 100MG/2ML,33963.0,5,URGENCIAS(2),2000413,0.0,0.0
2000413,MEPERDOL (MEPERIDINA CLORHIDRATO) 100MG/2ML,33963.0,5,INTERNADO(3),2000413,0.0,0.0
2000413,MEPERDOL (MEPERIDINA CLORHIDRATO) 100MG/2ML,33963.0,5,QUIROFANO(4),2000413,0.0,0.0
2000413,MEPERDOL (MEPERIDINA CLORHIDRATO) 100MG/2ML,33963.0,5,ADMINISTRACION,2000413,0.0,0.0
2000413,MEPERDOL (MEPERIDINA CLORHIDRATO) 100MG/2ML,33963.0,5,CARRO DE PARO,2000413,0.0,0.0
2000414,MERIFAR (METOCLOPRAMIDA) X 1 AMP 2ML,4593.0,5,URGENCIAS(2),7840213258729,0.0,0.0
2000414,MERIFAR (METOCLOPRAMIDA) X 1 AMP 2ML,4593.0,5,INTERNADO(3),7840213258729,0.0,0.0
2000414,MERIFAR (METOCLOPRAMIDA) X 1 AMP 2ML,4593.0,5,QUIROFANO(4),7840213258729,0.0,0.0
2000415,MERCILOP (ETAMSILATO) 250MG X 1 AMP,35000.0,5,URGENCIAS(2),7840653001015,0.0,12.0
2000415,MERCILOP (ETAMSILATO) 250MG X 1 AMP,35000.0,5,INTERNADO(3),7840653001015,0.0,0.0
2000415,MERCILOP (ETAMSILATO) 250MG X 1 AMP,35000.0,5,QUIROFANO(4),7840653001015,0.0,0.0
2000416,MERCILOP 500MG X 10 COMP,0.0,5,URGENCIAS(2),7840653003910,0.0,0.0
2000416,MERCILOP 500MG X 10 COMP,0.0,5,INTERNADO(3),7840653003910,0.0,0.0
2000416,MERCILOP 500MG X 10 COMP,0.0,5,QUIROFANO(4),7840653003910,0.0,0.0
2000417,MEROPENEM 1G (INTERLABO),526000.0,5,URGENCIAS(2),7891317033293,0.0,0.0
2000417,MEROPENEM 1G (INTERLABO),526000.0,5,INTERNADO(3),7891317033293,0.0,0.0
2000417,MEROPENEM 1G (INTERLABO),526000.0,5,QUIROFANO(4),7891317033293,0.0,0.0
2000418,MEROPENEM 1GR FCO AMP (LIBRA),0.0,5,URGENCIAS(2),7730711026312,0.0,0.0
2000418,MEROPENEM 1GR FCO AMP (LIBRA),0.0,5,INTERNADO(3),7730711026312,0.0,0.0
2000418,MEROPENEM 1GR FCO AMP (LIBRA),0.0,5,QUIROFANO(4),7730711026312,0.0,0.0
2000419,MEROPENEM 500MG X 1 FCO AMP (ETICOS),0.0,5,URGENCIAS(2),7841134000916,0.0,0.0
2000419,MEROPENEM 500MG X 1 FCO AMP (ETICOS),0.0,5,INTERNADO(3),7841134000916,0.0,0.0
2000419,MEROPENEM 500MG X 1 FCO AMP (ETICOS),0.0,5,QUIROFANO(4),7841134000916,0.0,0.0
2000420,"METOXAL 0,25MG X 50 COMP",0.0,5,URGENCIAS(2),7841134000923,0.0,0.0
2000420,"METOXAL 0,25MG X 50 COMP",0.0,5,INTERNADO(3),7841134000923,0.0,0.0
2000420,"METOXAL 0,25MG X 50 COMP",0.0,5,QUIROFANO(4),7841134000923,0.0,0.0
2000421,"METRONAC 0,5% B/BRAUN 100ML (METRONIDAZOL)",42312.0,5,URGENCIAS(2),7891543000243,0.0,5.0
2000421,"METRONAC 0,5% B/BRAUN 100ML (METRONIDAZOL)",42312.0,5,INTERNADO(3),7891543000243,0.0,0.0
2000421,"METRONAC 0,5% B/BRAUN 100ML (METRONIDAZOL)",42312.0,5,QUIROFANO(4),7891543000243,0.0,0.0
2000422,METROSOL 500 MG X 20 COMP.,0.0,5,URGENCIAS(2),7840036005593,0.0,0.0
2000422,METROSOL 500 MG X 20 COMP.,0.0,5,INTERNADO(3),7840036005593,0.0,0.0
2000422,METROSOL 500 MG X 20 COMP.,0.0,5,QUIROFANO(4),7840036005593,0.0,0.0
2000423,MEXADEN X 50 COMP,0.0,5,URGENCIAS(2),7840199085999,0.0,0.0
2000423,MEXADEN X 50 COMP,0.0,5,INTERNADO(3),7840199085999,0.0,0.0
2000423,MEXADEN X 50 COMP,0.0,5,QUIROFANO(4),7840199085999,0.0,0.0
2000424,MICAD SUSP. X 60ML,0.0,5,URGENCIAS(2),7840653001817,0.0,0.0
2000424,MICAD SUSP. X 60ML,0.0,5,INTERNADO(3),7840653001817,0.0,0.0
2000424,MICAD SUSP. X 60ML,0.0,5,QUIROFANO(4),7840653001817,0.0,0.0
2000425,MICARDIS 40MG X 28 COMP,0.0,5,URGENCIAS(2),7795304806054,0.0,0.0
2000425,MICARDIS 40MG X 28 COMP,0.0,5,INTERNADO(3),7795304806054,0.0,0.0
2000425,MICARDIS 40MG X 28 COMP,0.0,5,QUIROFANO(4),7795304806054,0.0,0.0
2000426,MICARDIS 80MG X 28 COMP (TELMISARTAN),0.0,5,URGENCIAS(2),7795304866065,0.0,0.0
2000426,MICARDIS 80MG X 28 COMP (TELMISARTAN),0.0,5,INTERNADO(3),7795304866065,0.0,0.0
2000426,MICARDIS 80MG X 28 COMP (TELMISARTAN),0.0,5,QUIROFANO(4),7795304866065,0.0,0.0
2000427,MICARDIS AMLO 80/10 X 28 COMP,0.0,5,URGENCIAS(2),4048846003416,0.0,0.0
2000427,MICARDIS AMLO 80/10 X 28 COMP,0.0,5,INTERNADO(3),4048846003416,0.0,0.0
2000427,MICARDIS AMLO 80/10 X 28 COMP,0.0,5,QUIROFANO(4),4048846003416,0.0,0.0
2000428,MICARDIS AMLO 80/5 COMP X,28.0,0,5 URGENCIAS(2),4048846003430,0.0,0.0
2000428,MICARDIS AMLO 80/5 COMP X,28.0,0,5 INTERNADO(3),4048846003430,0.0,0.0
2000428,MICARDIS AMLO 80/5 COMP X,28.0,0,5 QUIROFANO(4),4048846003430,0.0,0.0
2000429,"MICARDIS PLUS 40/12,5 MG X 28 COMP",0.0,5,URGENCIAS(2),4048846021410,0.0,0.0
2000429,"MICARDIS PLUS 40/12,5 MG X 28 COMP",0.0,5,INTERNADO(3),4048846021410,0.0,0.0
2000429,"MICARDIS PLUS 40/12,5 MG X 28 COMP",0.0,5,QUIROFANO(4),4048846021410,0.0,0.0
2000430,"MICARDIS PLUS 80/12,5MG X 28 COMP",0.0,5,URGENCIAS(2),4048846021458,0.0,0.0
2000430,"MICARDIS PLUS 80/12,5MG X 28 COMP",0.0,5,INTERNADO(3),4048846021458,0.0,0.0
2000430,"MICARDIS PLUS 80/12,5MG X 28 COMP",0.0,5,QUIROFANO(4),4048846021458,0.0,0.0
2000431,MICARDIS PLUS 80/25 X 28 COMP,0.0,5,URGENCIAS(2),4048846001313,0.0,0.0
2000431,MICARDIS PLUS 80/25 X 28 COMP,0.0,5,INTERNADO(3),4048846001313,0.0,0.0
2000431,MICARDIS PLUS 80/25 X 28 COMP,0.0,5,QUIROFANO(4),4048846001313,0.0,0.0
2000432,MICOFUNG CREMA X 20GR,0.0,5,URGENCIAS(2),7840653000988,0.0,0.0
2000432,MICOFUNG CREMA X 20GR,0.0,5,INTERNADO(3),7840653000988,0.0,0.0
2000432,MICOFUNG CREMA X 20GR,0.0,5,QUIROFANO(4),7840653000988,0.0,0.0
2000433,MILORIX CREMA 20 GR,0.0,5,URGENCIAS(2),7840315212100,0.0,0.0
2000433,MILORIX CREMA 20 GR,0.0,5,INTERNADO(3),7840315212100,0.0,0.0
2000433,MILORIX CREMA 20 GR,0.0,5,QUIROFANO(4),7840315212100,0.0,0.0
2000434,MINEVAL JBE X 120ML,0.0,5,URGENCIAS(2),7840653005983,0.0,0.0
2000434,MINEVAL JBE X 120ML,0.0,5,INTERNADO(3),7840653005983,0.0,0.0
2000434,MINEVAL JBE X 120ML,0.0,5,QUIROFANO(4),7840653005983,0.0,0.0
2000435,MIRENA ENDOCEPTIVO 52MG X 1 UNIDAD,0.0,5,URGENCIAS(2),7861100401547,0.0,0.0
2000435,MIRENA ENDOCEPTIVO 52MG X 1 UNIDAD,0.0,5,INTERNADO(3),7861100401547,0.0,0.0
2000435,MIRENA ENDOCEPTIVO 52MG X 1 UNIDAD,0.0,5,QUIROFANO(4),7861100401547,0.0,0.0
2000436,MOMENTA SPRAY NASAL X 25ML (MOMETASONA),0.0,5,URGENCIAS(2),7841722000021,0.0,0.0
2000436,MOMENTA SPRAY NASAL X 25ML (MOMETASONA),0.0,5,INTERNADO(3),7841722000021,0.0,0.0
2000436,MOMENTA SPRAY NASAL X 25ML (MOMETASONA),0.0,5,QUIROFANO(4),7841722000021,0.0,0.0
2000437,MOPERIDONA AF GOTAS X 20 ML,0.0,5,URGENCIAS(2),7798129414435,0.0,0.0
2000437,MOPERIDONA AF GOTAS X 20 ML,0.0,5,INTERNADO(3),7798129414435,0.0,0.0
2000437,MOPERIDONA AF GOTAS X 20 ML,0.0,5,QUIROFANO(4),7798129414435,0.0,0.0
2000438,MOXAVAL 400 MG C/10 COMP (MOXIFLOXACINA),0.0,5,URGENCIAS(2),7800006012068,0.0,0.0
2000438,MOXAVAL 400 MG C/10 COMP (MOXIFLOXACINA),0.0,5,INTERNADO(3),7800006012068,0.0,0.0
2000438,MOXAVAL 400 MG C/10 COMP (MOXIFLOXACINA),0.0,5,QUIROFANO(4),7800006012068,0.0,0.0
2000439,MULTIFLORA PLUS X 10 CAPS,0.0,5,URGENCIAS(2),5027314504920,0.0,0.0
2000439,MULTIFLORA PLUS X 10 CAPS,0.0,5,INTERNADO(3),5027314504920,0.0,0.0
2000439,MULTIFLORA PLUS X 10 CAPS,0.0,5,QUIROFANO(4),5027314504920,0.0,0.0
2000440,MULTIFLORA PLUS X 30 CAPS,0.0,5,URGENCIAS(2),5027314504937,0.0,0.0
2000440,MULTIFLORA PLUS X 30 CAPS,0.0,5,INTERNADO(3),5027314504937,0.0,0.0
2000440,MULTIFLORA PLUS X 30 CAPS,0.0,5,QUIROFANO(4),5027314504937,0.0,0.0
2000441,MULTIFLORA PLUS X 60 CAPS,0.0,5,URGENCIAS(2),5027314504944,0.0,0.0
2000441,MULTIFLORA PLUS X 60 CAPS,0.0,5,INTERNADO(3),5027314504944,0.0,0.0
2000441,MULTIFLORA PLUS X 60 CAPS,0.0,5,QUIROFANO(4),5027314504944,0.0,0.0
2000442,MULTIFLORA X 6 SOBRES,0.0,5,URGENCIAS(2),5027314504739,0.0,0.0
2000442,MULTIFLORA X 6 SOBRES,0.0,5,INTERNADO(3),5027314504739,0.0,0.0
2000442,MULTIFLORA X 6 SOBRES,0.0,5,QUIROFANO(4),5027314504739,0.0,0.0
2000443,MUPAX 2% UNG. NASAL X 5 GR,0.0,5,URGENCIAS(2),7795347939184,0.0,0.0
2000443,MUPAX 2% UNG. NASAL X 5 GR,0.0,5,INTERNADO(3),7795347939184,0.0,0.0
2000443,MUPAX 2% UNG. NASAL X 5 GR,0.0,5,QUIROFANO(4),7795347939184,0.0,0.0
2000444,MUXOL PEDIATRICO JARABE 100 ML,0.0,5,URGENCIAS(2),7800060009738,0.0,0.0
2000444,MUXOL PEDIATRICO JARABE 100 ML,0.0,5,INTERNADO(3),7800060009738,0.0,0.0
2000444,MUXOL PEDIATRICO JARABE 100 ML,0.0,5,QUIROFANO(4),7800060009738,0.0,0.0
2000445,NABILA 5 MG X 28 COMP.,0.0,5,URGENCIAS(2),7730979091817,0.0,0.0
2000445,NABILA 5 MG X 28 COMP.,0.0,5,INTERNADO(3),7730979091817,0.0,0.0
2000445,NABILA 5 MG X 28 COMP.,0.0,5,QUIROFANO(4),7730979091817,0.0,0.0
2000446,NAFAZOLINA DEBIL GOTAS 15 ML,0.0,5,URGENCIAS(2),7840036005623,0.0,0.0
2000446,NAFAZOLINA DEBIL GOTAS 15 ML,0.0,5,INTERNADO(3),7840036005623,0.0,0.0
2000446,NAFAZOLINA DEBIL GOTAS 15 ML,0.0,5,QUIROFANO(4),7840036005623,0.0,0.0
2000447,NAFAZOLINA NORMAL GTS 30ML,0.0,5,URGENCIAS(2),7840036001267,0.0,0.0
2000447,NAFAZOLINA NORMAL GTS 30ML,0.0,5,INTERNADO(3),7840036001267,0.0,0.0
2000447,NAFAZOLINA NORMAL GTS 30ML,0.0,5,QUIROFANO(4),7840036001267,0.0,0.0
2000448,"NEO-ALERTOP 2,5MG/5ML JBE X 120ML",0.0,5,URGENCIAS(2),7800007710802,0.0,0.0
2000448,"NEO-ALERTOP 2,5MG/5ML JBE X 120ML",0.0,5,INTERNADO(3),7800007710802,0.0,0.0
2000448,"NEO-ALERTOP 2,5MG/5ML JBE X 120ML",0.0,5,QUIROFANO(4),7800007710802,0.0,0.0
2000449,NEO-ALERTOP 5MG X 30 COMP,0.0,5,URGENCIAS(2),7800007672964,0.0,0.0
2000449,NEO-ALERTOP 5MG X 30 COMP,0.0,5,INTERNADO(3),7800007672964,0.0,0.0
2000449,NEO-ALERTOP 5MG X 30 COMP,0.0,5,QUIROFANO(4),7800007672964,0.0,0.0
2000450,"NEOCAINA PESADA 0,50% 4 ML",29294.0,5,URGENCIAS(2),8400000000062,0.0,0.0
2000450,"NEOCAINA PESADA 0,50% 4 ML",29294.0,5,INTERNADO(3),8400000000062,0.0,0.0
2000450,"NEOCAINA PESADA 0,50% 4 ML",29294.0,5,QUIROFANO(4),8400000000062,0.0,0.0
2000451,NEOXETIC 500 MG X 14 COMP,0.0,5,URGENCIAS(2),7841134012612,0.0,0.0
2000451,NEOXETIC 500 MG X 14 COMP,0.0,5,INTERNADO(3),7841134012612,0.0,0.0
2000451,NEOXETIC 500 MG X 14 COMP,0.0,5,QUIROFANO(4),7841134012612,0.0,0.0
2000452,NEURO FLOGIATRIN B12 X 1AMP,0.0,5,URGENCIAS(2),7840775402646,0.0,0.0
2000452,NEURO FLOGIATRIN B12 X 1AMP,0.0,5,INTERNADO(3),7840775402646,0.0,0.0
2000452,NEURO FLOGIATRIN B12 X 1AMP,0.0,5,QUIROFANO(4),7840775402646,0.0,0.0
2000453,NEUROTOL 10 MG X 50 COMP,0.0,5,URGENCIAS(2),7841134001081,0.0,0.0
2000453,NEUROTOL 10 MG X 50 COMP,0.0,5,INTERNADO(3),7841134001081,0.0,0.0
2000453,NEUROTOL 10 MG X 50 COMP,0.0,5,QUIROFANO(4),7841134001081,0.0,0.0
2000454,NEUROTOL FORTE 25MG X 50 COMP,0.0,5,URGENCIAS(2),7841134001104,0.0,0.0
2000454,NEUROTOL FORTE 25MG X 50 COMP,0.0,5,INTERNADO(3),7841134001104,0.0,0.0
2000454,NEUROTOL FORTE 25MG X 50 COMP,0.0,5,QUIROFANO(4),7841134001104,0.0,0.0
2000455,NEUROVAL CD 10MG X 30 COMP (CLOTIAZEPAM),0.0,5,URGENCIAS(2),7800060136090,0.0,0.0
2000455,NEUROVAL CD 10MG X 30 COMP (CLOTIAZEPAM),0.0,5,INTERNADO(3),7800060136090,0.0,0.0
2000455,NEUROVAL CD 10MG X 30 COMP (CLOTIAZEPAM),0.0,5,QUIROFANO(4),7800060136090,0.0,0.0
2000456,NICORIN GOTAS NASALES X 15ML,0.0,5,URGENCIAS(2),7848003000305,0.0,0.0
2000456,NICORIN GOTAS NASALES X 15ML,0.0,5,INTERNADO(3),7848003000305,0.0,0.0
2000456,NICORIN GOTAS NASALES X 15ML,0.0,5,QUIROFANO(4),7848003000305,0.0,0.0
2000457,NITRODOM CREMA X 15 GRS,0.0,5,URGENCIAS(2),7795327060730,0.0,0.0
2000457,NITRODOM CREMA X 15 GRS,0.0,5,INTERNADO(3),7795327060730,0.0,0.0
2000457,NITRODOM CREMA X 15 GRS,0.0,5,QUIROFANO(4),7795327060730,0.0,0.0
2000458,NITROGLICERINA 25MG X 1 AMP,0.0,5,URGENCIAS(2),8400000000468,0.0,0.0
2000458,NITROGLICERINA 25MG X 1 AMP,0.0,5,INTERNADO(3),8400000000468,0.0,0.0
2000458,NITROGLICERINA 25MG X 1 AMP,0.0,5,QUIROFANO(4),8400000000468,0.0,0.0
2000459,NOFLAME 550MG X 10COMP (NAPROXENO),0.0,5,URGENCIAS(2),7840213254653,0.0,0.0
2000459,NOFLAME 550MG X 10COMP (NAPROXENO),0.0,5,INTERNADO(3),7840213254653,0.0,0.0
2000459,NOFLAME 550MG X 10COMP (NAPROXENO),0.0,5,QUIROFANO(4),7840213254653,0.0,0.0
2000460,NORADRENALINA (NIACOR 4) 4MG/ML,98000.0,5,URGENCIAS(2),8400000001182,0.0,0.0
2000460,NORADRENALINA (NIACOR 4) 4MG/ML,98000.0,5,INTERNADO(3),8400000001182,0.0,0.0
2000460,NORADRENALINA (NIACOR 4) 4MG/ML,98000.0,5,QUIROFANO(4),8400000001182,0.0,0.0
2000461,NORAKE 1GR INY (AMPICILINA),42115.0,5,URGENCIAS(2),7840199065441,0.0,5.0
2000461,NORAKE 1GR INY (AMPICILINA),42115.0,5,INTERNADO(3),7840199065441,0.0,0.0
2000461,NORAKE 1GR INY (AMPICILINA),42115.0,5,QUIROFANO(4),7840199065441,0.0,0.0
2000462,NORAKE 500MG X 8 CAPS,0.0,5,URGENCIAS(2),7840199026596,0.0,0.0
2000462,NORAKE 500MG X 8 CAPS,0.0,5,INTERNADO(3),7840199026596,0.0,0.0
2000462,NORAKE 500MG X 8 CAPS,0.0,5,QUIROFANO(4),7840199026596,0.0,0.0
2000463,NORAKE IBL FCO AMP.,55000.0,5,URGENCIAS(2),7840199100616,0.0,3.0
2000463,NORAKE IBL FCO AMP.,55000.0,5,INTERNADO(3),7840199100616,0.0,0.0
2000463,NORAKE IBL FCO AMP.,55000.0,5,QUIROFANO(4),7840199100616,0.0,0.0
2000464,NOTROM PLUS X 30 COMP REC,0.0,5,URGENCIAS(2),7841134001128,0.0,0.0
2000464,NOTROM PLUS X 30 COMP REC,0.0,5,INTERNADO(3),7841134001128,0.0,0.0
2000464,NOTROM PLUS X 30 COMP REC,0.0,5,QUIROFANO(4),7841134001128,0.0,0.0
2000465,"NOVABUPI ISOBARICA 0,5% X 1 AMP",0.0,5,URGENCIAS(2),8400000057714,0.0,0.0
2000465,"NOVABUPI ISOBARICA 0,5% X 1 AMP",0.0,5,INTERNADO(3),8400000057714,0.0,0.0
2000465,"NOVABUPI ISOBARICA 0,5% X 1 AMP",0.0,5,QUIROFANO(4),8400000057714,0.0,0.0
2000466,NOVALGINA 1GR X 1 AMP,13450.0,5,URGENCIAS(2),8400000003933,0.0,5.0
2000466,NOVALGINA 1GR X 1 AMP,13450.0,5,INTERNADO(3),8400000003933,0.0,0.0
2000466,NOVALGINA 1GR X 1 AMP,13450.0,5,QUIROFANO(4),8400000003933,0.0,0.0
2000467,NOVALGINA GTS X 10ML,27300.0,5,URGENCIAS(2),7795312001069,0.0,0.0
2000467,NOVALGINA GTS X 10ML,27300.0,5,INTERNADO(3),7795312001069,0.0,0.0
2000467,NOVALGINA GTS X 10ML,27300.0,5,QUIROFANO(4),7795312001069,0.0,0.0
2000468,NOVALGINA JBE X 100ML,48000.0,5,URGENCIAS(2),7891058009052,0.0,0.0
2000468,NOVALGINA JBE X 100ML,48000.0,5,INTERNADO(3),7891058009052,0.0,0.0
2000468,NOVALGINA JBE X 100ML,48000.0,5,QUIROFANO(4),7891058009052,0.0,0.0
2000469,NOVO THIDOXOL (CEFAZOLINA 1G),0.0,5,URGENCIAS(2),7841134001166,0.0,0.0
2000469,NOVO THIDOXOL (CEFAZOLINA 1G),0.0,5,INTERNADO(3),7841134001166,0.0,0.0
2000469,NOVO THIDOXOL (CEFAZOLINA 1G),0.0,5,QUIROFANO(4),7841134001166,0.0,0.0
2000470,NOVOSPORINA UNGUENTO 15 GR,0.0,5,URGENCIAS(2),7840213029725,0.0,0.0
2000470,NOVOSPORINA UNGUENTO 15 GR,0.0,5,INTERNADO(3),7840213029725,0.0,0.0
2000470,NOVOSPORINA UNGUENTO 15 GR,0.0,5,QUIROFANO(4),7840213029725,0.0,0.0
2000471,NUCLEO CMP FORTE X 30 CAPS,0.0,5,URGENCIAS(2),8433042001575,0.0,0.0
2000471,NUCLEO CMP FORTE X 30 CAPS,0.0,5,INTERNADO(3),8433042001575,0.0,0.0
2000471,NUCLEO CMP FORTE X 30 CAPS,0.0,5,QUIROFANO(4),8433042001575,0.0,0.0
2000472,NUCLEO CMP FORTE X AMPOLLA,0.0,5,URGENCIAS(2),8400000092661,0.0,0.0
2000472,NUCLEO CMP FORTE X AMPOLLA,0.0,5,INTERNADO(3),8400000092661,0.0,0.0
2000472,NUCLEO CMP FORTE X AMPOLLA,0.0,5,QUIROFANO(4),8400000092661,0.0,0.0
2000473,NUROX 200MG JBE X 30ML,0.0,5,URGENCIAS(2),7800007630537,0.0,0.0
2000473,NUROX 200MG JBE X 30ML,0.0,5,INTERNADO(3),7800007630537,0.0,0.0
2000473,NUROX 200MG JBE X 30ML,0.0,5,QUIROFANO(4),7800007630537,0.0,0.0
2000474,NUROX 500MG X 6 COMP,0.0,5,URGENCIAS(2),7800007693457,0.0,0.0
2000474,NUROX 500MG X 6 COMP,0.0,5,INTERNADO(3),7800007693457,0.0,0.0
2000474,NUROX 500MG X 6 COMP,0.0,5,QUIROFANO(4),7800007693457,0.0,0.0
2000475,ODONTOL PLAC LIQUIDO X 300ML,0.0,5,URGENCIAS(2),7840653008403,0.0,0.0
2000475,ODONTOL PLAC LIQUIDO X 300ML,0.0,5,INTERNADO(3),7840653008403,0.0,0.0
2000475,ODONTOL PLAC LIQUIDO X 300ML,0.0,5,QUIROFANO(4),7840653008403,0.0,0.0
2000476,OLIMEL N9E 2000ML (CENTRAL),0.0,5,URGENCIAS(2),7707141399996,0.0,0.0
2000476,OLIMEL N9E 2000ML (CENTRAL),0.0,5,INTERNADO(3),7707141399996,0.0,0.0
2000476,OLIMEL N9E 2000ML (CENTRAL),0.0,5,QUIROFANO(4),7707141399996,0.0,0.0
2000477,ORALCEF 200MG X 50 ML SUSP.,0.0,5,URGENCIAS(2),7841134010199,0.0,0.0
2000477,ORALCEF 200MG X 50 ML SUSP.,0.0,5,INTERNADO(3),7841134010199,0.0,0.0
2000477,ORALCEF 200MG X 50 ML SUSP.,0.0,5,QUIROFANO(4),7841134010199,0.0,0.0
2000478,ORALCEF 400 MG X 8 COMP,0.0,5,URGENCIAS(2),7841134001203,0.0,0.0
2000478,ORALCEF 400 MG X 8 COMP,0.0,5,INTERNADO(3),7841134001203,0.0,0.0
2000478,ORALCEF 400 MG X 8 COMP,0.0,5,QUIROFANO(4),7841134001203,0.0,0.0
2000479,ORFILINA 400MG X 30 COMP,0.0,5,URGENCIAS(2),7840653002258,0.0,0.0
2000479,ORFILINA 400MG X 30 COMP,0.0,5,INTERNADO(3),7840653002258,0.0,0.0
2000479,ORFILINA 400MG X 30 COMP,0.0,5,QUIROFANO(4),7840653002258,0.0,0.0
2000480,ORUDIS 200MG X 30 COMP,0.0,5,URGENCIAS(2),7841141001814,0.0,0.0
2000480,ORUDIS 200MG X 30 COMP,0.0,5,INTERNADO(3),7841141001814,0.0,0.0
2000480,ORUDIS 200MG X 30 COMP,0.0,5,QUIROFANO(4),7841141001814,0.0,0.0
2000481,OSELTA 60MG/5ML SUSP 75ML,0.0,5,URGENCIAS(2),7840213255049,0.0,0.0
2000481,OSELTA 60MG/5ML SUSP 75ML,0.0,5,INTERNADO(3),7840213255049,0.0,0.0
2000481,OSELTA 60MG/5ML SUSP 75ML,0.0,5,QUIROFANO(4),7840213255049,0.0,0.0
2000482,OSELTA 75MG X 10 CAPS,0.0,5,URGENCIAS(2),7840213257555,0.0,0.0
2000482,OSELTA 75MG X 10 CAPS,0.0,5,INTERNADO(3),7840213257555,0.0,0.0
2000482,OSELTA 75MG X 10 CAPS,0.0,5,QUIROFANO(4),7840213257555,0.0,0.0
2000483,OSMOLITE HN RTH X 1000 ML,0.0,5,URGENCIAS(2),70074112664,0.0,0.0
2000483,OSMOLITE HN RTH X 1000 ML,0.0,5,INTERNADO(3),70074112664,0.0,0.0
2000483,OSMOLITE HN RTH X 1000 ML,0.0,5,QUIROFANO(4),70074112664,0.0,0.0
2000483,OSMOLITE HN RTH X 1000 ML,0.0,5,ADMINISTRACION,70074112664,0.0,0.0
2000483,OSMOLITE HN RTH X 1000 ML,0.0,5,CARRO DE PARO,70074112664,0.0,0.0
2000484,PARACETAMOL ETICOS 1% SOL. INY X 100ML,64600.0,5,URGENCIAS(2),7841134008202,0.0,0.0
2000484,PARACETAMOL ETICOS 1% SOL. INY X 100ML,64600.0,5,INTERNADO(3),7841134008202,0.0,0.0
2000484,PARACETAMOL ETICOS 1% SOL. INY X 100ML,64600.0,5,QUIROFANO(4),7841134008202,0.0,0.0
2000485,PARSOL AGUA DE MAR ISOTONICO X 30 ML,0.0,5,URGENCIAS(2),7841722000014,0.0,0.0
2000485,PARSOL AGUA DE MAR ISOTONICO X 30 ML,0.0,5,INTERNADO(3),7841722000014,0.0,0.0
2000485,PARSOL AGUA DE MAR ISOTONICO X 30 ML,0.0,5,QUIROFANO(4),7841722000014,0.0,0.0
2000486,PARSOL AGUA HIPERTONICO X 120 ML,0.0,5,URGENCIAS(2),7841722000205,0.0,4.0
2000486,PARSOL AGUA HIPERTONICO X 120 ML,0.0,5,INTERNADO(3),7841722000205,0.0,0.0
2000486,PARSOL AGUA HIPERTONICO X 120 ML,0.0,5,QUIROFANO(4),7841722000205,0.0,0.0
2000487,PARSOL D SPRAY NASAL 20ML,0.0,5,URGENCIAS(2),7841722000557,0.0,0.0
2000487,PARSOL D SPRAY NASAL 20ML,0.0,5,INTERNADO(3),7841722000557,0.0,0.0
2000487,PARSOL D SPRAY NASAL 20ML,0.0,5,QUIROFANO(4),7841722000557,0.0,0.0
2000488,PECTOFAR CODEINA FCO X 120 ML,0.0,5,URGENCIAS(2),7840653006263,0.0,0.0
2000488,PECTOFAR CODEINA FCO X 120 ML,0.0,5,INTERNADO(3),7840653006263,0.0,0.0
2000488,PECTOFAR CODEINA FCO X 120 ML,0.0,5,QUIROFANO(4),7840653006263,0.0,0.0
2000489,PECTOS N.F. JBE FCO 100ML,0.0,5,URGENCIAS(2),7841106001262,0.0,0.0
2000489,PECTOS N.F. JBE FCO 100ML,0.0,5,INTERNADO(3),7841106001262,0.0,0.0
2000489,PECTOS N.F. JBE FCO 100ML,0.0,5,QUIROFANO(4),7841106001262,0.0,0.0
2000490,PEDIALYTE MANZANA CON ZINC X 500ML,0.0,5,URGENCIAS(2),7501033961625,0.0,0.0
2000490,PEDIALYTE MANZANA CON ZINC X 500ML,0.0,5,INTERNADO(3),7501033961625,0.0,0.0
2000490,PEDIALYTE MANZANA CON ZINC X 500ML,0.0,5,QUIROFANO(4),7501033961625,0.0,0.0
2000491,PEDIASURE TRIPLE SURE MR VAINILLA LATA X 400GR,0.0,5,URGENCIAS(2),8886451005663,0.0,0.0
2000491,PEDIASURE TRIPLE SURE MR VAINILLA LATA X 400GR,0.0,5,INTERNADO(3),8886451005663,0.0,0.0
2000491,PEDIASURE TRIPLE SURE MR VAINILLA LATA X 400GR,0.0,5,QUIROFANO(4),8886451005663,0.0,0.0
2000492,"PEITEL 0,25% CREMA X 30 GR",0.0,5,URGENCIAS(2),8433042012694,0.0,0.0
2000492,"PEITEL 0,25% CREMA X 30 GR",0.0,5,INTERNADO(3),8433042012694,0.0,0.0
2000492,"PEITEL 0,25% CREMA X 30 GR",0.0,5,QUIROFANO(4),8433042012694,0.0,0.0
2000493,PENBRONK 20 MG X 20 COMP,0.0,5,URGENCIAS(2),7840653004856,0.0,0.0
2000493,PENBRONK 20 MG X 20 COMP,0.0,5,INTERNADO(3),7840653004856,0.0,0.0
2000493,PENBRONK 20 MG X 20 COMP,0.0,5,QUIROFANO(4),7840653004856,0.0,0.0
2000494,PENBRONK 5 MG X 10 COMP,0.0,5,URGENCIAS(2),7840653005051,0.0,0.0
2000494,PENBRONK 5 MG X 10 COMP,0.0,5,INTERNADO(3),7840653005051,0.0,0.0
2000494,PENBRONK 5 MG X 10 COMP,0.0,5,QUIROFANO(4),7840653005051,0.0,0.0
2000495,PEPTICUS 20MG X 28 COMP,0.0,5,URGENCIAS(2),7730979092791,0.0,0.0
2000495,PEPTICUS 20MG X 28 COMP,0.0,5,INTERNADO(3),7730979092791,0.0,0.0
2000495,PEPTICUS 20MG X 28 COMP,0.0,5,QUIROFANO(4),7730979092791,0.0,0.0
2000496,PEPTICUS 40MG INY X 1 AMP,0.0,5,URGENCIAS(2),7730979092814,0.0,0.0
2000496,PEPTICUS 40MG INY X 1 AMP,0.0,5,INTERNADO(3),7730979092814,0.0,0.0
2000496,PEPTICUS 40MG INY X 1 AMP,0.0,5,QUIROFANO(4),7730979092814,0.0,0.0
2000497,PEPTICUS 40MG X 28 COMP,0.0,5,URGENCIAS(2),7730979092807,0.0,0.0
2000497,PEPTICUS 40MG X 28 COMP,0.0,5,INTERNADO(3),7730979092807,0.0,0.0
2000497,PEPTICUS 40MG X 28 COMP,0.0,5,QUIROFANO(4),7730979092807,0.0,0.0
2000498,PEPTICUS PACK X 20 COMP,0.0,5,URGENCIAS(2),7730979096249,0.0,0.0
2000498,PEPTICUS PACK X 20 COMP,0.0,5,INTERNADO(3),7730979096249,0.0,0.0
2000498,PEPTICUS PACK X 20 COMP,0.0,5,QUIROFANO(4),7730979096249,0.0,0.0
2000499,PERACON JBE X 120ML,0.0,5,URGENCIAS(2),7842228000645,0.0,0.0
2000499,PERACON JBE X 120ML,0.0,5,INTERNADO(3),7842228000645,0.0,0.0
2000499,PERACON JBE X 120ML,0.0,5,QUIROFANO(4),7842228000645,0.0,0.0
2000500,PERACON NF GOTAS X 15ML,0.0,5,URGENCIAS(2),7842228000362,0.0,0.0
2000500,PERACON NF GOTAS X 15ML,0.0,5,INTERNADO(3),7842228000362,0.0,0.0
2000500,PERACON NF GOTAS X 15ML,0.0,5,QUIROFANO(4),7842228000362,0.0,0.0
2000501,PERACON NF X 20 COMP REC,0.0,5,URGENCIAS(2),7842228000379,0.0,0.0
2000501,PERACON NF X 20 COMP REC,0.0,5,INTERNADO(3),7842228000379,0.0,0.0
2000501,PERACON NF X 20 COMP REC,0.0,5,QUIROFANO(4),7842228000379,0.0,0.0
2000502,PEREBRON ADULTO JARABE 120 ML,0.0,5,URGENCIAS(2),7840036005715,0.0,0.0
2000502,PEREBRON ADULTO JARABE 120 ML,0.0,5,INTERNADO(3),7840036005715,0.0,0.0
2000502,PEREBRON ADULTO JARABE 120 ML,0.0,5,QUIROFANO(4),7840036005715,0.0,0.0
2000503,PEREBRON PLUS FCO 120 ML,0.0,5,URGENCIAS(2),7840036008174,0.0,0.0
2000503,PEREBRON PLUS FCO 120 ML,0.0,5,INTERNADO(3),7840036008174,0.0,0.0
2000503,PEREBRON PLUS FCO 120 ML,0.0,5,QUIROFANO(4),7840036008174,0.0,0.0
2000504,PERENNUN 600 MG X 30 CAPS.,0.0,5,URGENCIAS(2),7840213029770,0.0,0.0
2000504,PERENNUN 600 MG X 30 CAPS.,0.0,5,INTERNADO(3),7840213029770,0.0,0.0
2000504,PERENNUN 600 MG X 30 CAPS.,0.0,5,QUIROFANO(4),7840213029770,0.0,0.0
2000505,PERENTEROL 250MG X 6 CAPS,0.0,5,URGENCIAS(2),3583316669187,0.0,0.0
2000505,PERENTEROL 250MG X 6 CAPS,0.0,5,INTERNADO(3),3583316669187,0.0,0.0
2000505,PERENTEROL 250MG X 6 CAPS,0.0,5,QUIROFANO(4),3583316669187,0.0,0.0
2000506,PERENTEROL 250MG X 6 SOBRES,0.0,5,URGENCIAS(2),3583315558079,0.0,0.0
2000506,PERENTEROL 250MG X 6 SOBRES,0.0,5,INTERNADO(3),3583315558079,0.0,0.0
2000506,PERENTEROL 250MG X 6 SOBRES,0.0,5,QUIROFANO(4),3583315558079,0.0,0.0
2000507,PEUTIC 20MG X 30COMP,0.0,5,URGENCIAS(2),7841134013640,0.0,0.0
2000507,PEUTIC 20MG X 30COMP,0.0,5,INTERNADO(3),7841134013640,0.0,0.0
2000507,PEUTIC 20MG X 30COMP,0.0,5,QUIROFANO(4),7841134013640,0.0,0.0
2000508,7841134013640,0.0,5,URGENCIAS(2),7841134006772,0.0,0.0
2000508,7841134013640,0.0,5,INTERNADO(3),7841134006772,0.0,0.0
2000508,7841134013640,0.0,5,QUIROFANO(4),7841134006772,0.0,0.0
2000509,PHENOMAX VITAMINA C 1000 MG X 20 COMP EFERV,0.0,5,URGENCIAS(2),8435538404518,0.0,0.0
2000509,PHENOMAX VITAMINA C 1000 MG X 20 COMP EFERV,0.0,5,INTERNADO(3),8435538404518,0.0,0.0
2000509,PHENOMAX VITAMINA C 1000 MG X 20 COMP EFERV,0.0,5,QUIROFANO(4),8435538404518,0.0,0.0
2000510,"MOLTRAZEN 4,5 (PIPERACILINA + TAZOBACTAM) FCO X 1 AMP",285000.0,5,URGENCIAS(2),7891317033248,0.0,6.0
2000510,"MOLTRAZEN 4,5 (PIPERACILINA + TAZOBACTAM) FCO X 1 AMP",285000.0,5,INTERNADO(3),7891317033248,0.0,0.0
2000510,"MOLTRAZEN 4,5 (PIPERACILINA + TAZOBACTAM) FCO X 1 AMP",285000.0,5,QUIROFANO(4),7891317033248,0.0,0.0
2000511,"PLAMODEX IBL 1500 (AMOXIXILINA + SULBACTAM) 0,5G INY PVO SOLV",46900.0,5,URGENCIAS(2),7840199100968,0.0,4.0
2000511,"PLAMODEX IBL 1500 (AMOXIXILINA + SULBACTAM) 0,5G INY PVO SOLV",46900.0,5,INTERNADO(3),7840199100968,0.0,0.0
2000511,"PLAMODEX IBL 1500 (AMOXIXILINA + SULBACTAM) 0,5G INY PVO SOLV",46900.0,5,QUIROFANO(4),7840199100968,0.0,0.0
2000512,PLATSUL-A CREMA X 30GR.SULFADIAZINA DE PLATA-VIT A,0.0,5,URGENCIAS(2),7795375579000,0.0,0.0
2000512,PLATSUL-A CREMA X 30GR.SULFADIAZINA DE PLATA-VIT A,0.0,5,INTERNADO(3),7795375579000,0.0,0.0
2000512,PLATSUL-A CREMA X 30GR.SULFADIAZINA DE PLATA-VIT A,0.0,5,QUIROFANO(4),7795375579000,0.0,0.0
2000513,PLIDAN RELAX X 20 COMP,0.0,5,URGENCIAS(2),7730698001517,0.0,0.0
2000513,PLIDAN RELAX X 20 COMP,0.0,5,INTERNADO(3),7730698001517,0.0,0.0
2000513,PLIDAN RELAX X 20 COMP,0.0,5,QUIROFANO(4),7730698001517,0.0,0.0
2000514,PLUSCORT 1000 X 1 AMP (ACIDO TRANEXANICO),109370.0,5,URGENCIAS(2),7840036104319,0.0,0.0
2000514,PLUSCORT 1000 X 1 AMP (ACIDO TRANEXANICO),109370.0,5,INTERNADO(3),7840036104319,0.0,0.0
2000514,PLUSCORT 1000 X 1 AMP (ACIDO TRANEXANICO),109370.0,5,QUIROFANO(4),7840036104319,0.0,0.0
2000515,PLUSCORT 1000 X 10 COM REC (ACIDO TRANEXAMICO),0.0,5,URGENCIAS(2),7840036106580,0.0,0.0
2000515,PLUSCORT 1000 X 10 COM REC (ACIDO TRANEXAMICO),0.0,5,INTERNADO(3),7840036106580,0.0,0.0
2000515,PLUSCORT 1000 X 10 COM REC (ACIDO TRANEXAMICO),0.0,5,QUIROFANO(4),7840036106580,0.0,0.0
2000516,PLUSCORT 500 X 1 AMP (ACIDO TRANEXANICO),0.0,5,URGENCIAS(2),7840036104258,0.0,0.0
2000516,PLUSCORT 500 X 1 AMP (ACIDO TRANEXANICO),0.0,5,INTERNADO(3),7840036104258,0.0,0.0
2000516,PLUSCORT 500 X 1 AMP (ACIDO TRANEXANICO),0.0,5,QUIROFANO(4),7840036104258,0.0,0.0
2000517,PLUSCORT 500 X 10 COM REC (ACIDO TRANEXAMICO),0.0,5,URGENCIAS(2),7840036106306,0.0,0.0
2000517,PLUSCORT 500 X 10 COM REC (ACIDO TRANEXAMICO),0.0,5,INTERNADO(3),7840036106306,0.0,0.0
2000517,PLUSCORT 500 X 10 COM REC (ACIDO TRANEXAMICO),0.0,5,QUIROFANO(4),7840036106306,0.0,0.0
2000518,PRADAXA 150MG X 30 CAPS,0.0,5,URGENCIAS(2),4048846004321,0.0,0.0
2000518,PRADAXA 150MG X 30 CAPS,0.0,5,INTERNADO(3),4048846004321,0.0,0.0
2000518,PRADAXA 150MG X 30 CAPS,0.0,5,QUIROFANO(4),4048846004321,0.0,0.0
2000519,PRAMIL 50MG X 20COMP.,0.0,5,URGENCIAS(2),7840213029879,0.0,0.0
2000519,PRAMIL 50MG X 20COMP.,0.0,5,INTERNADO(3),7840213029879,0.0,0.0
2000519,PRAMIL 50MG X 20COMP.,0.0,5,QUIROFANO(4),7840213029879,0.0,0.0
2000520,PREBICTAL 75MG X 28 CAPS,0.0,5,URGENCIAS(2),7841141002606,0.0,0.0
2000520,PREBICTAL 75MG X 28 CAPS,0.0,5,INTERNADO(3),7841141002606,0.0,0.0
2000520,PREBICTAL 75MG X 28 CAPS,0.0,5,QUIROFANO(4),7841141002606,0.0,0.0
2000521,PRICISTIN 300 X 30 CAPS,0.0,5,URGENCIAS(2),7840036009249,0.0,0.0
2000521,PRICISTIN 300 X 30 CAPS,0.0,5,INTERNADO(3),7840036009249,0.0,0.0
2000521,PRICISTIN 300 X 30 CAPS,0.0,5,QUIROFANO(4),7840036009249,0.0,0.0
2000522,PRICISTIN 400 X 30 CAPS,0.0,5,URGENCIAS(2),7840036009256,0.0,0.0
2000522,PRICISTIN 400 X 30 CAPS,0.0,5,INTERNADO(3),7840036009256,0.0,0.0
2000522,PRICISTIN 400 X 30 CAPS,0.0,5,QUIROFANO(4),7840036009256,0.0,0.0
2000523,CEFOTAXIMA 1G (NL PHARMA),52000.0,5,URGENCIAS(2),7841134001234,0.0,0.0
2000523,CEFOTAXIMA 1G (NL PHARMA),52000.0,5,INTERNADO(3),7841134001234,0.0,0.0
2000523,CEFOTAXIMA 1G (NL PHARMA),52000.0,5,QUIROFANO(4),7841134001234,0.0,0.0
2000524,PROCALM (METOCLOPRAMIDA 10MG),4827.0,5,URGENCIAS(2),7840199018591,0.0,2.0
2000524,PROCALM (METOCLOPRAMIDA 10MG),4827.0,5,INTERNADO(3),7840199018591,0.0,0.0
2000524,PROCALM (METOCLOPRAMIDA 10MG),4827.0,5,QUIROFANO(4),7840199018591,0.0,0.0
2000525,PRODENT X 10 COMP,0.0,5,URGENCIAS(2),7840199069166,0.0,0.0
2000525,PRODENT X 10 COMP,0.0,5,INTERNADO(3),7840199069166,0.0,0.0
2000525,PRODENT X 10 COMP,0.0,5,QUIROFANO(4),7840199069166,0.0,0.0
2000526,PROGELLE 200 X 30 CAPS,0.0,5,URGENCIAS(2),7841721000497,0.0,0.0
2000526,PROGELLE 200 X 30 CAPS,0.0,5,INTERNADO(3),7841721000497,0.0,0.0
2000526,PROGELLE 200 X 30 CAPS,0.0,5,QUIROFANO(4),7841721000497,0.0,0.0
2000527,PROGENDO 200MG X 30 CAPS,0.0,5,URGENCIAS(2),7800026005392,0.0,0.0
2000527,PROGENDO 200MG X 30 CAPS,0.0,5,INTERNADO(3),7800026005392,0.0,0.0
2000527,PROGENDO 200MG X 30 CAPS,0.0,5,QUIROFANO(4),7800026005392,0.0,0.0
2000528,PROPRANOLOL 40 MG X 50 COMP,0.0,5,URGENCIAS(2),7792183105667,0.0,0.0
2000528,PROPRANOLOL 40 MG X 50 COMP,0.0,5,INTERNADO(3),7792183105667,0.0,0.0
2000528,PROPRANOLOL 40 MG X 50 COMP,0.0,5,QUIROFANO(4),7792183105667,0.0,0.0
2000529,PROTEIMAR X 30 CAPS,0.0,5,URGENCIAS(2),7840213261743,0.0,0.0
2000529,PROTEIMAR X 30 CAPS,0.0,5,INTERNADO(3),7840213261743,0.0,0.0
2000529,PROTEIMAR X 30 CAPS,0.0,5,QUIROFANO(4),7840213261743,0.0,0.0
2000530,PROTIFAR LECHE LATA X 225GR,0.0,5,URGENCIAS(2),8712400594233,0.0,0.0
2000530,PROTIFAR LECHE LATA X 225GR,0.0,5,INTERNADO(3),8712400594233,0.0,0.0
2000530,PROTIFAR LECHE LATA X 225GR,0.0,5,QUIROFANO(4),8712400594233,0.0,0.0
2000531,8712400594233,0.0,5,URGENCIAS(2),7840036009010,0.0,0.0
2000531,8712400594233,0.0,5,INTERNADO(3),7840036009010,0.0,0.0
2000531,8712400594233,0.0,5,QUIROFANO(4),7840036009010,0.0,0.0
2000532,PRURID X 30 COMP.,0.0,5,URGENCIAS(2),7840036009041,0.0,0.0
2000532,PRURID X 30 COMP.,0.0,5,INTERNADO(3),7840036009041,0.0,0.0
2000532,PRURID X 30 COMP.,0.0,5,QUIROFANO(4),7840036009041,0.0,0.0
2000533,PRURISEDAN LOCION X 60ML,0.0,5,URGENCIAS(2),7793742005992,0.0,0.0
2000533,PRURISEDAN LOCION X 60ML,0.0,5,INTERNADO(3),7793742005992,0.0,0.0
2000533,PRURISEDAN LOCION X 60ML,0.0,5,QUIROFANO(4),7793742005992,0.0,0.0
2000534,QUETIAZIC 25MG X 30 COMP REC,0.0,5,URGENCIAS(2),7730979092012,0.0,0.0
2000534,QUETIAZIC 25MG X 30 COMP REC,0.0,5,INTERNADO(3),7730979092012,0.0,0.0
2000534,QUETIAZIC 25MG X 30 COMP REC,0.0,5,QUIROFANO(4),7730979092012,0.0,0.0
2000535,QUETIAZIC XR 50MG X 30 COMP REC,0.0,5,URGENCIAS(2),7730979096454,0.0,0.0
2000535,QUETIAZIC XR 50MG X 30 COMP REC,0.0,5,INTERNADO(3),7730979096454,0.0,0.0
2000535,QUETIAZIC XR 50MG X 30 COMP REC,0.0,5,QUIROFANO(4),7730979096454,0.0,0.0
2000536,QUINODRIL (LEVOFLOXACINA) 750MG/150ML X 1 FCO AMP,219049.0,5,URGENCIAS(2),7840199087887,0.0,3.0
2000536,QUINODRIL (LEVOFLOXACINA) 750MG/150ML X 1 FCO AMP,219049.0,5,INTERNADO(3),7840199087887,0.0,0.0
2000536,QUINODRIL (LEVOFLOXACINA) 750MG/150ML X 1 FCO AMP,219049.0,5,QUIROFANO(4),7840199087887,0.0,0.0
2000537,RAGILON 40MG X 10 COMP (FUROSEMIDA),0.0,5,URGENCIAS(2),7840653002265,0.0,0.0
2000537,RAGILON 40MG X 10 COMP (FUROSEMIDA),0.0,5,INTERNADO(3),7840653002265,0.0,0.0
2000537,RAGILON 40MG X 10 COMP (FUROSEMIDA),0.0,5,QUIROFANO(4),7840653002265,0.0,0.0
2000538,RAGILON GOTAS X 15 ML (FUROSEMIDA),0.0,5,URGENCIAS(2),7840653001282,0.0,0.0
2000538,RAGILON GOTAS X 15 ML (FUROSEMIDA),0.0,5,INTERNADO(3),7840653001282,0.0,0.0
2000538,RAGILON GOTAS X 15 ML (FUROSEMIDA),0.0,5,QUIROFANO(4),7840653001282,0.0,0.0
2000539,RALETRON (ONDANSETRON 8MG) X 1 AMP 4ML,0.0,5,FARMACIA INTERNA(1),2000539,0.0,0.0
2000539,RALETRON (ONDANSETRON 8MG) X 1 AMP 4ML,0.0,5,URGENCIAS(2),2000539,0.0,0.0
2000539,RALETRON (ONDANSETRON 8MG) X 1 AMP 4ML,0.0,5,INTERNADO(3),2000539,0.0,0.0
2000539,RALETRON (ONDANSETRON 8MG) X 1 AMP 4ML,0.0,5,QUIROFANO(4),2000539,0.0,0.0
2000539,RALETRON (ONDANSETRON 8MG) X 1 AMP 4ML,0.0,5,ADMINISTRACION,2000539,0.0,0.0
2000539,RALETRON (ONDANSETRON 8MG) X 1 AMP 4ML,0.0,5,CARRO DE PARO,2000539,0.0,0.0
2000540,REALTA 30 MG X 30 CAPS (DULOXETINA),0.0,5,URGENCIAS(2),7800060129986,0.0,0.0
2000540,REALTA 30 MG X 30 CAPS (DULOXETINA),0.0,5,INTERNADO(3),7800060129986,0.0,0.0
2000540,REALTA 30 MG X 30 CAPS (DULOXETINA),0.0,5,QUIROFANO(4),7800060129986,0.0,0.0
2000541,REALTA 60 MG X 30 CAPS (DULOXETINA),0.0,5,URGENCIAS(2),7800060130050,0.0,0.0
2000541,REALTA 60 MG X 30 CAPS (DULOXETINA),0.0,5,INTERNADO(3),7800060130050,0.0,0.0
2000541,REALTA 60 MG X 30 CAPS (DULOXETINA),0.0,5,QUIROFANO(4),7800060130050,0.0,0.0
2000542,REMDESIVIR 100MG INY.LIQ. FCO. X 20ML,0.0,5,URGENCIAS(2),7841134011097,0.0,0.0
2000542,REMDESIVIR 100MG INY.LIQ. FCO. X 20ML,0.0,5,INTERNADO(3),7841134011097,0.0,0.0
2000542,REMDESIVIR 100MG INY.LIQ. FCO. X 20ML,0.0,5,QUIROFANO(4),7841134011097,0.0,0.0
2000543,RESPIBEN JBE X 200ML,0.0,5,URGENCIAS(2),7840199116129,0.0,0.0
2000543,RESPIBEN JBE X 200ML,0.0,5,INTERNADO(3),7840199116129,0.0,0.0
2000543,RESPIBEN JBE X 200ML,0.0,5,QUIROFANO(4),7840199116129,0.0,0.0
2000544,RESPIRAN DUO INHALADOR X 200 DOSIS,0.0,5,URGENCIAS(2),7841134001296,0.0,0.0
2000544,RESPIRAN DUO INHALADOR X 200 DOSIS,0.0,5,INTERNADO(3),7841134001296,0.0,0.0
2000544,RESPIRAN DUO INHALADOR X 200 DOSIS,0.0,5,QUIROFANO(4),7841134001296,0.0,0.0
2000545,P/NEBULIZAR 15ML,31750.0,5,URGENCIAS(2),7841134001302,0.0,0.0
2000545,P/NEBULIZAR 15ML,31750.0,5,INTERNADO(3),7841134001302,0.0,0.0
2000545,P/NEBULIZAR 15ML,31750.0,5,QUIROFANO(4),7841134001302,0.0,0.0
2000546,RESPIRAN SUSP. AEROSOL X 200 DOSIS,0.0,5,URGENCIAS(2),7841134001289,0.0,0.0
2000546,RESPIRAN SUSP. AEROSOL X 200 DOSIS,0.0,5,INTERNADO(3),7841134001289,0.0,0.0
2000546,RESPIRAN SUSP. AEROSOL X 200 DOSIS,0.0,5,QUIROFANO(4),7841134001289,0.0,0.0
2000547,RIC CALCIO X 20 SOBRES,0.0,5,URGENCIAS(2),7795327061270,0.0,0.0
2000547,RIC CALCIO X 20 SOBRES,0.0,5,INTERNADO(3),7795327061270,0.0,0.0
2000547,RIC CALCIO X 20 SOBRES,0.0,5,QUIROFANO(4),7795327061270,0.0,0.0
2000548,RIFAMICINA QUIMFA SOL. TOP. 10MG/ML X 50ML,0.0,5,URGENCIAS(2),7840213030080,0.0,0.0
2000548,RIFAMICINA QUIMFA SOL. TOP. 10MG/ML X 50ML,0.0,5,INTERNADO(3),7840213030080,0.0,0.0
2000548,RIFAMICINA QUIMFA SOL. TOP. 10MG/ML X 50ML,0.0,5,QUIROFANO(4),7840213030080,0.0,0.0
2000549,RINARIN SPRAY NASAL X 120 DOSIS,0.0,5,URGENCIAS(2),7841134007786,0.0,0.0
2000549,RINARIN SPRAY NASAL X 120 DOSIS,0.0,5,INTERNADO(3),7841134007786,0.0,0.0
2000549,RINARIN SPRAY NASAL X 120 DOSIS,0.0,5,QUIROFANO(4),7841134007786,0.0,0.0
2000550,NEBUCORT GTS (BUDESONIDA) 20ML,36301.0,5,URGENCIAS(2),7795373011489,0.0,0.0
2000550,NEBUCORT GTS (BUDESONIDA) 20ML,36301.0,5,INTERNADO(3),7795373011489,0.0,0.0
2000550,NEBUCORT GTS (BUDESONIDA) 20ML,36301.0,5,QUIROFANO(4),7795373011489,0.0,0.0
2000551,RINOCURA GTS X 15 ML,0.0,5,URGENCIAS(2),7840282039014,0.0,0.0
2000551,RINOCURA GTS X 15 ML,0.0,5,INTERNADO(3),7840282039014,0.0,0.0
2000551,RINOCURA GTS X 15 ML,0.0,5,QUIROFANO(4),7840282039014,0.0,0.0
2000552,RINOVAL 50MCG SUSP. NASAL X 120 DOSIS (MOMETASONA),0.0,5,URGENCIAS(2),7800060113985,0.0,0.0
2000552,RINOVAL 50MCG SUSP. NASAL X 120 DOSIS (MOMETASONA),0.0,5,INTERNADO(3),7800060113985,0.0,0.0
2000552,RINOVAL 50MCG SUSP. NASAL X 120 DOSIS (MOMETASONA),0.0,5,QUIROFANO(4),7800060113985,0.0,0.0
2000553,RINOVIR 4010 X 20 COMP (MALNUPIRAVIR),0.0,5,URGENCIAS(2),7840213267080,0.0,0.0
2000553,RINOVIR 4010 X 20 COMP (MALNUPIRAVIR),0.0,5,INTERNADO(3),7840213267080,0.0,0.0
2000553,RINOVIR 4010 X 20 COMP (MALNUPIRAVIR),0.0,5,QUIROFANO(4),7840213267080,0.0,0.0
2000554,RIXATYL 10MG X 15 COMP REC (RIVAROXABAN),0.0,5,URGENCIAS(2),7795338001944,0.0,0.0
2000554,RIXATYL 10MG X 15 COMP REC (RIVAROXABAN),0.0,5,INTERNADO(3),7795338001944,0.0,0.0
2000554,RIXATYL 10MG X 15 COMP REC (RIVAROXABAN),0.0,5,QUIROFANO(4),7795338001944,0.0,0.0
2000555,RIXATYL 15MG X 30 COMP REC (RIVAROXABAN),0.0,5,URGENCIAS(2),7795338001951,0.0,0.0
2000555,RIXATYL 15MG X 30 COMP REC (RIVAROXABAN),0.0,5,INTERNADO(3),7795338001951,0.0,0.0
2000555,RIXATYL 15MG X 30 COMP REC (RIVAROXABAN),0.0,5,QUIROFANO(4),7795338001951,0.0,0.0
2000556,RIXATYL 20MG X 30 COMP REC (RIVAROXABAN),0.0,5,URGENCIAS(2),7795338001968,0.0,0.0
2000556,RIXATYL 20MG X 30 COMP REC (RIVAROXABAN),0.0,5,INTERNADO(3),7795338001968,0.0,0.0
2000556,RIXATYL 20MG X 30 COMP REC (RIVAROXABAN),0.0,5,QUIROFANO(4),7795338001968,0.0,0.0
2000557,ROSVEL 10MG X 30 COMP REC,0.0,5,URGENCIAS(2),7800007711021,0.0,0.0
2000557,ROSVEL 10MG X 30 COMP REC,0.0,5,INTERNADO(3),7800007711021,0.0,0.0
2000557,ROSVEL 10MG X 30 COMP REC,0.0,5,QUIROFANO(4),7800007711021,0.0,0.0
2000558,ROSVEL 20MG X 30 COMP,0.0,5,URGENCIAS(2),7800007711298,0.0,0.0
2000558,ROSVEL 20MG X 30 COMP,0.0,5,INTERNADO(3),7800007711298,0.0,0.0
2000558,ROSVEL 20MG X 30 COMP,0.0,5,QUIROFANO(4),7800007711298,0.0,0.0
2000559,RUTA CK X 20 COMP,0.0,5,URGENCIAS(2),7840199008028,0.0,0.0
2000559,RUTA CK X 20 COMP,0.0,5,INTERNADO(3),7840199008028,0.0,0.0
2000559,RUTA CK X 20 COMP,0.0,5,QUIROFANO(4),7840199008028,0.0,0.0
2000560,SACAPRIM 3000 X 24 CAPS,75000.0,5,URGENCIAS(2),7840653006119,0.0,0.0
2000560,SACAPRIM 3000 X 24 CAPS,75000.0,5,INTERNADO(3),7840653006119,0.0,0.0
2000560,SACAPRIM 3000 X 24 CAPS,75000.0,5,QUIROFANO(4),7840653006119,0.0,0.0
2000561,SALAC CREMA X 20 GR,0.0,5,URGENCIAS(2),7793742003134,0.0,0.0
2000561,SALAC CREMA X 20 GR,0.0,5,INTERNADO(3),7793742003134,0.0,0.0
2000561,SALAC CREMA X 20 GR,0.0,5,QUIROFANO(4),7793742003134,0.0,0.0
2000562,SALBUTRAL A.C. AEROSOL X 250 DOSIS,0.0,5,URGENCIAS(2),7795373015135,0.0,0.0
2000562,SALBUTRAL A.C. AEROSOL X 250 DOSIS,0.0,5,INTERNADO(3),7795373015135,0.0,0.0
2000562,SALBUTRAL A.C. AEROSOL X 250 DOSIS,0.0,5,QUIROFANO(4),7795373015135,0.0,0.0
2000563,SALBUTRAL AEROSOL X 250 DOSIS,0.0,5,URGENCIAS(2),7795373012288,0.0,0.0
2000563,SALBUTRAL AEROSOL X 250 DOSIS,0.0,5,INTERNADO(3),7795373012288,0.0,0.0
2000563,SALBUTRAL AEROSOL X 250 DOSIS,0.0,5,QUIROFANO(4),7795373012288,0.0,0.0
2000564,SECLODIN 100MG X 30 COMP,0.0,5,URGENCIAS(2),7730698007083,0.0,0.0
2000564,SECLODIN 100MG X 30 COMP,0.0,5,INTERNADO(3),7730698007083,0.0,0.0
2000564,SECLODIN 100MG X 30 COMP,0.0,5,QUIROFANO(4),7730698007083,0.0,0.0
2000565,SECOTEX OCAS - COMP X,30.0,0,5 URGENCIAS(2),7795304866928,0.0,0.0
2000565,SECOTEX OCAS - COMP X,30.0,0,5 INTERNADO(3),7795304866928,0.0,0.0
2000565,SECOTEX OCAS - COMP X,30.0,0,5 QUIROFANO(4),7795304866928,0.0,0.0
2000566,"SEDIPRAL 0,5MG X 50 COMP",0.0,5,URGENCIAS(2),7840199100678,0.0,0.0
2000566,"SEDIPRAL 0,5MG X 50 COMP",0.0,5,INTERNADO(3),7840199100678,0.0,0.0
2000566,"SEDIPRAL 0,5MG X 50 COMP",0.0,5,QUIROFANO(4),7840199100678,0.0,0.0
2000567,7840199100678,0.0,5,URGENCIAS(2),7730215000979,0.0,0.0
2000567,7840199100678,0.0,5,INTERNADO(3),7730215000979,0.0,0.0
2000567,7840199100678,0.0,5,QUIROFANO(4),7730215000979,0.0,0.0
2000568,SERTAL COMPUESTO 10MG X 1 AMP 2ML,21000.0,5,URGENCIAS(2),7730698364278,0.0,0.0
2000568,SERTAL COMPUESTO 10MG X 1 AMP 2ML,21000.0,5,INTERNADO(3),7730698364278,0.0,0.0
2000568,SERTAL COMPUESTO 10MG X 1 AMP 2ML,21000.0,5,QUIROFANO(4),7730698364278,0.0,0.0
2000569,SERTAL COMPUESTO X 10 COMP,0.0,5,URGENCIAS(2),7730969303319,0.0,0.0
2000569,SERTAL COMPUESTO X 10 COMP,0.0,5,INTERNADO(3),7730969303319,0.0,0.0
2000569,SERTAL COMPUESTO X 10 COMP,0.0,5,QUIROFANO(4),7730969303319,0.0,0.0
2000570,SERTAL COMPUESTO X 20 COMP,0.0,5,URGENCIAS(2),7730969301575,0.0,0.0
2000570,SERTAL COMPUESTO X 20 COMP,0.0,5,INTERNADO(3),7730969301575,0.0,0.0
2000570,SERTAL COMPUESTO X 20 COMP,0.0,5,QUIROFANO(4),7730969301575,0.0,0.0
2000571,SERTAL GTS X 20 ML,0.0,5,URGENCIAS(2),7730698364148,0.0,0.0
2000571,SERTAL GTS X 20 ML,0.0,5,INTERNADO(3),7730698364148,0.0,0.0
2000571,SERTAL GTS X 20 ML,0.0,5,QUIROFANO(4),7730698364148,0.0,0.0
2000572,SERTAL X 20 COMP,0.0,5,URGENCIAS(2),7730969302015,0.0,0.0
2000572,SERTAL X 20 COMP,0.0,5,INTERNADO(3),7730969302015,0.0,0.0
2000572,SERTAL X 20 COMP,0.0,5,QUIROFANO(4),7730969302015,0.0,0.0
2000573,SIMBIOSISTEM SUSP. GOTAS ORAL X 120ML,0.0,5,URGENCIAS(2),8032749652990,0.0,0.0
2000573,SIMBIOSISTEM SUSP. GOTAS ORAL X 120ML,0.0,5,INTERNADO(3),8032749652990,0.0,0.0
2000573,SIMBIOSISTEM SUSP. GOTAS ORAL X 120ML,0.0,5,QUIROFANO(4),8032749652990,0.0,0.0
2000574,SIMPERTEN 50MG X 30 COMP,0.0,5,URGENCIAS(2),7800007383266,0.0,0.0
2000574,SIMPERTEN 50MG X 30 COMP,0.0,5,INTERNADO(3),7800007383266,0.0,0.0
2000574,SIMPERTEN 50MG X 30 COMP,0.0,5,QUIROFANO(4),7800007383266,0.0,0.0
2000575,"SIMPERTEN D /50/12,5MG X 30 COMP",0.0,5,URGENCIAS(2),7800007494412,0.0,0.0
2000575,"SIMPERTEN D /50/12,5MG X 30 COMP",0.0,5,INTERNADO(3),7800007494412,0.0,0.0
2000575,"SIMPERTEN D /50/12,5MG X 30 COMP",0.0,5,QUIROFANO(4),7800007494412,0.0,0.0
2000576,SIXANOL 200MG/100ML (FLUCONAZOL),180000.0,5,URGENCIAS(2),7841134001371,0.0,0.0
2000576,SIXANOL 200MG/100ML (FLUCONAZOL),180000.0,5,INTERNADO(3),7841134001371,0.0,0.0
2000576,SIXANOL 200MG/100ML (FLUCONAZOL),180000.0,5,QUIROFANO(4),7841134001371,0.0,0.0
2000577,SOL.GLUCOSA 5 % 500 ML B BRAUN,18228.0,5,URGENCIAS(2),7891543000212,0.0,3.0
2000577,SOL.GLUCOSA 5 % 500 ML B BRAUN,18228.0,5,INTERNADO(3),7891543000212,0.0,0.0
2000577,SOL.GLUCOSA 5 % 500 ML B BRAUN,18228.0,5,QUIROFANO(4),7891543000212,0.0,0.0
2000578,SOL.GLUCOSA 10% 500ML B BRAUN,25677.0,5,URGENCIAS(2),4046964052712,0.0,8.0
2000578,SOL.GLUCOSA 10% 500ML B BRAUN,25677.0,5,INTERNADO(3),4046964052712,0.0,0.0
2000578,SOL.GLUCOSA 10% 500ML B BRAUN,25677.0,5,QUIROFANO(4),4046964052712,0.0,0.0
2000579,SOL.GLUCOSA 5% 1000ML B BRAUN,30747.0,5,URGENCIAS(2),7891543000113,0.0,0.0
2000579,SOL.GLUCOSA 5% 1000ML B BRAUN,30747.0,5,INTERNADO(3),7891543000113,0.0,0.0
2000579,SOL.GLUCOSA 5% 1000ML B BRAUN,30747.0,5,QUIROFANO(4),7891543000113,0.0,0.0
2000580,SOL.GLUCOSA 10% 1000ML B BRAUN,30811.0,5,URGENCIAS(2),7896137607730,0.0,1.0
2000580,SOL.GLUCOSA 10% 1000ML B BRAUN,30811.0,5,INTERNADO(3),7896137607730,0.0,0.0
2000580,SOL.GLUCOSA 10% 1000ML B BRAUN,30811.0,5,QUIROFANO(4),7896137607730,0.0,0.0
2000581,SOL.RINGER LACTATO 1000ML B/BRAUN,31280.0,5,URGENCIAS(2),4046964052880,0.0,1.0
2000581,SOL.RINGER LACTATO 1000ML B/BRAUN,31280.0,5,INTERNADO(3),4046964052880,0.0,0.0
2000581,SOL.RINGER LACTATO 1000ML B/BRAUN,31280.0,5,QUIROFANO(4),4046964052880,0.0,0.0
2000582,SOL.RINGER LACTATO 500ML B/BRAUN,22688.0,5,URGENCIAS(2),4046964052866,0.0,2.0
2000582,SOL.RINGER LACTATO 500ML B/BRAUN,22688.0,5,INTERNADO(3),4046964052866,0.0,0.0
2000582,SOL.RINGER LACTATO 500ML B/BRAUN,22688.0,5,QUIROFANO(4),4046964052866,0.0,0.0
2000583,SOL.FISIOLOGICO 9% 100 ML B/BRAUN,13962.0,5,URGENCIAS(2),4030539206723,0.0,0.0
2000583,SOL.FISIOLOGICO 9% 100 ML B/BRAUN,13962.0,5,INTERNADO(3),4030539206723,0.0,0.0
2000583,SOL.FISIOLOGICO 9% 100 ML B/BRAUN,13962.0,5,QUIROFANO(4),4030539206723,0.0,0.0
2000584,SOL.FISIOLOGICO 9% 1000 ML B/BRAUN,38000.0,5,URGENCIAS(2),7891543000083,0.0,0.0
2000584,SOL.FISIOLOGICO 9% 1000 ML B/BRAUN,38000.0,5,INTERNADO(3),7891543000083,0.0,0.0
2000584,SOL.FISIOLOGICO 9% 1000 ML B/BRAUN,38000.0,5,QUIROFANO(4),7891543000083,0.0,0.0
2000585,SOL.FISIOLOGICO 9% 250ML B/BRAUN,20966.0,5,URGENCIAS(2),4046964048920,0.0,1.0
2000585,SOL.FISIOLOGICO 9% 250ML B/BRAUN,20966.0,5,INTERNADO(3),4046964048920,0.0,0.0
2000585,SOL.FISIOLOGICO 9% 250ML B/BRAUN,20966.0,5,QUIROFANO(4),4046964048920,0.0,0.0
2000586,SOL.FISIOLOGICO 9% 500ML B/BRAUN,17000.0,5,FARMACIA INTERNA(1),2000586,0.0,0.0
2000586,SOL.FISIOLOGICO 9% 500ML B/BRAUN,17000.0,5,URGENCIAS(2),2000586,0.0,4.0
2000586,SOL.FISIOLOGICO 9% 500ML B/BRAUN,17000.0,5,INTERNADO(3),2000586,0.0,0.0
2000586,SOL.FISIOLOGICO 9% 500ML B/BRAUN,17000.0,5,QUIROFANO(4),2000586,0.0,0.0
2000586,SOL.FISIOLOGICO 9% 500ML B/BRAUN,17000.0,5,ADMINISTRACION,2000586,0.0,0.0
2000586,SOL.FISIOLOGICO 9% 500ML B/BRAUN,17000.0,5,CARRO DE PARO,2000586,0.0,3.0
2000588,SOLAX X 12 COMP (FUROSMIDA),5500.0,5,URGENCIAS(2),7840199030043,0.0,0.0
2000588,SOLAX X 12 COMP (FUROSMIDA),5500.0,5,INTERNADO(3),7840199030043,0.0,0.0
2000588,SOLAX X 12 COMP (FUROSMIDA),5500.0,5,QUIROFANO(4),7840199030043,0.0,0.0
2000589,SOL.FISIOLOGICO 9% 1000ML (BAXTER),30511.0,5,URGENCIAS(2),7800062001983,0.0,0.0
2000589,SOL.FISIOLOGICO 9% 1000ML (BAXTER),30511.0,5,INTERNADO(3),7800062001983,0.0,0.0
2000589,SOL.FISIOLOGICO 9% 1000ML (BAXTER),30511.0,5,QUIROFANO(4),7800062001983,0.0,0.0
2000590,SOMIT 10MG X 30 COMP,0.0,5,URGENCIAS(2),7792183186376,0.0,0.0
2000590,SOMIT 10MG X 30 COMP,0.0,5,INTERNADO(3),7792183186376,0.0,0.0
2000590,SOMIT 10MG X 30 COMP,0.0,5,QUIROFANO(4),7792183186376,0.0,0.0
2000591,STAFEN 135/10 X 30 CAPS,0.0,5,URGENCIAS(2),7702207700105,0.0,0.0
2000591,STAFEN 135/10 X 30 CAPS,0.0,5,INTERNADO(3),7702207700105,0.0,0.0
2000591,STAFEN 135/10 X 30 CAPS,0.0,5,QUIROFANO(4),7702207700105,0.0,0.0
2000592,STAFEN 135/20 MG X 30 CAPS,0.0,5,URGENCIAS(2),7702207752685,0.0,0.0
2000592,STAFEN 135/20 MG X 30 CAPS,0.0,5,INTERNADO(3),7702207752685,0.0,0.0
2000592,STAFEN 135/20 MG X 30 CAPS,0.0,5,QUIROFANO(4),7702207752685,0.0,0.0
2000593,STAZOL X 20 COMP,0.0,5,URGENCIAS(2),7840199073774,0.0,0.0
2000593,STAZOL X 20 COMP,0.0,5,INTERNADO(3),7840199073774,0.0,0.0
2000593,STAZOL X 20 COMP,0.0,5,QUIROFANO(4),7840199073774,0.0,0.0
2000594,STIMOL X 18 AMP.BEBIB,0.0,5,URGENCIAS(2),7842228000133,0.0,0.0
2000594,STIMOL X 18 AMP.BEBIB,0.0,5,INTERNADO(3),7842228000133,0.0,0.0
2000594,STIMOL X 18 AMP.BEBIB,0.0,5,QUIROFANO(4),7842228000133,0.0,0.0
2000595,SUCRAL SUSP. FRAMBUESA 200 ML,0.0,5,URGENCIAS(2),7840085001164,0.0,0.0
2000595,SUCRAL SUSP. FRAMBUESA 200 ML,0.0,5,INTERNADO(3),7840085001164,0.0,0.0
2000595,SUCRAL SUSP. FRAMBUESA 200 ML,0.0,5,QUIROFANO(4),7840085001164,0.0,0.0
2000596,SUCRAL SUSPENSION FCO. 200 ML,0.0,5,URGENCIAS(2),7840085001157,0.0,0.0
2000596,SUCRAL SUSPENSION FCO. 200 ML,0.0,5,INTERNADO(3),7840085001157,0.0,0.0
2000596,SUCRAL SUSPENSION FCO. 200 ML,0.0,5,QUIROFANO(4),7840085001157,0.0,0.0
2000597,SULFODOM X 2 FCOS X 17 ML,0.0,5,URGENCIAS(2),7795327065292,0.0,0.0
2000597,SULFODOM X 2 FCOS X 17 ML,0.0,5,INTERNADO(3),7795327065292,0.0,0.0
2000597,SULFODOM X 2 FCOS X 17 ML,0.0,5,QUIROFANO(4),7795327065292,0.0,0.0
2000598,SULPIRAN T X 50 COMP,0.0,5,URGENCIAS(2),7840775402196,0.0,0.0
2000598,SULPIRAN T X 50 COMP,0.0,5,INTERNADO(3),7840775402196,0.0,0.0
2000598,SULPIRAN T X 50 COMP,0.0,5,QUIROFANO(4),7840775402196,0.0,0.0
2000599,7840775402196,0.0,5,URGENCIAS(2),7841617000761,0.0,0.0
2000599,7840775402196,0.0,5,INTERNADO(3),7841617000761,0.0,0.0
2000599,7840775402196,0.0,5,QUIROFANO(4),7841617000761,0.0,0.0
2000600,SUPRALER 5MG X 10 COMP,0.0,5,URGENCIAS(2),7841134001388,0.0,0.0
2000600,SUPRALER 5MG X 10 COMP,0.0,5,INTERNADO(3),7841134001388,0.0,0.0
2000600,SUPRALER 5MG X 10 COMP,0.0,5,QUIROFANO(4),7841134001388,0.0,0.0
2000601,SUPRALER D SUSP X 50ML,0.0,5,URGENCIAS(2),7841134001395,0.0,0.0
2000601,SUPRALER D SUSP X 50ML,0.0,5,INTERNADO(3),7841134001395,0.0,0.0
2000601,SUPRALER D SUSP X 50ML,0.0,5,QUIROFANO(4),7841134001395,0.0,0.0
2000602,SUPRALER D X 10 COMP BICAPA,0.0,5,URGENCIAS(2),7841134005508,0.0,0.0
2000602,SUPRALER D X 10 COMP BICAPA,0.0,5,INTERNADO(3),7841134005508,0.0,0.0
2000602,SUPRALER D X 10 COMP BICAPA,0.0,5,QUIROFANO(4),7841134005508,0.0,0.0
2000603,SUPRAMYCINA 100MG X 10 COMP,0.0,5,URGENCIAS(2),7861073904175,0.0,0.0
2000603,SUPRAMYCINA 100MG X 10 COMP,0.0,5,INTERNADO(3),7861073904175,0.0,0.0
2000603,SUPRAMYCINA 100MG X 10 COMP,0.0,5,QUIROFANO(4),7861073904175,0.0,0.0
2000604,SUPRAMYCINA FORTE X 10 COMP,0.0,5,URGENCIAS(2),7861073904182,0.0,0.0
2000604,SUPRAMYCINA FORTE X 10 COMP,0.0,5,INTERNADO(3),7861073904182,0.0,0.0
2000604,SUPRAMYCINA FORTE X 10 COMP,0.0,5,QUIROFANO(4),7861073904182,0.0,0.0
2000605,SUPSIDINE 500 MG X 60 COMP. (MESALAZINA),0.0,5,URGENCIAS(2),7840213030370,0.0,0.0
2000605,SUPSIDINE 500 MG X 60 COMP. (MESALAZINA),0.0,5,INTERNADO(3),7840213030370,0.0,0.0
2000605,SUPSIDINE 500 MG X 60 COMP. (MESALAZINA),0.0,5,QUIROFANO(4),7840213030370,0.0,0.0
2000606,SYNTHROID 112 MCG X 30 TAB ((LEVOTIROXINA),0.0,5,URGENCIAS(2),7841737000825,0.0,0.0
2000606,SYNTHROID 112 MCG X 30 TAB ((LEVOTIROXINA),0.0,5,INTERNADO(3),7841737000825,0.0,0.0
2000606,SYNTHROID 112 MCG X 30 TAB ((LEVOTIROXINA),0.0,5,QUIROFANO(4),7841737000825,0.0,0.0
2000607,SYNTHROID 50 MG X 30 TAB (LEVOTIROXINA),0.0,5,URGENCIAS(2),7841737000788,0.0,0.0
2000607,SYNTHROID 50 MG X 30 TAB (LEVOTIROXINA),0.0,5,INTERNADO(3),7841737000788,0.0,0.0
2000607,SYNTHROID 50 MG X 30 TAB (LEVOTIROXINA),0.0,5,QUIROFANO(4),7841737000788,0.0,0.0
2000608,T4 50MG (PHARMETICA) X 50 COMP,0.0,5,URGENCIAS(2),7840036000307,0.0,0.0
2000608,T4 50MG (PHARMETICA) X 50 COMP,0.0,5,INTERNADO(3),7840036000307,0.0,0.0
2000608,T4 50MG (PHARMETICA) X 50 COMP,0.0,5,QUIROFANO(4),7840036000307,0.0,0.0
2000609,TALKID CREMA X 40 G,0.0,5,URGENCIAS(2),7842228000775,0.0,0.0
2000609,TALKID CREMA X 40 G,0.0,5,INTERNADO(3),7842228000775,0.0,0.0
2000609,TALKID CREMA X 40 G,0.0,5,QUIROFANO(4),7842228000775,0.0,0.0
2000610,TALKID POLVO TUBO X 50GR,0.0,5,URGENCIAS(2),7842228000409,0.0,0.0
2000610,TALKID POLVO TUBO X 50GR,0.0,5,INTERNADO(3),7842228000409,0.0,0.0
2000610,TALKID POLVO TUBO X 50GR,0.0,5,QUIROFANO(4),7842228000409,0.0,0.0
2000611,TAMSULON X 30 CAPS.,0.0,5,URGENCIAS(2),7730979095808,0.0,0.0
2000611,TAMSULON X 30 CAPS.,0.0,5,INTERNADO(3),7730979095808,0.0,0.0
2000611,TAMSULON X 30 CAPS.,0.0,5,QUIROFANO(4),7730979095808,0.0,0.0
2000612,TARDAMIL 30MG X 6 COMP (DAPOXETINA),0.0,5,URGENCIAS(2),7840213252741,0.0,0.0
2000612,TARDAMIL 30MG X 6 COMP (DAPOXETINA),0.0,5,INTERNADO(3),7840213252741,0.0,0.0
2000612,TARDAMIL 30MG X 6 COMP (DAPOXETINA),0.0,5,QUIROFANO(4),7840213252741,0.0,0.0
2000613,TENSIOCOM 10 X 30 COMP,0.0,5,URGENCIAS(2),7840199088020,0.0,0.0
2000613,TENSIOCOM 10 X 30 COMP,0.0,5,INTERNADO(3),7840199088020,0.0,0.0
2000613,TENSIOCOM 10 X 30 COMP,0.0,5,QUIROFANO(4),7840199088020,0.0,0.0
2000614,TENSIONAL 3D X 28 COMP REC,0.0,5,URGENCIAS(2),7798129414374,0.0,0.0
2000614,TENSIONAL 3D X 28 COMP REC,0.0,5,INTERNADO(3),7798129414374,0.0,0.0
2000614,TENSIONAL 3D X 28 COMP REC,0.0,5,QUIROFANO(4),7798129414374,0.0,0.0
2000615,TENSODOX 10 MG X 20 COMP,0.0,5,URGENCIAS(2),7800026010006,0.0,0.0
2000615,TENSODOX 10 MG X 20 COMP,0.0,5,INTERNADO(3),7800026010006,0.0,0.0
2000615,TENSODOX 10 MG X 20 COMP,0.0,5,QUIROFANO(4),7800026010006,0.0,0.0
2000616,TENSOPREL RETARD X 24 CAPS (NIDEDIPINA),0.0,5,URGENCIAS(2),7840199075754,0.0,0.0
2000616,TENSOPREL RETARD X 24 CAPS (NIDEDIPINA),0.0,5,INTERNADO(3),7840199075754,0.0,0.0
2000616,TENSOPREL RETARD X 24 CAPS (NIDEDIPINA),0.0,5,QUIROFANO(4),7840199075754,0.0,0.0
2000617,TERADOL (KETOPROFEN) 100MG FCO AMP,34791.0,5,URGENCIAS(2),7840199100449,0.0,0.0
2000617,TERADOL (KETOPROFEN) 100MG FCO AMP,34791.0,5,INTERNADO(3),7840199100449,0.0,0.0
2000617,TERADOL (KETOPROFEN) 100MG FCO AMP,34791.0,5,QUIROFANO(4),7840199100449,0.0,0.0
2000618,TESALAR PDA OFTALMICA X 5 GR,0.0,5,URGENCIAS(2),7840199004068,0.0,0.0
2000618,TESALAR PDA OFTALMICA X 5 GR,0.0,5,INTERNADO(3),7840199004068,0.0,0.0
2000618,TESALAR PDA OFTALMICA X 5 GR,0.0,5,QUIROFANO(4),7840199004068,0.0,0.0
2000619,TIALGIN TRAM X 30 COMP.,0.0,10,URGENCIAS(2),7841141003221,0.0,0.0
2000619,TIALGIN TRAM X 30 COMP.,0.0,10,INTERNADO(3),7841141003221,0.0,0.0
2000619,TIALGIN TRAM X 30 COMP.,0.0,10,QUIROFANO(4),7841141003221,0.0,0.0
2000620,TICAGLIX 90MG X 60 COMP,0.0,5,URGENCIAS(2),7840213264294,0.0,0.0
2000620,TICAGLIX 90MG X 60 COMP,0.0,5,INTERNADO(3),7840213264294,0.0,0.0
2000620,TICAGLIX 90MG X 60 COMP,0.0,5,QUIROFANO(4),7840213264294,0.0,0.0
2000621,TIOTAL 200MG X 20 COMP,0.0,5,URGENCIAS(2),7840653001978,0.0,0.0
2000621,TIOTAL 200MG X 20 COMP,0.0,5,INTERNADO(3),7840653001978,0.0,0.0
2000621,TIOTAL 200MG X 20 COMP,0.0,5,QUIROFANO(4),7840653001978,0.0,0.0
2000622,TIZAFLEX 4 MG X 30 COMP,0.0,5,URGENCIAS(2),7840213258125,0.0,0.0
2000622,TIZAFLEX 4 MG X 30 COMP,0.0,5,INTERNADO(3),7840213258125,0.0,0.0
2000622,TIZAFLEX 4 MG X 30 COMP,0.0,5,QUIROFANO(4),7840213258125,0.0,0.0
2000623,TOLBET SOL OFT 3MG/ML X 10 ML (TOBRAMICINA),0.0,5,URGENCIAS(2),7840199087634,0.0,0.0
2000623,TOLBET SOL OFT 3MG/ML X 10 ML (TOBRAMICINA),0.0,5,INTERNADO(3),7840199087634,0.0,0.0
2000623,TOLBET SOL OFT 3MG/ML X 10 ML (TOBRAMICINA),0.0,5,QUIROFANO(4),7840199087634,0.0,0.0
2000624,TOLESTAN X 2 COMP REC.,0.0,5,URGENCIAS(2),7730698011455,0.0,0.0
2000624,TOLESTAN X 2 COMP REC.,0.0,5,INTERNADO(3),7730698011455,0.0,0.0
2000624,TOLESTAN X 2 COMP REC.,0.0,5,QUIROFANO(4),7730698011455,0.0,0.0
2000625,TOPLEXIL SUSP. X 100ML,0.0,5,URGENCIAS(2),7841134010694,0.0,0.0
2000625,TOPLEXIL SUSP. X 100ML,0.0,5,INTERNADO(3),7841134010694,0.0,0.0
2000625,TOPLEXIL SUSP. X 100ML,0.0,5,QUIROFANO(4),7841134010694,0.0,0.0
2000626,TORNADE 2 X 30 COMP,0.0,5,URGENCIAS(2),7840213259689,0.0,0.0
2000626,TORNADE 2 X 30 COMP,0.0,5,INTERNADO(3),7840213259689,0.0,0.0
2000626,TORNADE 2 X 30 COMP,0.0,5,QUIROFANO(4),7840213259689,0.0,0.0
2000627,TORVA 40MG X 30COMP,0.0,5,URGENCIAS(2),7840199110356,0.0,0.0
2000627,TORVA 40MG X 30COMP,0.0,5,INTERNADO(3),7840199110356,0.0,0.0
2000627,TORVA 40MG X 30COMP,0.0,5,QUIROFANO(4),7840199110356,0.0,0.0
2000628,TORVA 80MG X 30 COMP,0.0,5,URGENCIAS(2),7840199110363,0.0,0.0
2000628,TORVA 80MG X 30 COMP,0.0,5,INTERNADO(3),7840199110363,0.0,0.0
2000628,TORVA 80MG X 30 COMP,0.0,5,QUIROFANO(4),7840199110363,0.0,0.0
2000629,TOTAL MAGNESIANO STRESS POLVO X 30 SOBRES,0.0,5,URGENCIAS(2),7795337869774,0.0,0.0
2000629,TOTAL MAGNESIANO STRESS POLVO X 30 SOBRES,0.0,5,INTERNADO(3),7795337869774,0.0,0.0
2000629,TOTAL MAGNESIANO STRESS POLVO X 30 SOBRES,0.0,5,QUIROFANO(4),7795337869774,0.0,0.0
2000630,TOT'HEMA X 10 AMP.BEBIBLE,0.0,5,URGENCIAS(2),7842228000065,0.0,0.0
2000630,TOT'HEMA X 10 AMP.BEBIBLE,0.0,5,INTERNADO(3),7842228000065,0.0,0.0
2000630,TOT'HEMA X 10 AMP.BEBIBLE,0.0,5,QUIROFANO(4),7842228000065,0.0,0.0
2000631,7842228000065,0.0,5,URGENCIAS(2),3400970000999,0.0,0.0
2000631,7842228000065,0.0,5,INTERNADO(3),3400970000999,0.0,0.0
2000631,7842228000065,0.0,5,QUIROFANO(4),3400970000999,0.0,0.0
2000632,TOXORAL SUSP X 100ML,0.0,5,URGENCIAS(2),7840199069654,0.0,0.0
2000632,TOXORAL SUSP X 100ML,0.0,5,INTERNADO(3),7840199069654,0.0,0.0
2000632,TOXORAL SUSP X 100ML,0.0,5,QUIROFANO(4),7840199069654,0.0,0.0
2000633,TRAMA KLOSIDOL 100 MG GOTAS X 10 ML,0.0,5,URGENCIAS(2),7790375251468,0.0,0.0
2000633,TRAMA KLOSIDOL 100 MG GOTAS X 10 ML,0.0,5,INTERNADO(3),7790375251468,0.0,0.0
2000633,TRAMA KLOSIDOL 100 MG GOTAS X 10 ML,0.0,5,QUIROFANO(4),7790375251468,0.0,0.0
2000634,"TRANQUINAL 0,50MG X 50 COMP",0.0,5,URGENCIAS(2),7790375001513,0.0,0.0
2000634,"TRANQUINAL 0,50MG X 50 COMP",0.0,5,INTERNADO(3),7790375001513,0.0,0.0
2000634,"TRANQUINAL 0,50MG X 50 COMP",0.0,5,QUIROFANO(4),7790375001513,0.0,0.0
2000635,TRANQUINAL SUBL. 0.50 MG X 30 COMP.,0.0,5,URGENCIAS(2),7790375251673,0.0,0.0
2000635,TRANQUINAL SUBL. 0.50 MG X 30 COMP.,0.0,5,INTERNADO(3),7790375251673,0.0,0.0
2000635,TRANQUINAL SUBL. 0.50 MG X 30 COMP.,0.0,5,QUIROFANO(4),7790375251673,0.0,0.0
2000636,TRIFAMOX IBL DUO X 14 COMP,0.0,5,URGENCIAS(2),7790375251376,0.0,0.0
2000636,TRIFAMOX IBL DUO X 14 COMP,0.0,5,INTERNADO(3),7790375251376,0.0,0.0
2000636,TRIFAMOX IBL DUO X 14 COMP,0.0,5,QUIROFANO(4),7790375251376,0.0,0.0
2000637,TRIMSUL BALSAMICO X 100 ML,0.0,5,URGENCIAS(2),7840036005876,0.0,0.0
2000637,TRIMSUL BALSAMICO X 100 ML,0.0,5,INTERNADO(3),7840036005876,0.0,0.0
2000637,TRIMSUL BALSAMICO X 100 ML,0.0,5,QUIROFANO(4),7840036005876,0.0,0.0
2000638,TRINALER 400MG X 15 COMP,0.0,5,URGENCIAS(2),7840653005648,0.0,0.0
2000638,TRINALER 400MG X 15 COMP,0.0,5,INTERNADO(3),7840653005648,0.0,0.0
2000638,TRINALER 400MG X 15 COMP,0.0,5,QUIROFANO(4),7840653005648,0.0,0.0
2000639,TRIO VAL GOTAS 15 ML,0.0,5,URGENCIAS(2),7800060015678,0.0,0.0
2000639,TRIO VAL GOTAS 15 ML,0.0,5,INTERNADO(3),7800060015678,0.0,0.0
2000639,TRIO VAL GOTAS 15 ML,0.0,5,QUIROFANO(4),7800060015678,0.0,0.0
2000640,TRITAB 500MG X 6 COMP,0.0,5,URGENCIAS(2),7795380043695,0.0,0.0
2000640,TRITAB 500MG X 6 COMP,0.0,5,INTERNADO(3),7795380043695,0.0,0.0
2000640,TRITAB 500MG X 6 COMP,0.0,5,QUIROFANO(4),7795380043695,0.0,0.0
2000641,TRITAB SUSP. ORAL X 30ML,0.0,5,URGENCIAS(2),7795380043701,0.0,0.0
2000641,TRITAB SUSP. ORAL X 30ML,0.0,5,INTERNADO(3),7795380043701,0.0,0.0
2000641,TRITAB SUSP. ORAL X 30ML,0.0,5,QUIROFANO(4),7795380043701,0.0,0.0
2000642,TUSIGEN INFANTIL JARABE X 100ML,0.0,5,URGENCIAS(2),7770102001825,0.0,0.0
2000642,TUSIGEN INFANTIL JARABE X 100ML,0.0,5,INTERNADO(3),7770102001825,0.0,0.0
2000642,TUSIGEN INFANTIL JARABE X 100ML,0.0,5,QUIROFANO(4),7770102001825,0.0,0.0
2000643,TUSIGEN JBE X 100ML,0.0,5,URGENCIAS(2),7770102001818,0.0,0.0
2000643,TUSIGEN JBE X 100ML,0.0,5,INTERNADO(3),7770102001818,0.0,0.0
2000643,TUSIGEN JBE X 100ML,0.0,5,QUIROFANO(4),7770102001818,0.0,0.0
2000644,ULPEP 30 MG X 30 CAPS,0.0,5,URGENCIAS(2),7795345122175,0.0,0.0
2000644,ULPEP 30 MG X 30 CAPS,0.0,5,INTERNADO(3),7795345122175,0.0,0.0
2000644,ULPEP 30 MG X 30 CAPS,0.0,5,QUIROFANO(4),7795345122175,0.0,0.0
2000645,ULPEP 60 MG X 30 CAPS,0.0,5,URGENCIAS(2),7795345122182,0.0,0.0
2000645,ULPEP 60 MG X 30 CAPS,0.0,5,INTERNADO(3),7795345122182,0.0,0.0
2000645,ULPEP 60 MG X 30 CAPS,0.0,5,QUIROFANO(4),7795345122182,0.0,0.0
2000646,CLINFOL 600 (CLINDAMICINA 600MG) X 1 AMP 4ML,69825.0,5,URGENCIAS(2),7840213268025,0.0,3.0
2000646,CLINFOL 600 (CLINDAMICINA 600MG) X 1 AMP 4ML,69825.0,5,INTERNADO(3),7840213268025,0.0,0.0
2000646,CLINFOL 600 (CLINDAMICINA 600MG) X 1 AMP 4ML,69825.0,5,QUIROFANO(4),7840213268025,0.0,0.0
2000647,ULTRABIOTIC 600MG X 1 AMP 4ML (CLINDAMICINA),73500.0,5,URGENCIAS(2),7840213258699,0.0,11.0
2000647,ULTRABIOTIC 600MG X 1 AMP 4ML (CLINDAMICINA),73500.0,5,INTERNADO(3),7840213258699,0.0,0.0
2000647,ULTRABIOTIC 600MG X 1 AMP 4ML (CLINDAMICINA),73500.0,5,QUIROFANO(4),7840213258699,0.0,0.0
2000648,ULTRASON CREMA X 20GR,0.0,5,URGENCIAS(2),7840653001145,0.0,0.0
2000648,ULTRASON CREMA X 20GR,0.0,5,INTERNADO(3),7840653001145,0.0,0.0
2000648,ULTRASON CREMA X 20GR,0.0,5,QUIROFANO(4),7840653001145,0.0,0.0
2000649,ULTRASON GTS X 10ML,0.0,5,URGENCIAS(2),7840653001138,0.0,0.0
2000649,ULTRASON GTS X 10ML,0.0,5,INTERNADO(3),7840653001138,0.0,0.0
2000649,ULTRASON GTS X 10ML,0.0,5,QUIROFANO(4),7840653001138,0.0,0.0
2000650,UNDERAN UNGUENTO POMO 15 GR,94000.0,5,URGENCIAS(2),7800060409408,0.0,0.0
2000650,UNDERAN UNGUENTO POMO 15 GR,94000.0,5,INTERNADO(3),7800060409408,0.0,0.0
2000650,UNDERAN UNGUENTO POMO 15 GR,94000.0,5,QUIROFANO(4),7800060409408,0.0,0.0
2000651,URIDON F X 16 COMP,0.0,5,URGENCIAS(2),7841141002200,0.0,0.0
2000651,URIDON F X 16 COMP,0.0,5,INTERNADO(3),7841141002200,0.0,0.0
2000651,URIDON F X 16 COMP,0.0,5,QUIROFANO(4),7841141002200,0.0,0.0
2000652,UROTOINA X 30 COMP,0.0,5,URGENCIAS(2),7840085001201,0.0,0.0
2000652,UROTOINA X 30 COMP,0.0,5,INTERNADO(3),7840085001201,0.0,0.0
2000652,UROTOINA X 30 COMP,0.0,5,QUIROFANO(4),7840085001201,0.0,0.0
2000653,UTERINE X 20 COMP,0.0,5,URGENCIAS(2),7841106000784,0.0,0.0
2000653,UTERINE X 20 COMP,0.0,5,INTERNADO(3),7841106000784,0.0,0.0
2000653,UTERINE X 20 COMP,0.0,5,QUIROFANO(4),7841106000784,0.0,0.0
2000654,"VALAPLEX D 160/12,5MG X 30 COMP",0.0,5,URGENCIAS(2),7800007667618,0.0,0.0
2000654,"VALAPLEX D 160/12,5MG X 30 COMP",0.0,5,INTERNADO(3),7800007667618,0.0,0.0
2000654,"VALAPLEX D 160/12,5MG X 30 COMP",0.0,5,QUIROFANO(4),7800007667618,0.0,0.0
2000655,VANCOMICINA 1G (INTERLABO),182000.0,5,URGENCIAS(2),7841134006345,0.0,0.0
2000655,VANCOMICINA 1G (INTERLABO),182000.0,5,INTERNADO(3),7841134006345,0.0,0.0
2000655,VANCOMICINA 1G (INTERLABO),182000.0,5,QUIROFANO(4),7841134006345,0.0,0.0
2000656,VERTIUM 25MG X 40COMP,0.0,5,URGENCIAS(2),7800060128156,0.0,0.0
2000656,VERTIUM 25MG X 40COMP,0.0,5,INTERNADO(3),7800060128156,0.0,0.0
2000656,VERTIUM 25MG X 40COMP,0.0,5,QUIROFANO(4),7800060128156,0.0,0.0
2000657,VIDACIL 1MG GOTAS X 20ML,0.0,5,URGENCIAS(2),7841134005393,0.0,0.0
2000657,VIDACIL 1MG GOTAS X 20ML,0.0,5,INTERNADO(3),7841134005393,0.0,0.0
2000657,VIDACIL 1MG GOTAS X 20ML,0.0,5,QUIROFANO(4),7841134005393,0.0,0.0
2000658,VIDACIL 1MG X 30 COMP,0.0,5,URGENCIAS(2),7841134001548,0.0,0.0
2000658,VIDACIL 1MG X 30 COMP,0.0,5,INTERNADO(3),7841134001548,0.0,0.0
2000658,VIDACIL 1MG X 30 COMP,0.0,5,QUIROFANO(4),7841134001548,0.0,0.0
2000659,VIDACIL 3MG X 50 COMP,0.0,5,URGENCIAS(2),7841134001555,0.0,0.0
2000659,VIDACIL 3MG X 50 COMP,0.0,5,INTERNADO(3),7841134001555,0.0,0.0
2000659,VIDACIL 3MG X 50 COMP,0.0,5,QUIROFANO(4),7841134001555,0.0,0.0
2000660,7841134001555,0.0,5,URGENCIAS(2),7840282034163,0.0,0.0
2000660,7841134001555,0.0,5,INTERNADO(3),7840282034163,0.0,0.0
2000660,7841134001555,0.0,5,QUIROFANO(4),7840282034163,0.0,0.0
2000661,VINIL 50 MG X 20 COMP.,0.0,5,URGENCIAS(2),7840653002050,0.0,0.0
2000661,VINIL 50 MG X 20 COMP.,0.0,5,INTERNADO(3),7840653002050,0.0,0.0
2000661,VINIL 50 MG X 20 COMP.,0.0,5,QUIROFANO(4),7840653002050,0.0,0.0
2000662,VINIL GESIC X 20 COMP,0.0,5,URGENCIAS(2),7840653002111,0.0,0.0
2000662,VINIL GESIC X 20 COMP,0.0,5,INTERNADO(3),7840653002111,0.0,0.0
2000662,VINIL GESIC X 20 COMP,0.0,5,QUIROFANO(4),7840653002111,0.0,0.0
2000663,VIRONIDA 200MG/5ML SUSP 100ML,0.0,5,URGENCIAS(2),7800007650641,0.0,0.0
2000663,VIRONIDA 200MG/5ML SUSP 100ML,0.0,5,INTERNADO(3),7800007650641,0.0,0.0
2000663,VIRONIDA 200MG/5ML SUSP 100ML,0.0,5,QUIROFANO(4),7800007650641,0.0,0.0
2000664,VIRONIDA FORTE 400MG SUSP. 100ML,0.0,5,URGENCIAS(2),7800007681287,0.0,0.0
2000664,VIRONIDA FORTE 400MG SUSP. 100ML,0.0,5,INTERNADO(3),7800007681287,0.0,0.0
2000664,VIRONIDA FORTE 400MG SUSP. 100ML,0.0,5,QUIROFANO(4),7800007681287,0.0,0.0
2000665,VITASAN A 50000UI X 20 CAPS,0.0,5,URGENCIAS(2),7840036005975,0.0,0.0
2000665,VITASAN A 50000UI X 20 CAPS,0.0,5,INTERNADO(3),7840036005975,0.0,0.0
2000665,VITASAN A 50000UI X 20 CAPS,0.0,5,QUIROFANO(4),7840036005975,0.0,0.0
2000666,XANTOMICIN FORTE 50MG X 16 CAPS (INDOMETACINA),0.0,5,URGENCIAS(2),7840199071534,0.0,0.0
2000666,XANTOMICIN FORTE 50MG X 16 CAPS (INDOMETACINA),0.0,5,INTERNADO(3),7840199071534,0.0,0.0
2000666,XANTOMICIN FORTE 50MG X 16 CAPS (INDOMETACINA),0.0,5,QUIROFANO(4),7840199071534,0.0,0.0
2000667,XENETIX 300 MG X 100 ML (CONTRASTE -IOBITRIDOL),0.0,5,URGENCIAS(2),7897854900777,0.0,0.0
2000667,XENETIX 300 MG X 100 ML (CONTRASTE -IOBITRIDOL),0.0,5,INTERNADO(3),7897854900777,0.0,0.0
2000667,XENETIX 300 MG X 100 ML (CONTRASTE -IOBITRIDOL),0.0,5,QUIROFANO(4),7897854900777,0.0,0.0
2000668,XUMER 90MG X 14 COMP,0.0,5,URGENCIAS(2),7730979097079,0.0,0.0
2000668,XUMER 90MG X 14 COMP,0.0,5,INTERNADO(3),7730979097079,0.0,0.0
2000668,XUMER 90MG X 14 COMP,0.0,5,QUIROFANO(4),7730979097079,0.0,0.0
2000669,LIDOCAINA EN GEL (XYLESTESIN 2% 30GR),29411.0,5,FARMACIA INTERNA(1),2000669,0.0,7.0
2000669,LIDOCAINA EN GEL (XYLESTESIN 2% 30GR),29411.0,5,URGENCIAS(2),2000669,0.0,0.0
2000669,LIDOCAINA EN GEL (XYLESTESIN 2% 30GR),29411.0,5,INTERNADO(3),2000669,0.0,0.0
2000669,LIDOCAINA EN GEL (XYLESTESIN 2% 30GR),29411.0,5,QUIROFANO(4),2000669,0.0,0.0
2000669,LIDOCAINA EN GEL (XYLESTESIN 2% 30GR),29411.0,5,ADMINISTRACION,2000669,0.0,0.0
2000669,LIDOCAINA EN GEL (XYLESTESIN 2% 30GR),29411.0,5,CARRO DE PARO,2000669,0.0,1.0
2000671,Z LIM JBE X 120ML,0.0,5,URGENCIAS(2),7840653001190,0.0,0.0
2000671,Z LIM JBE X 120ML,0.0,5,INTERNADO(3),7840653001190,0.0,0.0
2000671,Z LIM JBE X 120ML,0.0,5,QUIROFANO(4),7840653001190,0.0,0.0
2000672,Z LIM PLUS JBE. X 120 ML,0.0,5,URGENCIAS(2),7840653006942,0.0,0.0
2000672,Z LIM PLUS JBE. X 120 ML,0.0,5,INTERNADO(3),7840653006942,0.0,0.0
2000672,Z LIM PLUS JBE. X 120 ML,0.0,5,QUIROFANO(4),7840653006942,0.0,0.0
2000673,7840653006942,0.0,5,URGENCIAS(2),7840653004467,0.0,0.0
2000673,7840653006942,0.0,5,INTERNADO(3),7840653004467,0.0,0.0
2000673,7840653006942,0.0,5,QUIROFANO(4),7840653004467,0.0,0.0
2000674,Z MOL 200MG GTS 15ML (PEDIATRICO),15000.0,5,URGENCIAS(2),7840653000575,0.0,1.0
2000674,Z MOL 200MG GTS 15ML (PEDIATRICO),15000.0,5,INTERNADO(3),7840653000575,0.0,0.0
2000674,Z MOL 200MG GTS 15ML (PEDIATRICO),15000.0,5,QUIROFANO(4),7840653000575,0.0,0.0
2000675,Z MOL 750MG X 20 COMP,0.0,5,URGENCIAS(2),7840653001251,0.0,0.0
2000675,Z MOL 750MG X 20 COMP,0.0,5,INTERNADO(3),7840653001251,0.0,0.0
2000675,Z MOL 750MG X 20 COMP,0.0,5,QUIROFANO(4),7840653001251,0.0,0.0
2000676,Z MOL PLUS X 10COMPR,0.0,5,URGENCIAS(2),7840653005976,0.0,0.0
2000676,Z MOL PLUS X 10COMPR,0.0,5,INTERNADO(3),7840653005976,0.0,0.0
2000676,Z MOL PLUS X 10COMPR,0.0,5,QUIROFANO(4),7840653005976,0.0,0.0
2000677,"ZAFIN 37,5 MG X 28 COMP",0.0,5,URGENCIAS(2),7800060413863,0.0,0.0
2000677,"ZAFIN 37,5 MG X 28 COMP",0.0,5,INTERNADO(3),7800060413863,0.0,0.0
2000677,"ZAFIN 37,5 MG X 28 COMP",0.0,5,QUIROFANO(4),7800060413863,0.0,0.0
2000678,ZATIFEN GRIP JARABE FCO 125 ML,0.0,5,URGENCIAS(2),7841134001630,0.0,0.0
2000678,ZATIFEN GRIP JARABE FCO 125 ML,0.0,5,INTERNADO(3),7841134001630,0.0,0.0
2000678,ZATIFEN GRIP JARABE FCO 125 ML,0.0,5,QUIROFANO(4),7841134001630,0.0,0.0
2000679,ZICACORT 4MG X 10 COMP,0.0,5,URGENCIAS(2),7841134001647,0.0,0.0
2000679,ZICACORT 4MG X 10 COMP,0.0,5,INTERNADO(3),7841134001647,0.0,0.0
2000679,ZICACORT 4MG X 10 COMP,0.0,5,QUIROFANO(4),7841134001647,0.0,0.0
2000680,ZODOL 50 MG GTS X 20 ML,0.0,5,URGENCIAS(2),7800060409835,0.0,0.0
2000680,ZODOL 50 MG GTS X 20 ML,0.0,5,INTERNADO(3),7800060409835,0.0,0.0
2000680,ZODOL 50 MG GTS X 20 ML,0.0,5,QUIROFANO(4),7800060409835,0.0,0.0
2000681,ZODOL 50MG X 10 COMP,0.0,5,FARMACIA INTERNA(1),2000681,0.0,0.0
2000681,ZODOL 50MG X 10 COMP,0.0,5,URGENCIAS(2),2000681,0.0,0.0
2000681,ZODOL 50MG X 10 COMP,0.0,5,INTERNADO(3),2000681,0.0,0.0
2000681,ZODOL 50MG X 10 COMP,0.0,5,QUIROFANO(4),2000681,0.0,0.0
2000681,ZODOL 50MG X 10 COMP,0.0,5,ADMINISTRACION,2000681,0.0,0.0
2000681,ZODOL 50MG X 10 COMP,0.0,5,CARRO DE PARO,2000681,0.0,0.0
2000682,A 3 COMPUESTO X 10 COMP,0.0,5,URGENCIAS(2),7840213263563,0.0,0.0
2000682,A 3 COMPUESTO X 10 COMP,0.0,5,INTERNADO(3),7840213263563,0.0,0.0
2000682,A 3 COMPUESTO X 10 COMP,0.0,5,QUIROFANO(4),7840213263563,0.0,0.0
2000683,APIDRA SOLOSTAR X 1 AMP. 3 ML,0.0,0,FARMACIA INTERNA(1),2000683,0.0,0.0
2000683,APIDRA SOLOSTAR X 1 AMP. 3 ML,0.0,0,URGENCIAS(2),2000683,0.0,0.0
2000683,APIDRA SOLOSTAR X 1 AMP. 3 ML,0.0,0,INTERNADO(3),2000683,0.0,0.0
2000683,APIDRA SOLOSTAR X 1 AMP. 3 ML,0.0,0,QUIROFANO(4),2000683,0.0,0.0
2000683,APIDRA SOLOSTAR X 1 AMP. 3 ML,0.0,0,ADMINISTRACION,2000683,0.0,0.0
2000683,APIDRA SOLOSTAR X 1 AMP. 3 ML,0.0,0,CARRO DE PARO,2000683,0.0,0.0
2000684,DAPAGLIX 10 X 30 COMP,0.0,0,URGENCIAS(2),7840213261972,0.0,0.0
2000684,DAPAGLIX 10 X 30 COMP,0.0,0,INTERNADO(3),7840213261972,0.0,0.0
2000684,DAPAGLIX 10 X 30 COMP,0.0,0,QUIROFANO(4),7840213261972,0.0,0.0
2000685,DAPAGLIX 5MG X 30 COMP REC,0.0,0,URGENCIAS(2),7840213261958,0.0,0.0
2000685,DAPAGLIX 5MG X 30 COMP REC,0.0,0,INTERNADO(3),7840213261958,0.0,0.0
2000685,DAPAGLIX 5MG X 30 COMP REC,0.0,0,QUIROFANO(4),7840213261958,0.0,0.0
2000686,GLITINA 50 X 30COMP REC ( SITAGLIPTINA ),0.0,0,URGENCIAS(2),7840036011587,0.0,0.0
2000686,GLITINA 50 X 30COMP REC ( SITAGLIPTINA ),0.0,0,INTERNADO(3),7840036011587,0.0,0.0
2000686,GLITINA 50 X 30COMP REC ( SITAGLIPTINA ),0.0,0,QUIROFANO(4),7840036011587,0.0,0.0
2000687,GLUCERNA SHAKE X 237 ML,0.0,0,URGENCIAS(2),70074124841,0.0,0.0
2000687,GLUCERNA SHAKE X 237 ML,0.0,0,INTERNADO(3),70074124841,0.0,0.0
2000687,GLUCERNA SHAKE X 237 ML,0.0,0,QUIROFANO(4),70074124841,0.0,0.0
2000687,GLUCERNA SHAKE X 237 ML,0.0,0,ADMINISTRACION,70074124841,0.0,0.0
2000687,GLUCERNA SHAKE X 237 ML,0.0,0,CARRO DE PARO,70074124841,0.0,0.0
2000688,GLUCERNA TRIPLE CARE VAINILLA POLVO X 400GR,0.0,0,URGENCIAS(2),8710428022141,0.0,0.0
2000688,GLUCERNA TRIPLE CARE VAINILLA POLVO X 400GR,0.0,0,INTERNADO(3),8710428022141,0.0,0.0
2000688,GLUCERNA TRIPLE CARE VAINILLA POLVO X 400GR,0.0,0,QUIROFANO(4),8710428022141,0.0,0.0
2000689,GLUCERNA X 1000ML,0.0,0,URGENCIAS(2),70074112435,0.0,0.0
2000689,GLUCERNA X 1000ML,0.0,0,INTERNADO(3),70074112435,0.0,0.0
2000689,GLUCERNA X 1000ML,0.0,0,QUIROFANO(4),70074112435,0.0,0.0
2000689,GLUCERNA X 1000ML,0.0,0,ADMINISTRACION,70074112435,0.0,0.0
2000689,GLUCERNA X 1000ML,0.0,0,CARRO DE PARO,70074112435,0.0,0.0
2000690,GLUCOMETRO GLUCO DR AUTO,0.0,0,URGENCIAS(2),8806128327003,0.0,0.0
2000690,GLUCOMETRO GLUCO DR AUTO,0.0,0,INTERNADO(3),8806128327003,0.0,0.0
2000690,GLUCOMETRO GLUCO DR AUTO,0.0,0,QUIROFANO(4),8806128327003,0.0,0.0
2000691,HIPOGLUCIN 1000LP X 30COMP,0.0,0,URGENCIAS(2),7800007775696,0.0,0.0
2000691,HIPOGLUCIN 1000LP X 30COMP,0.0,0,INTERNADO(3),7800007775696,0.0,0.0
2000691,HIPOGLUCIN 1000LP X 30COMP,0.0,0,QUIROFANO(4),7800007775696,0.0,0.0
2000692,HIPOGLUCIN 500 LP X 30 COMP,0.0,0,URGENCIAS(2),7800007787866,0.0,0.0
2000692,HIPOGLUCIN 500 LP X 30 COMP,0.0,0,INTERNADO(3),7800007787866,0.0,0.0
2000692,HIPOGLUCIN 500 LP X 30 COMP,0.0,0,QUIROFANO(4),7800007787866,0.0,0.0
2000693,HIPOGLUCIN 750 LP X 30 COMP,0.0,0,URGENCIAS(2),7800007771513,0.0,0.0
2000693,HIPOGLUCIN 750 LP X 30 COMP,0.0,0,INTERNADO(3),7800007771513,0.0,0.0
2000693,HIPOGLUCIN 750 LP X 30 COMP,0.0,0,QUIROFANO(4),7800007771513,0.0,0.0
2000694,HIPOGLUCIN 850MG X 30 COMP,0.0,0,URGENCIAS(2),7800007373380,0.0,0.0
2000694,HIPOGLUCIN 850MG X 30 COMP,0.0,0,INTERNADO(3),7800007373380,0.0,0.0
2000694,HIPOGLUCIN 850MG X 30 COMP,0.0,0,QUIROFANO(4),7800007373380,0.0,0.0
2000695,HUMALOG FRASCO 10ML 100UI,0.0,0,FARMACIA INTERNA(1),2000695,0.0,0.0
2000695,HUMALOG FRASCO 10ML 100UI,0.0,0,URGENCIAS(2),2000695,0.0,0.0
2000695,HUMALOG FRASCO 10ML 100UI,0.0,0,INTERNADO(3),2000695,0.0,0.0
2000695,HUMALOG FRASCO 10ML 100UI,0.0,0,QUIROFANO(4),2000695,0.0,0.0
2000695,HUMALOG FRASCO 10ML 100UI,0.0,0,ADMINISTRACION,2000695,0.0,0.0
2000695,HUMALOG FRASCO 10ML 100UI,0.0,0,CARRO DE PARO,2000695,0.0,0.0
2000699,INSUBEST -R (REGULAR) INSULINA 10ML,144000.0,5,FARMACIA INTERNA(1),2000699,0.0,0.0
2000699,INSUBEST -R (REGULAR) INSULINA 10ML,144000.0,5,URGENCIAS(2),2000699,0.0,1.0
2000699,INSUBEST -R (REGULAR) INSULINA 10ML,144000.0,5,INTERNADO(3),2000699,0.0,0.0
2000699,INSUBEST -R (REGULAR) INSULINA 10ML,144000.0,5,QUIROFANO(4),2000699,0.0,0.0
2000699,INSUBEST -R (REGULAR) INSULINA 10ML,144000.0,5,ADMINISTRACION,2000699,0.0,0.0
2000699,INSUBEST -R (REGULAR) INSULINA 10ML,144000.0,5,CARRO DE PARO,2000699,0.0,0.0
2000700,JARDIANCE 10MG X 30 COMP,0.0,0,URGENCIAS(2),4048846021250,0.0,0.0
2000700,JARDIANCE 10MG X 30 COMP,0.0,0,INTERNADO(3),4048846021250,0.0,0.0
2000700,JARDIANCE 10MG X 30 COMP,0.0,0,QUIROFANO(4),4048846021250,0.0,0.0
2000701,JARDIANCE 25MG X 30 COMP,0.0,0,URGENCIAS(2),4048846008985,0.0,0.0
2000701,JARDIANCE 25MG X 30 COMP,0.0,0,INTERNADO(3),4048846008985,0.0,0.0
2000701,JARDIANCE 25MG X 30 COMP,0.0,0,QUIROFANO(4),4048846008985,0.0,0.0
2000702,LANTUS SOLOSTAR X 3 ML AMP,0.0,0,FARMACIA INTERNA(1),2000702,0.0,0.0
2000702,LANTUS SOLOSTAR X 3 ML AMP,0.0,0,URGENCIAS(2),2000702,0.0,0.0
2000702,LANTUS SOLOSTAR X 3 ML AMP,0.0,0,INTERNADO(3),2000702,0.0,0.0
2000702,LANTUS SOLOSTAR X 3 ML AMP,0.0,0,QUIROFANO(4),2000702,0.0,0.0
2000702,LANTUS SOLOSTAR X 3 ML AMP,0.0,0,ADMINISTRACION,2000702,0.0,0.0
2000702,LANTUS SOLOSTAR X 3 ML AMP,0.0,0,CARRO DE PARO,2000702,0.0,0.0
2000703,NOVORAPID FLEXPEN 100UI - INSULINA X 1 JER,0.0,0,FARMACIA INTERNA(1),2000703,0.0,0.0
2000703,NOVORAPID FLEXPEN 100UI - INSULINA X 1 JER,0.0,0,URGENCIAS(2),2000703,0.0,0.0
2000703,NOVORAPID FLEXPEN 100UI - INSULINA X 1 JER,0.0,0,INTERNADO(3),2000703,0.0,0.0
2000703,NOVORAPID FLEXPEN 100UI - INSULINA X 1 JER,0.0,0,QUIROFANO(4),2000703,0.0,0.0
2000703,NOVORAPID FLEXPEN 100UI - INSULINA X 1 JER,0.0,0,ADMINISTRACION,2000703,0.0,0.0
2000703,NOVORAPID FLEXPEN 100UI - INSULINA X 1 JER,0.0,0,CARRO DE PARO,2000703,0.0,0.0
2000704,TIRAS X UNIDAD (NIPRO),0.0,0,FARMACIA INTERNA(1),2000704,0.0,0.0
2000704,TIRAS X UNIDAD (NIPRO),0.0,0,URGENCIAS(2),2000704,0.0,0.0
2000704,TIRAS X UNIDAD (NIPRO),0.0,0,INTERNADO(3),2000704,0.0,0.0
2000704,TIRAS X UNIDAD (NIPRO),0.0,0,QUIROFANO(4),2000704,0.0,0.0
2000704,TIRAS X UNIDAD (NIPRO),0.0,0,ADMINISTRACION,2000704,0.0,0.0
2000704,TIRAS X UNIDAD (NIPRO),0.0,0,CARRO DE PARO,2000704,0.0,0.0
2000705,TOUJEO INSULINA GLARGINA 300 U/ ML,0.0,0,URGENCIAS(2),7800056001388,0.0,0.0
2000705,TOUJEO INSULINA GLARGINA 300 U/ ML,0.0,0,INTERNADO(3),7800056001388,0.0,0.0
2000705,TOUJEO INSULINA GLARGINA 300 U/ ML,0.0,0,QUIROFANO(4),7800056001388,0.0,0.0
2000706,TRAYENTA 5MG X 30 COMP,0.0,0,URGENCIAS(2),4048846020314,0.0,0.0
2000706,TRAYENTA 5MG X 30 COMP,0.0,0,INTERNADO(3),4048846020314,0.0,0.0
2000706,TRAYENTA 5MG X 30 COMP,0.0,0,QUIROFANO(4),4048846020314,0.0,0.0
2000707,TRESIBA FLEXTOUCH 100UI - INSULINA X 1 JER,0.0,0,FARMACIA INTERNA(1),2000707,0.0,0.0
2000707,TRESIBA FLEXTOUCH 100UI - INSULINA X 1 JER,0.0,0,URGENCIAS(2),2000707,0.0,0.0
2000707,TRESIBA FLEXTOUCH 100UI - INSULINA X 1 JER,0.0,0,INTERNADO(3),2000707,0.0,0.0
2000707,TRESIBA FLEXTOUCH 100UI - INSULINA X 1 JER,0.0,0,QUIROFANO(4),2000707,0.0,0.0
2000707,TRESIBA FLEXTOUCH 100UI - INSULINA X 1 JER,0.0,0,ADMINISTRACION,2000707,0.0,0.0
2000707,TRESIBA FLEXTOUCH 100UI - INSULINA X 1 JER,0.0,0,CARRO DE PARO,2000707,0.0,0.0
2000708,ABINTRA POLVO X 27GR,0.0,5,FARMACIA INTERNA(1),2000708,0.0,0.0
2000708,ABINTRA POLVO X 27GR,0.0,5,URGENCIAS(2),2000708,0.0,0.0
2000708,ABINTRA POLVO X 27GR,0.0,5,INTERNADO(3),2000708,0.0,0.0
2000708,ABINTRA POLVO X 27GR,0.0,5,QUIROFANO(4),2000708,0.0,0.0
2000708,ABINTRA POLVO X 27GR,0.0,5,ADMINISTRACION,2000708,0.0,0.0
2000708,ABINTRA POLVO X 27GR,0.0,5,CARRO DE PARO,2000708,0.0,0.0
2000709,ACTILYSE 50MG AMP (ALTEPLASE),0.0,5,FARMACIA INTERNA(1),2000709,0.0,0.0
2000709,ACTILYSE 50MG AMP (ALTEPLASE),0.0,5,URGENCIAS(2),2000709,0.0,0.0
2000709,ACTILYSE 50MG AMP (ALTEPLASE),0.0,5,INTERNADO(3),2000709,0.0,0.0
2000709,ACTILYSE 50MG AMP (ALTEPLASE),0.0,5,QUIROFANO(4),2000709,0.0,0.0
2000709,ACTILYSE 50MG AMP (ALTEPLASE),0.0,5,ADMINISTRACION,2000709,0.0,0.0
2000709,ACTILYSE 50MG AMP (ALTEPLASE),0.0,5,CARRO DE PARO,2000709,0.0,0.0
2000710,ACUPAN AMP. 2 ML.NEFOPAM,0.0,5,FARMACIA INTERNA(1),2000710,0.0,0.0
2000710,ACUPAN AMP. 2 ML.NEFOPAM,0.0,5,URGENCIAS(2),2000710,0.0,0.0
2000710,ACUPAN AMP. 2 ML.NEFOPAM,0.0,5,INTERNADO(3),2000710,0.0,0.0
2000710,ACUPAN AMP. 2 ML.NEFOPAM,0.0,5,QUIROFANO(4),2000710,0.0,0.0
2000710,ACUPAN AMP. 2 ML.NEFOPAM,0.0,5,ADMINISTRACION,2000710,0.0,0.0
2000710,ACUPAN AMP. 2 ML.NEFOPAM,0.0,5,CARRO DE PARO,2000710,0.0,0.0
2000711,AGUA BIDESTILADA 1000 ML B/BRAUN,0.0,5,FARMACIA INTERNA(1),2000711,0.0,0.0
2000711,AGUA BIDESTILADA 1000 ML B/BRAUN,0.0,5,URGENCIAS(2),2000711,0.0,0.0
2000711,AGUA BIDESTILADA 1000 ML B/BRAUN,0.0,5,INTERNADO(3),2000711,0.0,0.0
2000711,AGUA BIDESTILADA 1000 ML B/BRAUN,0.0,5,QUIROFANO(4),2000711,0.0,0.0
2000711,AGUA BIDESTILADA 1000 ML B/BRAUN,0.0,5,ADMINISTRACION,2000711,0.0,0.0
2000711,AGUA BIDESTILADA 1000 ML B/BRAUN,0.0,5,CARRO DE PARO,2000711,0.0,0.0
2000712,AGUA DESTILADA 10 ML (SOLVENTE) BRAUN,0.0,5,FARMACIA INTERNA(1),2000712,0.0,0.0
2000712,AGUA DESTILADA 10 ML (SOLVENTE) BRAUN,0.0,5,URGENCIAS(2),2000712,0.0,0.0
2000712,AGUA DESTILADA 10 ML (SOLVENTE) BRAUN,0.0,5,INTERNADO(3),2000712,0.0,0.0
2000712,AGUA DESTILADA 10 ML (SOLVENTE) BRAUN,0.0,5,QUIROFANO(4),2000712,0.0,0.0
2000712,AGUA DESTILADA 10 ML (SOLVENTE) BRAUN,0.0,5,ADMINISTRACION,2000712,0.0,0.0
2000712,AGUA DESTILADA 10 ML (SOLVENTE) BRAUN,0.0,5,CARRO DE PARO,2000712,0.0,0.0
2000713,"AMPICILINA + SULBACTAM 1,5GR (TAXATEN) X 1AMP",0.0,5,FARMACIA INTERNA(1),2000713,0.0,0.0
2000713,"AMPICILINA + SULBACTAM 1,5GR (TAXATEN) X 1AMP",0.0,5,URGENCIAS(2),2000713,0.0,0.0
2000713,"AMPICILINA + SULBACTAM 1,5GR (TAXATEN) X 1AMP",0.0,5,INTERNADO(3),2000713,0.0,0.0
2000713,"AMPICILINA + SULBACTAM 1,5GR (TAXATEN) X 1AMP",0.0,5,QUIROFANO(4),2000713,0.0,0.0
2000713,"AMPICILINA + SULBACTAM 1,5GR (TAXATEN) X 1AMP",0.0,5,ADMINISTRACION,2000713,0.0,0.0
2000713,"AMPICILINA + SULBACTAM 1,5GR (TAXATEN) X 1AMP",0.0,5,CARRO DE PARO,2000713,0.0,0.0
2000714,ANFOTERICINA B 50MG X 1AMP (RICHET),0.0,5,FARMACIA INTERNA(1),2000714,0.0,0.0
2000714,ANFOTERICINA B 50MG X 1AMP (RICHET),0.0,5,URGENCIAS(2),2000714,0.0,0.0
2000714,ANFOTERICINA B 50MG X 1AMP (RICHET),0.0,5,INTERNADO(3),2000714,0.0,0.0
2000714,ANFOTERICINA B 50MG X 1AMP (RICHET),0.0,5,QUIROFANO(4),2000714,0.0,0.0
2000714,ANFOTERICINA B 50MG X 1AMP (RICHET),0.0,5,ADMINISTRACION,2000714,0.0,0.0
2000714,ANFOTERICINA B 50MG X 1AMP (RICHET),0.0,5,CARRO DE PARO,2000714,0.0,0.0
2000715,ANTIAX TIRAS X 6 COMP. MAST.,0.0,5,FARMACIA INTERNA(1),2000715,0.0,0.0
2000715,ANTIAX TIRAS X 6 COMP. MAST.,0.0,5,URGENCIAS(2),2000715,0.0,0.0
2000715,ANTIAX TIRAS X 6 COMP. MAST.,0.0,5,INTERNADO(3),2000715,0.0,0.0
2000715,ANTIAX TIRAS X 6 COMP. MAST.,0.0,5,QUIROFANO(4),2000715,0.0,0.0
2000715,ANTIAX TIRAS X 6 COMP. MAST.,0.0,5,ADMINISTRACION,2000715,0.0,0.0
2000715,ANTIAX TIRAS X 6 COMP. MAST.,0.0,5,CARRO DE PARO,2000715,0.0,0.0
2000716,ATLANSIL 150MG INY X 1 AMP 3ML (AMIODARONA CLORHIDRATO),18600.0,5,FARMACIA INTERNA(1),2000716,0.0,10.0
2000716,ATLANSIL 150MG INY X 1 AMP 3ML (AMIODARONA CLORHIDRATO),18600.0,5,URGENCIAS(2),2000716,0.0,0.0
2000716,ATLANSIL 150MG INY X 1 AMP 3ML (AMIODARONA CLORHIDRATO),18600.0,5,INTERNADO(3),2000716,0.0,0.0
2000716,ATLANSIL 150MG INY X 1 AMP 3ML (AMIODARONA CLORHIDRATO),18600.0,5,QUIROFANO(4),2000716,0.0,0.0
2000716,ATLANSIL 150MG INY X 1 AMP 3ML (AMIODARONA CLORHIDRATO),18600.0,5,ADMINISTRACION,2000716,0.0,0.0
2000716,ATLANSIL 150MG INY X 1 AMP 3ML (AMIODARONA CLORHIDRATO),18600.0,5,CARRO DE PARO,2000716,0.0,5.0
2000717,"AUCIC 1,5% GEL OFTALMICO X 5G",0.0,5,FARMACIA INTERNA(1),2000717,0.0,0.0
2000717,"AUCIC 1,5% GEL OFTALMICO X 5G",0.0,5,URGENCIAS(2),2000717,0.0,0.0
2000717,"AUCIC 1,5% GEL OFTALMICO X 5G",0.0,5,INTERNADO(3),2000717,0.0,0.0
2000717,"AUCIC 1,5% GEL OFTALMICO X 5G",0.0,5,QUIROFANO(4),2000717,0.0,0.0
2000717,"AUCIC 1,5% GEL OFTALMICO X 5G",0.0,5,ADMINISTRACION,2000717,0.0,0.0
2000717,"AUCIC 1,5% GEL OFTALMICO X 5G",0.0,5,CARRO DE PARO,2000717,0.0,0.0
2000718,BECOZYM NF X 1 AMP.,0.0,5,FARMACIA INTERNA(1),2000718,0.0,0.0
2000718,BECOZYM NF X 1 AMP.,0.0,5,URGENCIAS(2),2000718,0.0,1.0
2000718,BECOZYM NF X 1 AMP.,0.0,5,INTERNADO(3),2000718,0.0,0.0
2000718,BECOZYM NF X 1 AMP.,0.0,5,QUIROFANO(4),2000718,0.0,0.0
2000718,BECOZYM NF X 1 AMP.,0.0,5,ADMINISTRACION,2000718,0.0,0.0
2000718,BECOZYM NF X 1 AMP.,0.0,5,CARRO DE PARO,2000718,0.0,0.0
2000719,BUTIL BROMURO DE HIOSCINA 20 MG X 1 AMP,0.0,5,FARMACIA INTERNA(1),2000719,0.0,0.0
2000719,BUTIL BROMURO DE HIOSCINA 20 MG X 1 AMP,0.0,5,URGENCIAS(2),2000719,0.0,0.0
2000719,BUTIL BROMURO DE HIOSCINA 20 MG X 1 AMP,0.0,5,INTERNADO(3),2000719,0.0,0.0
2000719,BUTIL BROMURO DE HIOSCINA 20 MG X 1 AMP,0.0,5,QUIROFANO(4),2000719,0.0,0.0
2000719,BUTIL BROMURO DE HIOSCINA 20 MG X 1 AMP,0.0,5,ADMINISTRACION,2000719,0.0,0.0
2000719,BUTIL BROMURO DE HIOSCINA 20 MG X 1 AMP,0.0,5,CARRO DE PARO,2000719,0.0,0.0
2000720,CAFEINA 25% 1ML X 1 AMP,0.0,5,FARMACIA INTERNA(1),2000720,0.0,0.0
2000720,CAFEINA 25% 1ML X 1 AMP,0.0,5,URGENCIAS(2),2000720,0.0,0.0
2000720,CAFEINA 25% 1ML X 1 AMP,0.0,5,INTERNADO(3),2000720,0.0,0.0
2000720,CAFEINA 25% 1ML X 1 AMP,0.0,5,QUIROFANO(4),2000720,0.0,0.0
2000720,CAFEINA 25% 1ML X 1 AMP,0.0,5,ADMINISTRACION,2000720,0.0,0.0
2000720,CAFEINA 25% 1ML X 1 AMP,0.0,5,CARRO DE PARO,2000720,0.0,0.0
2000721,CLARITROMICINA 500MG AMP,0.0,5,FARMACIA INTERNA(1),2000721,0.0,0.0
2000721,CLARITROMICINA 500MG AMP,0.0,5,URGENCIAS(2),2000721,0.0,0.0
2000721,CLARITROMICINA 500MG AMP,0.0,5,INTERNADO(3),2000721,0.0,0.0
2000721,CLARITROMICINA 500MG AMP,0.0,5,QUIROFANO(4),2000721,0.0,0.0
2000721,CLARITROMICINA 500MG AMP,0.0,5,ADMINISTRACION,2000721,0.0,0.0
2000721,CLARITROMICINA 500MG AMP,0.0,5,CARRO DE PARO,2000721,0.0,0.0
2000722,CN STANDAR VAINILLA POLVO LATA X 400GR,0.0,5,FARMACIA INTERNA(1),2000722,0.0,0.0
2000722,CN STANDAR VAINILLA POLVO LATA X 400GR,0.0,5,URGENCIAS(2),2000722,0.0,0.0
2000722,CN STANDAR VAINILLA POLVO LATA X 400GR,0.0,5,INTERNADO(3),2000722,0.0,0.0
2000722,CN STANDAR VAINILLA POLVO LATA X 400GR,0.0,5,QUIROFANO(4),2000722,0.0,0.0
2000722,CN STANDAR VAINILLA POLVO LATA X 400GR,0.0,5,ADMINISTRACION,2000722,0.0,0.0
2000722,CN STANDAR VAINILLA POLVO LATA X 400GR,0.0,5,CARRO DE PARO,2000722,0.0,0.0
2000723,CRUSIA ENOXAPARINA 40MG X 1 JER PRELL,0.0,5,FARMACIA INTERNA(1),2000723,0.0,0.0
2000723,CRUSIA ENOXAPARINA 40MG X 1 JER PRELL,0.0,5,URGENCIAS(2),2000723,0.0,0.0
2000723,CRUSIA ENOXAPARINA 40MG X 1 JER PRELL,0.0,5,INTERNADO(3),2000723,0.0,0.0
2000723,CRUSIA ENOXAPARINA 40MG X 1 JER PRELL,0.0,5,QUIROFANO(4),2000723,0.0,0.0
2000723,CRUSIA ENOXAPARINA 40MG X 1 JER PRELL,0.0,5,ADMINISTRACION,2000723,0.0,0.0
2000723,CRUSIA ENOXAPARINA 40MG X 1 JER PRELL,0.0,5,CARRO DE PARO,2000723,0.0,0.0
2000724,CRUSIA ENOXAPARINA 60MG X 1 JER PRELL,0.0,5,FARMACIA INTERNA(1),2000724,0.0,0.0
2000724,CRUSIA ENOXAPARINA 60MG X 1 JER PRELL,0.0,5,URGENCIAS(2),2000724,0.0,0.0
2000724,CRUSIA ENOXAPARINA 60MG X 1 JER PRELL,0.0,5,INTERNADO(3),2000724,0.0,0.0
2000724,CRUSIA ENOXAPARINA 60MG X 1 JER PRELL,0.0,5,QUIROFANO(4),2000724,0.0,0.0
2000724,CRUSIA ENOXAPARINA 60MG X 1 JER PRELL,0.0,5,ADMINISTRACION,2000724,0.0,0.0
2000724,CRUSIA ENOXAPARINA 60MG X 1 JER PRELL,0.0,5,CARRO DE PARO,2000724,0.0,0.0
2000725,DEXAMETASONA 4MG X 1 AMP FUSA,0.0,5,FARMACIA INTERNA(1),2000725,0.0,0.0
2000725,DEXAMETASONA 4MG X 1 AMP FUSA,0.0,5,URGENCIAS(2),2000725,0.0,0.0
2000725,DEXAMETASONA 4MG X 1 AMP FUSA,0.0,5,INTERNADO(3),2000725,0.0,0.0
2000725,DEXAMETASONA 4MG X 1 AMP FUSA,0.0,5,QUIROFANO(4),2000725,0.0,0.0
2000725,DEXAMETASONA 4MG X 1 AMP FUSA,0.0,5,ADMINISTRACION,2000725,0.0,0.0
2000725,DEXAMETASONA 4MG X 1 AMP FUSA,0.0,5,CARRO DE PARO,2000725,0.0,0.0
2000727,DOLOFENAL COMPUESTO INY AMP,33000.0,5,FARMACIA INTERNA(1),2000727,0.0,0.0
2000727,DOLOFENAL COMPUESTO INY AMP,33000.0,5,URGENCIAS(2),2000727,0.0,0.0
2000727,DOLOFENAL COMPUESTO INY AMP,33000.0,5,INTERNADO(3),2000727,0.0,0.0
2000727,DOLOFENAL COMPUESTO INY AMP,33000.0,5,QUIROFANO(4),2000727,0.0,0.0
2000727,DOLOFENAL COMPUESTO INY AMP,33000.0,5,ADMINISTRACION,2000727,0.0,0.0
2000727,DOLOFENAL COMPUESTO INY AMP,33000.0,5,CARRO DE PARO,2000727,0.0,0.0
2000728,DOLOSTOP 60MG (KETOROLAC TROMETAMINA),42000.0,5,FARMACIA INTERNA(1),2000728,0.0,62.0
2000728,DOLOSTOP 60MG (KETOROLAC TROMETAMINA),42000.0,5,URGENCIAS(2),2000728,0.0,19.0
2000728,DOLOSTOP 60MG (KETOROLAC TROMETAMINA),42000.0,5,INTERNADO(3),2000728,0.0,0.0
2000728,DOLOSTOP 60MG (KETOROLAC TROMETAMINA),42000.0,5,QUIROFANO(4),2000728,0.0,0.0
2000728,DOLOSTOP 60MG (KETOROLAC TROMETAMINA),42000.0,5,ADMINISTRACION,2000728,0.0,0.0
2000728,DOLOSTOP 60MG (KETOROLAC TROMETAMINA),42000.0,5,CARRO DE PARO,2000728,0.0,0.0
2000729,DORMITAL (FENOBARBITAL) 100MG X 10COMP,0.0,5,FARMACIA INTERNA(1),2000729,0.0,0.0
2000729,DORMITAL (FENOBARBITAL) 100MG X 10COMP,0.0,5,URGENCIAS(2),2000729,0.0,0.0
2000729,DORMITAL (FENOBARBITAL) 100MG X 10COMP,0.0,5,INTERNADO(3),2000729,0.0,0.0
2000729,DORMITAL (FENOBARBITAL) 100MG X 10COMP,0.0,5,QUIROFANO(4),2000729,0.0,0.0
2000729,DORMITAL (FENOBARBITAL) 100MG X 10COMP,0.0,5,ADMINISTRACION,2000729,0.0,0.0
2000729,DORMITAL (FENOBARBITAL) 100MG X 10COMP,0.0,5,CARRO DE PARO,2000729,0.0,0.0
2000730,DURATOCIN 100MCG INY X 1 AMP,0.0,5,FARMACIA INTERNA(1),2000730,0.0,0.0
2000730,DURATOCIN 100MCG INY X 1 AMP,0.0,5,URGENCIAS(2),2000730,0.0,0.0
2000730,DURATOCIN 100MCG INY X 1 AMP,0.0,5,INTERNADO(3),2000730,0.0,0.0
2000730,DURATOCIN 100MCG INY X 1 AMP,0.0,5,QUIROFANO(4),2000730,0.0,0.0
2000730,DURATOCIN 100MCG INY X 1 AMP,0.0,5,ADMINISTRACION,2000730,0.0,0.0
2000730,DURATOCIN 100MCG INY X 1 AMP,0.0,5,CARRO DE PARO,2000730,0.0,0.0
2000731,ERGO DOLANET X 10 COMP,10000.0,5,FARMACIA INTERNA(1),2000731,0.0,0.0
2000731,ERGO DOLANET X 10 COMP,10000.0,5,URGENCIAS(2),2000731,0.0,0.0
2000731,ERGO DOLANET X 10 COMP,10000.0,5,INTERNADO(3),2000731,0.0,0.0
2000731,ERGO DOLANET X 10 COMP,10000.0,5,QUIROFANO(4),2000731,0.0,0.0
2000731,ERGO DOLANET X 10 COMP,10000.0,5,ADMINISTRACION,2000731,0.0,0.0
2000731,ERGO DOLANET X 10 COMP,10000.0,5,CARRO DE PARO,2000731,0.0,0.0
2000732,ERGOMETRINA X 1 AMP,0.0,5,FARMACIA INTERNA(1),2000732,0.0,0.0
2000732,ERGOMETRINA X 1 AMP,0.0,5,URGENCIAS(2),2000732,0.0,0.0
2000732,ERGOMETRINA X 1 AMP,0.0,5,INTERNADO(3),2000732,0.0,0.0
2000732,ERGOMETRINA X 1 AMP,0.0,5,QUIROFANO(4),2000732,0.0,0.0
2000732,ERGOMETRINA X 1 AMP,0.0,5,ADMINISTRACION,2000732,0.0,0.0
2000732,ERGOMETRINA X 1 AMP,0.0,5,CARRO DE PARO,2000732,0.0,0.0
2000733,ETICINA 50 MG X 1 AMP (TIGECICLINA),0.0,5,FARMACIA INTERNA(1),2000733,0.0,0.0
2000733,ETICINA 50 MG X 1 AMP (TIGECICLINA),0.0,5,URGENCIAS(2),2000733,0.0,0.0
2000733,ETICINA 50 MG X 1 AMP (TIGECICLINA),0.0,5,INTERNADO(3),2000733,0.0,0.0
2000733,ETICINA 50 MG X 1 AMP (TIGECICLINA),0.0,5,QUIROFANO(4),2000733,0.0,0.0
2000733,ETICINA 50 MG X 1 AMP (TIGECICLINA),0.0,5,ADMINISTRACION,2000733,0.0,0.0
2000733,ETICINA 50 MG X 1 AMP (TIGECICLINA),0.0,5,CARRO DE PARO,2000733,0.0,0.0
2000734,ETISONA 500MG X AMP (METILPREDNISOLA),325000.0,5,FARMACIA INTERNA(1),2000734,0.0,0.0
2000734,ETISONA 500MG X AMP (METILPREDNISOLA),325000.0,5,URGENCIAS(2),2000734,0.0,1.0
2000734,ETISONA 500MG X AMP (METILPREDNISOLA),325000.0,5,INTERNADO(3),2000734,0.0,0.0
2000734,ETISONA 500MG X AMP (METILPREDNISOLA),325000.0,5,QUIROFANO(4),2000734,0.0,0.0
2000734,ETISONA 500MG X AMP (METILPREDNISOLA),325000.0,5,ADMINISTRACION,2000734,0.0,0.0
2000734,ETISONA 500MG X AMP (METILPREDNISOLA),325000.0,5,CARRO DE PARO,2000734,0.0,0.0
2000735,"EUROPRES D 160/12,5 X 30 COMP REC",0.0,5,FARMACIA INTERNA(1),2000735,0.0,0.0
2000735,"EUROPRES D 160/12,5 X 30 COMP REC",0.0,5,URGENCIAS(2),2000735,0.0,0.0
2000735,"EUROPRES D 160/12,5 X 30 COMP REC",0.0,5,INTERNADO(3),2000735,0.0,0.0
2000735,"EUROPRES D 160/12,5 X 30 COMP REC",0.0,5,QUIROFANO(4),2000735,0.0,0.0
2000735,"EUROPRES D 160/12,5 X 30 COMP REC",0.0,5,ADMINISTRACION,2000735,0.0,0.0
2000735,"EUROPRES D 160/12,5 X 30 COMP REC",0.0,5,CARRO DE PARO,2000735,0.0,0.0
2000736,"EUROPRES D 80/12,5 MG X 30 COMP REC",0.0,5,FARMACIA INTERNA(1),2000736,0.0,0.0
2000736,"EUROPRES D 80/12,5 MG X 30 COMP REC",0.0,5,URGENCIAS(2),2000736,0.0,0.0
2000736,"EUROPRES D 80/12,5 MG X 30 COMP REC",0.0,5,INTERNADO(3),2000736,0.0,0.0
2000736,"EUROPRES D 80/12,5 MG X 30 COMP REC",0.0,5,QUIROFANO(4),2000736,0.0,0.0
2000736,"EUROPRES D 80/12,5 MG X 30 COMP REC",0.0,5,ADMINISTRACION,2000736,0.0,0.0
2000736,"EUROPRES D 80/12,5 MG X 30 COMP REC",0.0,5,CARRO DE PARO,2000736,0.0,0.0
2000737,FLUSTEINA 600 (ACETILCISTEINA ) X 1 SOBRE,0.0,5,FARMACIA INTERNA(1),2000737,0.0,0.0
2000737,FLUSTEINA 600 (ACETILCISTEINA ) X 1 SOBRE,0.0,5,URGENCIAS(2),2000737,0.0,0.0
2000737,FLUSTEINA 600 (ACETILCISTEINA ) X 1 SOBRE,0.0,5,INTERNADO(3),2000737,0.0,0.0
2000737,FLUSTEINA 600 (ACETILCISTEINA ) X 1 SOBRE,0.0,5,QUIROFANO(4),2000737,0.0,0.0
2000737,FLUSTEINA 600 (ACETILCISTEINA ) X 1 SOBRE,0.0,5,ADMINISTRACION,2000737,0.0,0.0
2000737,FLUSTEINA 600 (ACETILCISTEINA ) X 1 SOBRE,0.0,5,CARRO DE PARO,2000737,0.0,0.0
2000738,HEPARINA SODICA 5000 UI X 1 FCO AMP 5ML (LASCA),107000.0,5,FARMACIA INTERNA(1),2000738,0.0,5.0
2000738,HEPARINA SODICA 5000 UI X 1 FCO AMP 5ML (LASCA),107000.0,5,URGENCIAS(2),2000738,0.0,0.0
2000738,HEPARINA SODICA 5000 UI X 1 FCO AMP 5ML (LASCA),107000.0,5,INTERNADO(3),2000738,0.0,0.0
2000738,HEPARINA SODICA 5000 UI X 1 FCO AMP 5ML (LASCA),107000.0,5,QUIROFANO(4),2000738,0.0,0.0
2000738,HEPARINA SODICA 5000 UI X 1 FCO AMP 5ML (LASCA),107000.0,5,ADMINISTRACION,2000738,0.0,0.0
2000738,HEPARINA SODICA 5000 UI X 1 FCO AMP 5ML (LASCA),107000.0,5,CARRO DE PARO,2000738,0.0,0.0
2000739,HIERRO SACAROSA 100MG/5ML X 1 AMP (INTERLABO),90000.0,5,FARMACIA INTERNA(1),2000739,0.0,5.0
2000739,HIERRO SACAROSA 100MG/5ML X 1 AMP (INTERLABO),90000.0,5,URGENCIAS(2),2000739,0.0,3.0
2000739,HIERRO SACAROSA 100MG/5ML X 1 AMP (INTERLABO),90000.0,5,INTERNADO(3),2000739,0.0,0.0
2000739,HIERRO SACAROSA 100MG/5ML X 1 AMP (INTERLABO),90000.0,5,QUIROFANO(4),2000739,0.0,0.0
2000739,HIERRO SACAROSA 100MG/5ML X 1 AMP (INTERLABO),90000.0,5,ADMINISTRACION,2000739,0.0,0.0
2000739,HIERRO SACAROSA 100MG/5ML X 1 AMP (INTERLABO),90000.0,5,CARRO DE PARO,2000739,0.0,0.0
2000740,IBUPROFENO 400MG/3ML X 1 AMP IV,0.0,5,FARMACIA INTERNA(1),2000740,0.0,0.0
2000740,IBUPROFENO 400MG/3ML X 1 AMP IV,0.0,5,URGENCIAS(2),2000740,0.0,0.0
2000740,IBUPROFENO 400MG/3ML X 1 AMP IV,0.0,5,INTERNADO(3),2000740,0.0,0.0
2000740,IBUPROFENO 400MG/3ML X 1 AMP IV,0.0,5,QUIROFANO(4),2000740,0.0,0.0
2000740,IBUPROFENO 400MG/3ML X 1 AMP IV,0.0,5,ADMINISTRACION,2000740,0.0,0.0
2000740,IBUPROFENO 400MG/3ML X 1 AMP IV,0.0,5,CARRO DE PARO,2000740,0.0,0.0
2000741,INMUNOGLOBULINA HUMANA 5G X 1 FCO AMP,0.0,5,FARMACIA INTERNA(1),2000741,0.0,0.0
2000741,INMUNOGLOBULINA HUMANA 5G X 1 FCO AMP,0.0,5,URGENCIAS(2),2000741,0.0,0.0
2000741,INMUNOGLOBULINA HUMANA 5G X 1 FCO AMP,0.0,5,INTERNADO(3),2000741,0.0,0.0
2000741,INMUNOGLOBULINA HUMANA 5G X 1 FCO AMP,0.0,5,QUIROFANO(4),2000741,0.0,0.0
2000741,INMUNOGLOBULINA HUMANA 5G X 1 FCO AMP,0.0,5,ADMINISTRACION,2000741,0.0,0.0
2000741,INMUNOGLOBULINA HUMANA 5G X 1 FCO AMP,0.0,5,CARRO DE PARO,2000741,0.0,0.0
2000742,"IODOPOVIDONA JABON 7,5% 1L (DUTRIEC)",160000.0,5,FARMACIA INTERNA(1),2000742,0.0,5.0
2000742,"IODOPOVIDONA JABON 7,5% 1L (DUTRIEC)",160000.0,5,URGENCIAS(2),2000742,0.0,0.0
2000742,"IODOPOVIDONA JABON 7,5% 1L (DUTRIEC)",160000.0,5,INTERNADO(3),2000742,0.0,0.0
2000742,"IODOPOVIDONA JABON 7,5% 1L (DUTRIEC)",160000.0,5,QUIROFANO(4),2000742,0.0,0.0
2000742,"IODOPOVIDONA JABON 7,5% 1L (DUTRIEC)",160000.0,5,ADMINISTRACION,2000742,0.0,0.0
2000742,"IODOPOVIDONA JABON 7,5% 1L (DUTRIEC)",160000.0,5,CARRO DE PARO,2000742,0.0,0.0
2000743,IODOPOVIDONA SOLUCION 1000ML,160000.0,5,FARMACIA INTERNA(1),2000743,0.0,3.0
2000743,IODOPOVIDONA SOLUCION 1000ML,160000.0,5,URGENCIAS(2),2000743,0.0,0.0
2000743,IODOPOVIDONA SOLUCION 1000ML,160000.0,5,INTERNADO(3),2000743,0.0,0.0
2000743,IODOPOVIDONA SOLUCION 1000ML,160000.0,5,QUIROFANO(4),2000743,0.0,0.0
2000743,IODOPOVIDONA SOLUCION 1000ML,160000.0,5,ADMINISTRACION,2000743,0.0,0.0
2000743,IODOPOVIDONA SOLUCION 1000ML,160000.0,5,CARRO DE PARO,2000743,0.0,0.0
2000744,ISOFLURANO (ISOFORINE) 100% X 100ML,373000.0,5,FARMACIA INTERNA(1),2000744,0.0,4.0
2000744,ISOFLURANO (ISOFORINE) 100% X 100ML,373000.0,5,URGENCIAS(2),2000744,0.0,0.0
2000744,ISOFLURANO (ISOFORINE) 100% X 100ML,373000.0,5,INTERNADO(3),2000744,0.0,0.0
2000744,ISOFLURANO (ISOFORINE) 100% X 100ML,373000.0,5,QUIROFANO(4),2000744,0.0,0.0
2000744,ISOFLURANO (ISOFORINE) 100% X 100ML,373000.0,5,ADMINISTRACION,2000744,0.0,0.0
2000744,ISOFLURANO (ISOFORINE) 100% X 100ML,373000.0,5,CARRO DE PARO,2000744,0.0,0.0
2000745,KETAMINA FCO AMP X 1 CC,12900.0,5,FARMACIA INTERNA(1),2000745,0.0,0.0
2000745,KETAMINA FCO AMP X 1 CC,12900.0,5,URGENCIAS(2),2000745,0.0,0.0
2000745,KETAMINA FCO AMP X 1 CC,12900.0,5,INTERNADO(3),2000745,0.0,0.0
2000745,KETAMINA FCO AMP X 1 CC,12900.0,5,QUIROFANO(4),2000745,0.0,0.0
2000745,KETAMINA FCO AMP X 1 CC,12900.0,5,ADMINISTRACION,2000745,0.0,0.0
2000745,KETAMINA FCO AMP X 1 CC,12900.0,5,CARRO DE PARO,2000745,0.0,0.0
2000746,LEVOSUL 25 X 20 COMP,0.0,5,FARMACIA INTERNA(1),2000746,0.0,0.0
2000746,LEVOSUL 25 X 20 COMP,0.0,5,URGENCIAS(2),2000746,0.0,0.0
2000746,LEVOSUL 25 X 20 COMP,0.0,5,INTERNADO(3),2000746,0.0,0.0
2000746,LEVOSUL 25 X 20 COMP,0.0,5,QUIROFANO(4),2000746,0.0,0.0
2000746,LEVOSUL 25 X 20 COMP,0.0,5,ADMINISTRACION,2000746,0.0,0.0
2000746,LEVOSUL 25 X 20 COMP,0.0,5,CARRO DE PARO,2000746,0.0,0.0
2000747,MEDICAMENTO GINECOLOGICO,0.0,5,FARMACIA INTERNA(1),2000747,0.0,0.0
2000747,MEDICAMENTO GINECOLOGICO,0.0,5,URGENCIAS(2),2000747,0.0,0.0
2000747,MEDICAMENTO GINECOLOGICO,0.0,5,INTERNADO(3),2000747,0.0,0.0
2000747,MEDICAMENTO GINECOLOGICO,0.0,5,QUIROFANO(4),2000747,0.0,0.0
2000747,MEDICAMENTO GINECOLOGICO,0.0,5,ADMINISTRACION,2000747,0.0,0.0
2000747,MEDICAMENTO GINECOLOGICO,0.0,5,CARRO DE PARO,2000747,0.0,0.0
2000748,MILRINONA 10MG X 1 AMP,0.0,5,FARMACIA INTERNA(1),2000748,0.0,0.0
2000748,MILRINONA 10MG X 1 AMP,0.0,5,URGENCIAS(2),2000748,0.0,0.0
2000748,MILRINONA 10MG X 1 AMP,0.0,5,INTERNADO(3),2000748,0.0,0.0
2000748,MILRINONA 10MG X 1 AMP,0.0,5,QUIROFANO(4),2000748,0.0,0.0
2000748,MILRINONA 10MG X 1 AMP,0.0,5,ADMINISTRACION,2000748,0.0,0.0
2000748,MILRINONA 10MG X 1 AMP,0.0,5,CARRO DE PARO,2000748,0.0,0.0
2000749,QUIMFADOL (MORFINA CLORHIDRATO) 10MG/1ML,12440.0,5,FARMACIA INTERNA(1),2000749,0.0,4.0
2000749,QUIMFADOL (MORFINA CLORHIDRATO) 10MG/1ML,12440.0,5,URGENCIAS(2),2000749,0.0,0.0
2000749,QUIMFADOL (MORFINA CLORHIDRATO) 10MG/1ML,12440.0,5,INTERNADO(3),2000749,0.0,0.0
2000749,QUIMFADOL (MORFINA CLORHIDRATO) 10MG/1ML,12440.0,5,QUIROFANO(4),2000749,0.0,0.0
2000749,QUIMFADOL (MORFINA CLORHIDRATO) 10MG/1ML,12440.0,5,ADMINISTRACION,2000749,0.0,0.0
2000749,QUIMFADOL (MORFINA CLORHIDRATO) 10MG/1ML,12440.0,5,CARRO DE PARO,2000749,0.0,2.0
2000750,"NALOXONA 0,4MG/1ML AMP",0.0,5,FARMACIA INTERNA(1),2000750,0.0,0.0
2000750,"NALOXONA 0,4MG/1ML AMP",0.0,5,URGENCIAS(2),2000750,0.0,0.0
2000750,"NALOXONA 0,4MG/1ML AMP",0.0,5,INTERNADO(3),2000750,0.0,0.0
2000750,"NALOXONA 0,4MG/1ML AMP",0.0,5,QUIROFANO(4),2000750,0.0,0.0
2000750,"NALOXONA 0,4MG/1ML AMP",0.0,5,ADMINISTRACION,2000750,0.0,0.0
2000750,"NALOXONA 0,4MG/1ML AMP",0.0,5,CARRO DE PARO,2000750,0.0,0.0
2000751,"NEOCAINA 0,50% C/ EPI 5MG X 20ML",29295.0,5,FARMACIA INTERNA(1),2000751,0.0,5.0
2000751,"NEOCAINA 0,50% C/ EPI 5MG X 20ML",29295.0,5,URGENCIAS(2),2000751,0.0,0.0
2000751,"NEOCAINA 0,50% C/ EPI 5MG X 20ML",29295.0,5,INTERNADO(3),2000751,0.0,0.0
2000751,"NEOCAINA 0,50% C/ EPI 5MG X 20ML",29295.0,5,QUIROFANO(4),2000751,0.0,0.0
2000751,"NEOCAINA 0,50% C/ EPI 5MG X 20ML",29295.0,5,ADMINISTRACION,2000751,0.0,0.0
2000751,"NEOCAINA 0,50% C/ EPI 5MG X 20ML",29295.0,5,CARRO DE PARO,2000751,0.0,0.0
2000752,"NEOCAINA 0,50% S/EPI X 20ML",34900.0,5,FARMACIA INTERNA(1),2000752,0.0,5.0
2000752,"NEOCAINA 0,50% S/EPI X 20ML",34900.0,5,URGENCIAS(2),2000752,0.0,0.0
2000752,"NEOCAINA 0,50% S/EPI X 20ML",34900.0,5,INTERNADO(3),2000752,0.0,0.0
2000752,"NEOCAINA 0,50% S/EPI X 20ML",34900.0,5,QUIROFANO(4),2000752,0.0,0.0
2000752,"NEOCAINA 0,50% S/EPI X 20ML",34900.0,5,ADMINISTRACION,2000752,0.0,0.0
2000752,"NEOCAINA 0,50% S/EPI X 20ML",34900.0,5,CARRO DE PARO,2000752,0.0,0.0
2000753,"NEOCAINA 0,75% S/EPI X 1 CC",0.0,5,FARMACIA INTERNA(1),2000753,0.0,0.0
2000753,"NEOCAINA 0,75% S/EPI X 1 CC",0.0,5,URGENCIAS(2),2000753,0.0,0.0
2000753,"NEOCAINA 0,75% S/EPI X 1 CC",0.0,5,INTERNADO(3),2000753,0.0,0.0
2000753,"NEOCAINA 0,75% S/EPI X 1 CC",0.0,5,QUIROFANO(4),2000753,0.0,0.0
2000753,"NEOCAINA 0,75% S/EPI X 1 CC",0.0,5,ADMINISTRACION,2000753,0.0,0.0
2000753,"NEOCAINA 0,75% S/EPI X 1 CC",0.0,5,CARRO DE PARO,2000753,0.0,0.0
2000754,NEOCARB 100MG X 100ML (CARBAMAZEPINA),0.0,5,FARMACIA INTERNA(1),2000754,0.0,0.0
2000754,NEOCARB 100MG X 100ML (CARBAMAZEPINA),0.0,5,URGENCIAS(2),2000754,0.0,0.0
2000754,NEOCARB 100MG X 100ML (CARBAMAZEPINA),0.0,5,INTERNADO(3),2000754,0.0,0.0
2000754,NEOCARB 100MG X 100ML (CARBAMAZEPINA),0.0,5,QUIROFANO(4),2000754,0.0,0.0
2000754,NEOCARB 100MG X 100ML (CARBAMAZEPINA),0.0,5,ADMINISTRACION,2000754,0.0,0.0
2000754,NEOCARB 100MG X 100ML (CARBAMAZEPINA),0.0,5,CARRO DE PARO,2000754,0.0,0.0
2000756,NORIPURUM 100MG/5ML (SACARATO DE HIDROXIDO FERRICO),0.0,5,FARMACIA INTERNA(1),2000756,0.0,0.0
2000756,NORIPURUM 100MG/5ML (SACARATO DE HIDROXIDO FERRICO),0.0,5,URGENCIAS(2),2000756,0.0,0.0
2000756,NORIPURUM 100MG/5ML (SACARATO DE HIDROXIDO FERRICO),0.0,5,INTERNADO(3),2000756,0.0,0.0
2000756,NORIPURUM 100MG/5ML (SACARATO DE HIDROXIDO FERRICO),0.0,5,QUIROFANO(4),2000756,0.0,0.0
2000756,NORIPURUM 100MG/5ML (SACARATO DE HIDROXIDO FERRICO),0.0,5,ADMINISTRACION,2000756,0.0,0.0
2000756,NORIPURUM 100MG/5ML (SACARATO DE HIDROXIDO FERRICO),0.0,5,CARRO DE PARO,2000756,0.0,0.0
2000757,NOVALGINA 500 MG X 10 COMP,10000.0,5,FARMACIA INTERNA(1),2000757,0.0,0.0
2000757,NOVALGINA 500 MG X 10 COMP,10000.0,5,URGENCIAS(2),2000757,0.0,0.0
2000757,NOVALGINA 500 MG X 10 COMP,10000.0,5,INTERNADO(3),2000757,0.0,0.0
2000757,NOVALGINA 500 MG X 10 COMP,10000.0,5,QUIROFANO(4),2000757,0.0,0.0
2000757,NOVALGINA 500 MG X 10 COMP,10000.0,5,ADMINISTRACION,2000757,0.0,0.0
2000757,NOVALGINA 500 MG X 10 COMP,10000.0,5,CARRO DE PARO,2000757,0.0,0.0
2000758,NULYTELY BIS X 2 SOBRES + 2COMP (POLIETILENGLICOL 3350 Y ELECTROLITOS),0.0,5,FARMACIA INTERNA(1),2000758,0.0,0.0
2000758,NULYTELY BIS X 2 SOBRES + 2COMP (POLIETILENGLICOL 3350 Y ELECTROLITOS),0.0,5,URGENCIAS(2),2000758,0.0,0.0
2000758,NULYTELY BIS X 2 SOBRES + 2COMP (POLIETILENGLICOL 3350 Y ELECTROLITOS),0.0,5,INTERNADO(3),2000758,0.0,0.0
2000758,NULYTELY BIS X 2 SOBRES + 2COMP (POLIETILENGLICOL 3350 Y ELECTROLITOS),0.0,5,QUIROFANO(4),2000758,0.0,0.0
2000758,NULYTELY BIS X 2 SOBRES + 2COMP (POLIETILENGLICOL 3350 Y ELECTROLITOS),0.0,5,ADMINISTRACION,2000758,0.0,0.0
2000758,NULYTELY BIS X 2 SOBRES + 2COMP (POLIETILENGLICOL 3350 Y ELECTROLITOS),0.0,5,CARRO DE PARO,2000758,0.0,0.0
2000759,OXACILINA 1 GR DUTRIECT,0.0,5,FARMACIA INTERNA(1),2000759,0.0,0.0
2000759,OXACILINA 1 GR DUTRIECT,0.0,5,URGENCIAS(2),2000759,0.0,0.0
2000759,OXACILINA 1 GR DUTRIECT,0.0,5,INTERNADO(3),2000759,0.0,0.0
2000759,OXACILINA 1 GR DUTRIECT,0.0,5,QUIROFANO(4),2000759,0.0,0.0
2000759,OXACILINA 1 GR DUTRIECT,0.0,5,ADMINISTRACION,2000759,0.0,0.0
2000759,OXACILINA 1 GR DUTRIECT,0.0,5,CARRO DE PARO,2000759,0.0,0.0
2000760,OXITOCINA 5 U.I. X 1 AMP,5000.0,5,FARMACIA INTERNA(1),2000760,0.0,34.0
2000760,OXITOCINA 5 U.I. X 1 AMP,5000.0,5,URGENCIAS(2),2000760,0.0,0.0
2000760,OXITOCINA 5 U.I. X 1 AMP,5000.0,5,INTERNADO(3),2000760,0.0,0.0
2000760,OXITOCINA 5 U.I. X 1 AMP,5000.0,5,QUIROFANO(4),2000760,0.0,0.0
2000760,OXITOCINA 5 U.I. X 1 AMP,5000.0,5,ADMINISTRACION,2000760,0.0,0.0
2000760,OXITOCINA 5 U.I. X 1 AMP,5000.0,5,CARRO DE PARO,2000760,0.0,0.0
2000761,PREBICTAL 50MG X 28 CAPS ( PREGABALINA),0.0,5,FARMACIA INTERNA(1),2000761,0.0,0.0
2000761,PREBICTAL 50MG X 28 CAPS ( PREGABALINA),0.0,5,URGENCIAS(2),2000761,0.0,0.0
2000761,PREBICTAL 50MG X 28 CAPS ( PREGABALINA),0.0,5,INTERNADO(3),2000761,0.0,0.0
2000761,PREBICTAL 50MG X 28 CAPS ( PREGABALINA),0.0,5,QUIROFANO(4),2000761,0.0,0.0
2000761,PREBICTAL 50MG X 28 CAPS ( PREGABALINA),0.0,5,ADMINISTRACION,2000761,0.0,0.0
2000761,PREBICTAL 50MG X 28 CAPS ( PREGABALINA),0.0,5,CARRO DE PARO,2000761,0.0,0.0
2000762,PROPOVAN (PROPOFOL) 10 MG X 20 ML,63000.0,5,FARMACIA INTERNA(1),2000762,0.0,10.0
2000762,PROPOVAN (PROPOFOL) 10 MG X 20 ML,63000.0,5,URGENCIAS(2),2000762,0.0,0.0
2000762,PROPOVAN (PROPOFOL) 10 MG X 20 ML,63000.0,5,INTERNADO(3),2000762,0.0,0.0
2000762,PROPOVAN (PROPOFOL) 10 MG X 20 ML,63000.0,5,QUIROFANO(4),2000762,0.0,0.0
2000762,PROPOVAN (PROPOFOL) 10 MG X 20 ML,63000.0,5,ADMINISTRACION,2000762,0.0,0.0
2000762,PROPOVAN (PROPOFOL) 10 MG X 20 ML,63000.0,5,CARRO DE PARO,2000762,0.0,0.0
2000763,PROTAMINA 1000 X 5 ML (SULFATO DE PROTAMINA),0.0,5,FARMACIA INTERNA(1),2000763,0.0,0.0
2000763,PROTAMINA 1000 X 5 ML (SULFATO DE PROTAMINA),0.0,5,URGENCIAS(2),2000763,0.0,0.0
2000763,PROTAMINA 1000 X 5 ML (SULFATO DE PROTAMINA),0.0,5,INTERNADO(3),2000763,0.0,0.0
2000763,PROTAMINA 1000 X 5 ML (SULFATO DE PROTAMINA),0.0,5,QUIROFANO(4),2000763,0.0,0.0
2000763,PROTAMINA 1000 X 5 ML (SULFATO DE PROTAMINA),0.0,5,ADMINISTRACION,2000763,0.0,0.0
2000763,PROTAMINA 1000 X 5 ML (SULFATO DE PROTAMINA),0.0,5,CARRO DE PARO,2000763,0.0,0.0
2000764,RALETRON (ONDANSETRON 4MG) X 1 AMP 2ML,0.0,5,FARMACIA INTERNA(1),2000764,0.0,0.0
2000764,RALETRON (ONDANSETRON 4MG) X 1 AMP 2ML,0.0,5,URGENCIAS(2),2000764,0.0,0.0
2000764,RALETRON (ONDANSETRON 4MG) X 1 AMP 2ML,0.0,5,INTERNADO(3),2000764,0.0,0.0
2000764,RALETRON (ONDANSETRON 4MG) X 1 AMP 2ML,0.0,5,QUIROFANO(4),2000764,0.0,0.0
2000764,RALETRON (ONDANSETRON 4MG) X 1 AMP 2ML,0.0,5,ADMINISTRACION,2000764,0.0,0.0
2000764,RALETRON (ONDANSETRON 4MG) X 1 AMP 2ML,0.0,5,CARRO DE PARO,2000764,0.0,0.0
2000765,REMIFENTANILO 5MG (QUIMFA),200000.0,5,FARMACIA INTERNA(1),2000765,0.0,4.0
2000765,REMIFENTANILO 5MG (QUIMFA),200000.0,5,URGENCIAS(2),2000765,0.0,0.0
2000765,REMIFENTANILO 5MG (QUIMFA),200000.0,5,INTERNADO(3),2000765,0.0,0.0
2000765,REMIFENTANILO 5MG (QUIMFA),200000.0,5,QUIROFANO(4),2000765,0.0,0.0
2000765,REMIFENTANILO 5MG (QUIMFA),200000.0,5,ADMINISTRACION,2000765,0.0,0.0
2000765,REMIFENTANILO 5MG (QUIMFA),200000.0,5,CARRO DE PARO,2000765,0.0,0.0
2000766,CLORHEXIDINA JABON AL 2% 1LT (RIOHEX),190000.0,5,FARMACIA INTERNA(1),2000766,0.0,3.0
2000766,CLORHEXIDINA JABON AL 2% 1LT (RIOHEX),190000.0,5,URGENCIAS(2),2000766,0.0,0.0
2000766,CLORHEXIDINA JABON AL 2% 1LT (RIOHEX),190000.0,5,INTERNADO(3),2000766,0.0,0.0
2000766,CLORHEXIDINA JABON AL 2% 1LT (RIOHEX),190000.0,5,QUIROFANO(4),2000766,0.0,0.0
2000766,CLORHEXIDINA JABON AL 2% 1LT (RIOHEX),190000.0,5,ADMINISTRACION,2000766,0.0,0.0
2000766,CLORHEXIDINA JABON AL 2% 1LT (RIOHEX),190000.0,5,CARRO DE PARO,2000766,0.0,0.0
2000767,CEFTRIAZ 1GR (CEFTRIAXONA),50000.0,5,FARMACIA INTERNA(1),2000767,0.0,0.0
2000767,CEFTRIAZ 1GR (CEFTRIAXONA),50000.0,5,URGENCIAS(2),2000767,0.0,5.0
2000767,CEFTRIAZ 1GR (CEFTRIAXONA),50000.0,5,INTERNADO(3),2000767,0.0,0.0
2000767,CEFTRIAZ 1GR (CEFTRIAXONA),50000.0,5,QUIROFANO(4),2000767,0.0,0.0
2000767,CEFTRIAZ 1GR (CEFTRIAXONA),50000.0,5,ADMINISTRACION,2000767,0.0,0.0
2000767,CEFTRIAZ 1GR (CEFTRIAXONA),50000.0,5,CARRO DE PARO,2000767,0.0,0.0
2000768,ROPI (ROPIVACAINA) FCO AMP X 20ML,74600.0,5,FARMACIA INTERNA(1),2000768,0.0,9.0
2000768,ROPI (ROPIVACAINA) FCO AMP X 20ML,74600.0,5,URGENCIAS(2),2000768,0.0,0.0
2000768,ROPI (ROPIVACAINA) FCO AMP X 20ML,74600.0,5,INTERNADO(3),2000768,0.0,0.0
2000768,ROPI (ROPIVACAINA) FCO AMP X 20ML,74600.0,5,QUIROFANO(4),2000768,0.0,0.0
2000768,ROPI (ROPIVACAINA) FCO AMP X 20ML,74600.0,5,ADMINISTRACION,2000768,0.0,0.0
2000768,ROPI (ROPIVACAINA) FCO AMP X 20ML,74600.0,5,CARRO DE PARO,2000768,0.0,0.0
2000769,"SANDOSTATIN 0,1MG/ML X 1 AMP",0.0,5,FARMACIA INTERNA(1),2000769,0.0,0.0
2000769,"SANDOSTATIN 0,1MG/ML X 1 AMP",0.0,5,URGENCIAS(2),2000769,0.0,0.0
2000769,"SANDOSTATIN 0,1MG/ML X 1 AMP",0.0,5,INTERNADO(3),2000769,0.0,0.0
2000769,"SANDOSTATIN 0,1MG/ML X 1 AMP",0.0,5,QUIROFANO(4),2000769,0.0,0.0
2000769,"SANDOSTATIN 0,1MG/ML X 1 AMP",0.0,5,ADMINISTRACION,2000769,0.0,0.0
2000769,"SANDOSTATIN 0,1MG/ML X 1 AMP",0.0,5,CARRO DE PARO,2000769,0.0,0.0
2000771,SMOFKABIVEN CENTRAL 1970ML X 2200 KCAL,0.0,5,FARMACIA INTERNA(1),2000771,0.0,0.0
2000771,SMOFKABIVEN CENTRAL 1970ML X 2200 KCAL,0.0,5,URGENCIAS(2),2000771,0.0,0.0
2000771,SMOFKABIVEN CENTRAL 1970ML X 2200 KCAL,0.0,5,INTERNADO(3),2000771,0.0,0.0
2000771,SMOFKABIVEN CENTRAL 1970ML X 2200 KCAL,0.0,5,QUIROFANO(4),2000771,0.0,0.0
2000771,SMOFKABIVEN CENTRAL 1970ML X 2200 KCAL,0.0,5,ADMINISTRACION,2000771,0.0,0.0
2000771,SMOFKABIVEN CENTRAL 1970ML X 2200 KCAL,0.0,5,CARRO DE PARO,2000771,0.0,0.0
2000772,SOL. MANITOL 15% 500ML,0.0,5,FARMACIA INTERNA(1),2000772,0.0,0.0
2000772,SOL. MANITOL 15% 500ML,0.0,5,URGENCIAS(2),2000772,0.0,0.0
2000772,SOL. MANITOL 15% 500ML,0.0,5,INTERNADO(3),2000772,0.0,0.0
2000772,SOL. MANITOL 15% 500ML,0.0,5,QUIROFANO(4),2000772,0.0,0.0
2000772,SOL. MANITOL 15% 500ML,0.0,5,ADMINISTRACION,2000772,0.0,0.0
2000772,SOL. MANITOL 15% 500ML,0.0,5,CARRO DE PARO,2000772,0.0,0.0
2000773,SOL. MANITOL 15% 500ML SANDERSON,0.0,5,FARMACIA INTERNA(1),2000773,0.0,0.0
2000773,SOL. MANITOL 15% 500ML SANDERSON,0.0,5,URGENCIAS(2),2000773,0.0,0.0
2000773,SOL. MANITOL 15% 500ML SANDERSON,0.0,5,INTERNADO(3),2000773,0.0,0.0
2000773,SOL. MANITOL 15% 500ML SANDERSON,0.0,5,QUIROFANO(4),2000773,0.0,0.0
2000773,SOL. MANITOL 15% 500ML SANDERSON,0.0,5,ADMINISTRACION,2000773,0.0,0.0
2000773,SOL. MANITOL 15% 500ML SANDERSON,0.0,5,CARRO DE PARO,2000773,0.0,0.0
2000774,SULFATO DE MAGNESIO 50 % X 20 ML,43253.0,5,FARMACIA INTERNA(1),2000774,0.0,8.0
2000774,SULFATO DE MAGNESIO 50 % X 20 ML,43253.0,5,URGENCIAS(2),2000774,0.0,1.0
2000774,SULFATO DE MAGNESIO 50 % X 20 ML,43253.0,5,INTERNADO(3),2000774,0.0,0.0
2000774,SULFATO DE MAGNESIO 50 % X 20 ML,43253.0,5,QUIROFANO(4),2000774,0.0,0.0
2000774,SULFATO DE MAGNESIO 50 % X 20 ML,43253.0,5,ADMINISTRACION,2000774,0.0,0.0
2000774,SULFATO DE MAGNESIO 50 % X 20 ML,43253.0,5,CARRO DE PARO,2000774,0.0,1.0
2000775,SUPREMO TE DE HIERBAS SURTIDAS (5%),0.0,5,FARMACIA INTERNA(1),2000775,0.0,0.0
2000775,SUPREMO TE DE HIERBAS SURTIDAS (5%),0.0,5,URGENCIAS(2),2000775,0.0,0.0
2000775,SUPREMO TE DE HIERBAS SURTIDAS (5%),0.0,5,INTERNADO(3),2000775,0.0,0.0
2000775,SUPREMO TE DE HIERBAS SURTIDAS (5%),0.0,5,QUIROFANO(4),2000775,0.0,0.0
2000775,SUPREMO TE DE HIERBAS SURTIDAS (5%),0.0,5,ADMINISTRACION,2000775,0.0,0.0
2000775,SUPREMO TE DE HIERBAS SURTIDAS (5%),0.0,5,CARRO DE PARO,2000775,0.0,0.0
2000776,SURFACTANTE PULMONAR X 1 AMP,0.0,5,FARMACIA INTERNA(1),2000776,0.0,0.0
2000776,SURFACTANTE PULMONAR X 1 AMP,0.0,5,URGENCIAS(2),2000776,0.0,0.0
2000776,SURFACTANTE PULMONAR X 1 AMP,0.0,5,INTERNADO(3),2000776,0.0,0.0
2000776,SURFACTANTE PULMONAR X 1 AMP,0.0,5,QUIROFANO(4),2000776,0.0,0.0
2000776,SURFACTANTE PULMONAR X 1 AMP,0.0,5,ADMINISTRACION,2000776,0.0,0.0
2000776,SURFACTANTE PULMONAR X 1 AMP,0.0,5,CARRO DE PARO,2000776,0.0,0.0
2000777,TAFIROL 500 X 10 COMP,0.0,5,FARMACIA INTERNA(1),2000777,0.0,0.0
2000777,TAFIROL 500 X 10 COMP,0.0,5,URGENCIAS(2),2000777,0.0,0.0
2000777,TAFIROL 500 X 10 COMP,0.0,5,INTERNADO(3),2000777,0.0,0.0
2000777,TAFIROL 500 X 10 COMP,0.0,5,QUIROFANO(4),2000777,0.0,0.0
2000777,TAFIROL 500 X 10 COMP,0.0,5,ADMINISTRACION,2000777,0.0,0.0
2000777,TAFIROL 500 X 10 COMP,0.0,5,CARRO DE PARO,2000777,0.0,0.0
2000778,TAUROMIZOL (RANITIDINA) 50MG X 1 AMP,7000.0,5,FARMACIA INTERNA(1),2000778,0.0,15.0
2000778,TAUROMIZOL (RANITIDINA) 50MG X 1 AMP,7000.0,5,URGENCIAS(2),2000778,0.0,0.0
2000778,TAUROMIZOL (RANITIDINA) 50MG X 1 AMP,7000.0,5,INTERNADO(3),2000778,0.0,0.0
2000778,TAUROMIZOL (RANITIDINA) 50MG X 1 AMP,7000.0,5,QUIROFANO(4),2000778,0.0,0.0
2000778,TAUROMIZOL (RANITIDINA) 50MG X 1 AMP,7000.0,5,ADMINISTRACION,2000778,0.0,0.0
2000778,TAUROMIZOL (RANITIDINA) 50MG X 1 AMP,7000.0,5,CARRO DE PARO,2000778,0.0,0.0
2000779,TERMOPIRINA X 1 SUPOSITORIO,6939.0,5,FARMACIA INTERNA(1),2000779,0.0,0.0
2000779,TERMOPIRINA X 1 SUPOSITORIO,6939.0,5,URGENCIAS(2),2000779,0.0,5.0
2000779,TERMOPIRINA X 1 SUPOSITORIO,6939.0,5,INTERNADO(3),2000779,0.0,0.0
2000779,TERMOPIRINA X 1 SUPOSITORIO,6939.0,5,QUIROFANO(4),2000779,0.0,0.0
2000779,TERMOPIRINA X 1 SUPOSITORIO,6939.0,5,ADMINISTRACION,2000779,0.0,0.0
2000779,TERMOPIRINA X 1 SUPOSITORIO,6939.0,5,CARRO DE PARO,2000779,0.0,0.0
2000780,ATRACURIO BESILATO 50MG/5ML INY,46667.0,5,FARMACIA INTERNA(1),2000780,0.0,6.0
2000780,ATRACURIO BESILATO 50MG/5ML INY,46667.0,5,URGENCIAS(2),2000780,0.0,0.0
2000780,ATRACURIO BESILATO 50MG/5ML INY,46667.0,5,INTERNADO(3),2000780,0.0,0.0
2000780,ATRACURIO BESILATO 50MG/5ML INY,46667.0,5,QUIROFANO(4),2000780,0.0,0.0
2000780,ATRACURIO BESILATO 50MG/5ML INY,46667.0,5,ADMINISTRACION,2000780,0.0,0.0
2000780,ATRACURIO BESILATO 50MG/5ML INY,46667.0,5,CARRO DE PARO,2000780,0.0,0.0
2000781,TRAMANOVAG 100MG/2ML X 1 AMP (TRAMADOL),0.0,5,FARMACIA INTERNA(1),2000781,0.0,0.0
2000781,TRAMANOVAG 100MG/2ML X 1 AMP (TRAMADOL),0.0,5,URGENCIAS(2),2000781,0.0,0.0
2000781,TRAMANOVAG 100MG/2ML X 1 AMP (TRAMADOL),0.0,5,INTERNADO(3),2000781,0.0,0.0
2000781,TRAMANOVAG 100MG/2ML X 1 AMP (TRAMADOL),0.0,5,QUIROFANO(4),2000781,0.0,0.0
2000781,TRAMANOVAG 100MG/2ML X 1 AMP (TRAMADOL),0.0,5,ADMINISTRACION,2000781,0.0,0.0
2000781,TRAMANOVAG 100MG/2ML X 1 AMP (TRAMADOL),0.0,5,CARRO DE PARO,2000781,0.0,0.0
2000782,"TRANQUINAL SUBLINGUAL 0,50 MG X 1 COMP",0.0,5,FARMACIA INTERNA(1),2000782,0.0,0.0
2000782,"TRANQUINAL SUBLINGUAL 0,50 MG X 1 COMP",0.0,5,URGENCIAS(2),2000782,0.0,0.0
2000782,"TRANQUINAL SUBLINGUAL 0,50 MG X 1 COMP",0.0,5,INTERNADO(3),2000782,0.0,0.0
2000782,"TRANQUINAL SUBLINGUAL 0,50 MG X 1 COMP",0.0,5,QUIROFANO(4),2000782,0.0,0.0
2000782,"TRANQUINAL SUBLINGUAL 0,50 MG X 1 COMP",0.0,5,ADMINISTRACION,2000782,0.0,0.0
2000782,"TRANQUINAL SUBLINGUAL 0,50 MG X 1 COMP",0.0,5,CARRO DE PARO,2000782,0.0,0.0
2000783,TROMBOFOB GEL 40 GR,0.0,5,FARMACIA INTERNA(1),2000783,0.0,0.0
2000783,TROMBOFOB GEL 40 GR,0.0,5,URGENCIAS(2),2000783,0.0,0.0
2000783,TROMBOFOB GEL 40 GR,0.0,5,INTERNADO(3),2000783,0.0,0.0
2000783,TROMBOFOB GEL 40 GR,0.0,5,QUIROFANO(4),2000783,0.0,0.0
2000783,TROMBOFOB GEL 40 GR,0.0,5,ADMINISTRACION,2000783,0.0,0.0
2000783,TROMBOFOB GEL 40 GR,0.0,5,CARRO DE PARO,2000783,0.0,0.0
2000784,VACUNA ANTITETANICA X 1 AMP,0.0,5,FARMACIA INTERNA(1),2000784,0.0,0.0
2000784,VACUNA ANTITETANICA X 1 AMP,0.0,5,URGENCIAS(2),2000784,0.0,0.0
2000784,VACUNA ANTITETANICA X 1 AMP,0.0,5,INTERNADO(3),2000784,0.0,0.0
2000784,VACUNA ANTITETANICA X 1 AMP,0.0,5,QUIROFANO(4),2000784,0.0,0.0
2000784,VACUNA ANTITETANICA X 1 AMP,0.0,5,ADMINISTRACION,2000784,0.0,0.0
2000784,VACUNA ANTITETANICA X 1 AMP,0.0,5,CARRO DE PARO,2000784,0.0,0.0
2000785,VITAMINA C 5ML X 1 AMP IV,0.0,10,FARMACIA INTERNA(1),2000785,0.0,0.0
2000785,VITAMINA C 5ML X 1 AMP IV,0.0,10,URGENCIAS(2),2000785,0.0,0.0
2000785,VITAMINA C 5ML X 1 AMP IV,0.0,10,INTERNADO(3),2000785,0.0,0.0
2000785,VITAMINA C 5ML X 1 AMP IV,0.0,10,QUIROFANO(4),2000785,0.0,0.0
2000785,VITAMINA C 5ML X 1 AMP IV,0.0,10,ADMINISTRACION,2000785,0.0,0.0
2000785,VITAMINA C 5ML X 1 AMP IV,0.0,10,CARRO DE PARO,2000785,0.0,0.0
2000786,VITAMINA K (FITOMENADIONA) 1MG/1ML X 1 AMP. DUTRIEC IV-IM,7087.0,5,FARMACIA INTERNA(1),2000786,0.0,33.0
2000786,VITAMINA K (FITOMENADIONA) 1MG/1ML X 1 AMP. DUTRIEC IV-IM,7087.0,5,URGENCIAS(2),2000786,0.0,0.0
2000786,VITAMINA K (FITOMENADIONA) 1MG/1ML X 1 AMP. DUTRIEC IV-IM,7087.0,5,INTERNADO(3),2000786,0.0,0.0
2000786,VITAMINA K (FITOMENADIONA) 1MG/1ML X 1 AMP. DUTRIEC IV-IM,7087.0,5,QUIROFANO(4),2000786,0.0,0.0
2000786,VITAMINA K (FITOMENADIONA) 1MG/1ML X 1 AMP. DUTRIEC IV-IM,7087.0,5,ADMINISTRACION,2000786,0.0,0.0
2000786,VITAMINA K (FITOMENADIONA) 1MG/1ML X 1 AMP. DUTRIEC IV-IM,7087.0,5,CARRO DE PARO,2000786,0.0,0.0
2000787,XYLESTESIN 10% SPRAY 50ML,0.0,10,FARMACIA INTERNA(1),2000787,0.0,0.0
2000787,XYLESTESIN 10% SPRAY 50ML,0.0,10,URGENCIAS(2),2000787,0.0,0.0
2000787,XYLESTESIN 10% SPRAY 50ML,0.0,10,INTERNADO(3),2000787,0.0,0.0
2000787,XYLESTESIN 10% SPRAY 50ML,0.0,10,QUIROFANO(4),2000787,0.0,0.0
2000787,XYLESTESIN 10% SPRAY 50ML,0.0,10,ADMINISTRACION,2000787,0.0,0.0
2000787,XYLESTESIN 10% SPRAY 50ML,0.0,10,CARRO DE PARO,2000787,0.0,0.0
2000788,XYLESTESIN 2% C/E X 1CC,0.0,5,FARMACIA INTERNA(1),2000788,0.0,0.0
2000788,XYLESTESIN 2% C/E X 1CC,0.0,5,URGENCIAS(2),2000788,0.0,0.0
2000788,XYLESTESIN 2% C/E X 1CC,0.0,5,INTERNADO(3),2000788,0.0,0.0
2000788,XYLESTESIN 2% C/E X 1CC,0.0,5,QUIROFANO(4),2000788,0.0,0.0
2000788,XYLESTESIN 2% C/E X 1CC,0.0,5,ADMINISTRACION,2000788,0.0,0.0
2000788,XYLESTESIN 2% C/E X 1CC,0.0,5,CARRO DE PARO,2000788,0.0,0.0
2000789,ZATIFEN GRIP X 5 CAPS.BLANDAS,0.0,5,FARMACIA INTERNA(1),2000789,0.0,0.0
2000789,ZATIFEN GRIP X 5 CAPS.BLANDAS,0.0,5,URGENCIAS(2),2000789,0.0,0.0
2000789,ZATIFEN GRIP X 5 CAPS.BLANDAS,0.0,5,INTERNADO(3),2000789,0.0,0.0
2000789,ZATIFEN GRIP X 5 CAPS.BLANDAS,0.0,5,QUIROFANO(4),2000789,0.0,0.0
2000789,ZATIFEN GRIP X 5 CAPS.BLANDAS,0.0,5,ADMINISTRACION,2000789,0.0,0.0
2000789,ZATIFEN GRIP X 5 CAPS.BLANDAS,0.0,5,CARRO DE PARO,2000789,0.0,0.0
2000790,ZEBRON 30MG/2ML X 1 AMP,0.0,5,FARMACIA INTERNA(1),2000790,0.0,0.0
2000790,ZEBRON 30MG/2ML X 1 AMP,0.0,5,URGENCIAS(2),2000790,0.0,0.0
2000790,ZEBRON 30MG/2ML X 1 AMP,0.0,5,INTERNADO(3),2000790,0.0,0.0
2000790,ZEBRON 30MG/2ML X 1 AMP,0.0,5,QUIROFANO(4),2000790,0.0,0.0
2000790,ZEBRON 30MG/2ML X 1 AMP,0.0,5,ADMINISTRACION,2000790,0.0,0.0
2000790,ZEBRON 30MG/2ML X 1 AMP,0.0,5,CARRO DE PARO,2000790,0.0,0.0
2000791,LUCOFEN 1GR (CEFTRIAXONA) INY PVO + DOBLE SOLV.,65250.0,5,FARMACIA INTERNA(1),2000791,0.0,0.0
2000791,LUCOFEN 1GR (CEFTRIAXONA) INY PVO + DOBLE SOLV.,65250.0,5,URGENCIAS(2),2000791,0.0,3.0
2000791,LUCOFEN 1GR (CEFTRIAXONA) INY PVO + DOBLE SOLV.,65250.0,5,INTERNADO(3),2000791,0.0,0.0
2000791,LUCOFEN 1GR (CEFTRIAXONA) INY PVO + DOBLE SOLV.,65250.0,5,QUIROFANO(4),2000791,0.0,0.0
2000791,LUCOFEN 1GR (CEFTRIAXONA) INY PVO + DOBLE SOLV.,65250.0,5,ADMINISTRACION,2000791,0.0,0.0
2000791,LUCOFEN 1GR (CEFTRIAXONA) INY PVO + DOBLE SOLV.,65250.0,5,CARRO DE PARO,2000791,0.0,0.0
2000792,LEVOMIN COMPLEX FRASCO + AMP,34438.0,5,FARMACIA INTERNA(1),2000792,0.0,14.0
2000792,LEVOMIN COMPLEX FRASCO + AMP,34438.0,5,URGENCIAS(2),2000792,0.0,2.0
2000792,LEVOMIN COMPLEX FRASCO + AMP,34438.0,5,INTERNADO(3),2000792,0.0,0.0
2000792,LEVOMIN COMPLEX FRASCO + AMP,34438.0,5,QUIROFANO(4),2000792,0.0,0.0
2000792,LEVOMIN COMPLEX FRASCO + AMP,34438.0,5,ADMINISTRACION,2000792,0.0,0.0
2000792,LEVOMIN COMPLEX FRASCO + AMP,34438.0,5,CARRO DE PARO,2000792,0.0,0.0
2000793,CIPROFLOXACINA 200 (LUKADIN) INY FCO X 100ML,96725.0,5,FARMACIA INTERNA(1),2000793,0.0,0.0
2000793,CIPROFLOXACINA 200 (LUKADIN) INY FCO X 100ML,96725.0,5,URGENCIAS(2),2000793,0.0,1.0
2000793,CIPROFLOXACINA 200 (LUKADIN) INY FCO X 100ML,96725.0,5,INTERNADO(3),2000793,0.0,0.0
2000793,CIPROFLOXACINA 200 (LUKADIN) INY FCO X 100ML,96725.0,5,QUIROFANO(4),2000793,0.0,0.0
2000793,CIPROFLOXACINA 200 (LUKADIN) INY FCO X 100ML,96725.0,5,ADMINISTRACION,2000793,0.0,0.0
2000793,CIPROFLOXACINA 200 (LUKADIN) INY FCO X 100ML,96725.0,5,CARRO DE PARO,2000793,0.0,0.0
2000794,SOLAX X 1 AMP INYECT 2ML (FUROSEMIDA),5501.0,5,FARMACIA INTERNA(1),2000794,0.0,15.0
2000794,SOLAX X 1 AMP INYECT 2ML (FUROSEMIDA),5501.0,5,URGENCIAS(2),2000794,0.0,26.0
2000794,SOLAX X 1 AMP INYECT 2ML (FUROSEMIDA),5501.0,5,INTERNADO(3),2000794,0.0,0.0
2000794,SOLAX X 1 AMP INYECT 2ML (FUROSEMIDA),5501.0,5,QUIROFANO(4),2000794,0.0,0.0
2000794,SOLAX X 1 AMP INYECT 2ML (FUROSEMIDA),5501.0,5,ADMINISTRACION,2000794,0.0,0.0
2000794,SOLAX X 1 AMP INYECT 2ML (FUROSEMIDA),5501.0,5,CARRO DE PARO,2000794,0.0,10.0
2000795,OMEPRASEC 40 (OMEPRAZOL 40MG),142000.0,5,FARMACIA INTERNA(1),2000795,0.0,0.0
2000795,OMEPRASEC 40 (OMEPRAZOL 40MG),142000.0,5,URGENCIAS(2),2000795,0.0,0.0
2000795,OMEPRASEC 40 (OMEPRAZOL 40MG),142000.0,5,INTERNADO(3),2000795,0.0,0.0
2000795,OMEPRASEC 40 (OMEPRAZOL 40MG),142000.0,5,QUIROFANO(4),2000795,0.0,0.0
2000795,OMEPRASEC 40 (OMEPRAZOL 40MG),142000.0,5,ADMINISTRACION,2000795,0.0,0.0
2000795,OMEPRASEC 40 (OMEPRAZOL 40MG),142000.0,5,CARRO DE PARO,2000795,0.0,0.0
2000796,EGASTAL 4 (ONDANSENTRON 4MG) X 1 AMP 2ML,40000.0,5,FARMACIA INTERNA(1),2000796,0.0,0.0
2000796,EGASTAL 4 (ONDANSENTRON 4MG) X 1 AMP 2ML,40000.0,5,URGENCIAS(2),2000796,0.0,0.0
2000796,EGASTAL 4 (ONDANSENTRON 4MG) X 1 AMP 2ML,40000.0,5,INTERNADO(3),2000796,0.0,0.0
2000796,EGASTAL 4 (ONDANSENTRON 4MG) X 1 AMP 2ML,40000.0,5,QUIROFANO(4),2000796,0.0,0.0
2000796,EGASTAL 4 (ONDANSENTRON 4MG) X 1 AMP 2ML,40000.0,5,ADMINISTRACION,2000796,0.0,0.0
2000796,EGASTAL 4 (ONDANSENTRON 4MG) X 1 AMP 2ML,40000.0,5,CARRO DE PARO,2000796,0.0,0.0
2000797,INDUCORT (DEXAMETASONA 8MG) X 1 AMP 2ML,26000.0,5,FARMACIA INTERNA(1),2000797,0.0,0.0
2000797,INDUCORT (DEXAMETASONA 8MG) X 1 AMP 2ML,26000.0,5,URGENCIAS(2),2000797,0.0,1.0
2000797,INDUCORT (DEXAMETASONA 8MG) X 1 AMP 2ML,26000.0,5,INTERNADO(3),2000797,0.0,0.0
2000797,INDUCORT (DEXAMETASONA 8MG) X 1 AMP 2ML,26000.0,5,QUIROFANO(4),2000797,0.0,0.0
2000797,INDUCORT (DEXAMETASONA 8MG) X 1 AMP 2ML,26000.0,5,ADMINISTRACION,2000797,0.0,0.0
2000797,INDUCORT (DEXAMETASONA 8MG) X 1 AMP 2ML,26000.0,5,CARRO DE PARO,2000797,0.0,0.0
2000798,ONDATRON 8 (ONDANSETRON 8MG) X 1 AMP 4ML,75414.0,5,FARMACIA INTERNA(1),2000798,0.0,56.0
2000798,ONDATRON 8 (ONDANSETRON 8MG) X 1 AMP 4ML,75414.0,5,URGENCIAS(2),2000798,0.0,3.0
2000798,ONDATRON 8 (ONDANSETRON 8MG) X 1 AMP 4ML,75414.0,5,INTERNADO(3),2000798,0.0,0.0
2000798,ONDATRON 8 (ONDANSETRON 8MG) X 1 AMP 4ML,75414.0,5,QUIROFANO(4),2000798,0.0,0.0
2000798,ONDATRON 8 (ONDANSETRON 8MG) X 1 AMP 4ML,75414.0,5,ADMINISTRACION,2000798,0.0,0.0
2000798,ONDATRON 8 (ONDANSETRON 8MG) X 1 AMP 4ML,75414.0,5,CARRO DE PARO,2000798,0.0,0.0
2000799,ONDATRON 4 (ONDANSETRON 4MG) X 1 AMP 2ML,34250.0,5,FARMACIA INTERNA(1),2000799,0.0,31.0
2000799,ONDATRON 4 (ONDANSETRON 4MG) X 1 AMP 2ML,34250.0,5,URGENCIAS(2),2000799,0.0,12.0
2000799,ONDATRON 4 (ONDANSETRON 4MG) X 1 AMP 2ML,34250.0,5,INTERNADO(3),2000799,0.0,0.0
2000799,ONDATRON 4 (ONDANSETRON 4MG) X 1 AMP 2ML,34250.0,5,QUIROFANO(4),2000799,0.0,0.0
2000799,ONDATRON 4 (ONDANSETRON 4MG) X 1 AMP 2ML,34250.0,5,ADMINISTRACION,2000799,0.0,0.0
2000799,ONDATRON 4 (ONDANSETRON 4MG) X 1 AMP 2ML,34250.0,5,CARRO DE PARO,2000799,0.0,0.0
2000800,BIO CEFALIN (CEFOTAXIMA 1G),46615.0,5,FARMACIA INTERNA(1),2000800,0.0,20.0
2000800,BIO CEFALIN (CEFOTAXIMA 1G),46615.0,5,URGENCIAS(2),2000800,0.0,3.0
2000800,BIO CEFALIN (CEFOTAXIMA 1G),46615.0,5,INTERNADO(3),2000800,0.0,0.0
2000800,BIO CEFALIN (CEFOTAXIMA 1G),46615.0,5,QUIROFANO(4),2000800,0.0,0.0
2000800,BIO CEFALIN (CEFOTAXIMA 1G),46615.0,5,ADMINISTRACION,2000800,0.0,0.0
2000800,BIO CEFALIN (CEFOTAXIMA 1G),46615.0,5,CARRO DE PARO,2000800,0.0,0.0
2000801,CEFRAZOL (CEFAZOLINA 1G),33582.0,5,FARMACIA INTERNA(1),2000801,0.0,1.0
2000801,CEFRAZOL (CEFAZOLINA 1G),33582.0,5,URGENCIAS(2),2000801,0.0,6.0
2000801,CEFRAZOL (CEFAZOLINA 1G),33582.0,5,INTERNADO(3),2000801,0.0,0.0
2000801,CEFRAZOL (CEFAZOLINA 1G),33582.0,5,QUIROFANO(4),2000801,0.0,0.0
2000801,CEFRAZOL (CEFAZOLINA 1G),33582.0,5,ADMINISTRACION,2000801,0.0,0.0
2000801,CEFRAZOL (CEFAZOLINA 1G),33582.0,5,CARRO DE PARO,2000801,0.0,0.0
2000802,MEDAZOL (METRONIDAZOL 500MG),71500.0,5,FARMACIA INTERNA(1),2000802,0.0,0.0
2000802,MEDAZOL (METRONIDAZOL 500MG),71500.0,5,URGENCIAS(2),2000802,0.0,2.0
2000802,MEDAZOL (METRONIDAZOL 500MG),71500.0,5,INTERNADO(3),2000802,0.0,0.0
2000802,MEDAZOL (METRONIDAZOL 500MG),71500.0,5,QUIROFANO(4),2000802,0.0,0.0
2000802,MEDAZOL (METRONIDAZOL 500MG),71500.0,5,ADMINISTRACION,2000802,0.0,0.0
2000802,MEDAZOL (METRONIDAZOL 500MG),71500.0,5,CARRO DE PARO,2000802,0.0,0.0
2000803,VINIL DICLOFEN 75MG X 1 AMP (DICLOFENAC SODICO),6667.0,5,FARMACIA INTERNA(1),2000803,0.0,0.0
2000803,VINIL DICLOFEN 75MG X 1 AMP (DICLOFENAC SODICO),6667.0,5,URGENCIAS(2),2000803,0.0,0.0
2000803,VINIL DICLOFEN 75MG X 1 AMP (DICLOFENAC SODICO),6667.0,5,INTERNADO(3),2000803,0.0,0.0
2000803,VINIL DICLOFEN 75MG X 1 AMP (DICLOFENAC SODICO),6667.0,5,QUIROFANO(4),2000803,0.0,0.0
2000803,VINIL DICLOFEN 75MG X 1 AMP (DICLOFENAC SODICO),6667.0,5,ADMINISTRACION,2000803,0.0,0.0
2000803,VINIL DICLOFEN 75MG X 1 AMP (DICLOFENAC SODICO),6667.0,5,CARRO DE PARO,2000803,0.0,0.0
2000804,ZONAC 500 (HIDROCORTISONA 500MG),55000.0,5,FARMACIA INTERNA(1),2000804,0.0,0.0
2000804,ZONAC 500 (HIDROCORTISONA 500MG),55000.0,5,URGENCIAS(2),2000804,0.0,0.0
2000804,ZONAC 500 (HIDROCORTISONA 500MG),55000.0,5,INTERNADO(3),2000804,0.0,0.0
2000804,ZONAC 500 (HIDROCORTISONA 500MG),55000.0,5,QUIROFANO(4),2000804,0.0,0.0
2000804,ZONAC 500 (HIDROCORTISONA 500MG),55000.0,5,ADMINISTRACION,2000804,0.0,0.0
2000804,ZONAC 500 (HIDROCORTISONA 500MG),55000.0,5,CARRO DE PARO,2000804,0.0,3.0
2000805,CLORURO DE POTASIO 3M SOL. INY.,11840.0,5,FARMACIA INTERNA(1),2000805,0.0,24.0
2000805,CLORURO DE POTASIO 3M SOL. INY.,11840.0,5,URGENCIAS(2),2000805,0.0,10.0
2000805,CLORURO DE POTASIO 3M SOL. INY.,11840.0,5,INTERNADO(3),2000805,0.0,0.0
2000805,CLORURO DE POTASIO 3M SOL. INY.,11840.0,5,QUIROFANO(4),2000805,0.0,0.0
2000805,CLORURO DE POTASIO 3M SOL. INY.,11840.0,5,ADMINISTRACION,2000805,0.0,0.0
2000805,CLORURO DE POTASIO 3M SOL. INY.,11840.0,5,CARRO DE PARO,2000805,0.0,5.0
2000806,SILIMAR 3M (CLORURO DE SODIO) SOL INYC,9590.0,5,FARMACIA INTERNA(1),2000806,0.0,0.0
2000806,SILIMAR 3M (CLORURO DE SODIO) SOL INYC,9590.0,5,URGENCIAS(2),2000806,0.0,0.0
2000806,SILIMAR 3M (CLORURO DE SODIO) SOL INYC,9590.0,5,INTERNADO(3),2000806,0.0,0.0
2000806,SILIMAR 3M (CLORURO DE SODIO) SOL INYC,9590.0,5,QUIROFANO(4),2000806,0.0,0.0
2000806,SILIMAR 3M (CLORURO DE SODIO) SOL INYC,9590.0,5,ADMINISTRACION,2000806,0.0,0.0
2000806,SILIMAR 3M (CLORURO DE SODIO) SOL INYC,9590.0,5,CARRO DE PARO,2000806,0.0,5.0
2000808,ALGYOSAN (METAMIZOL 1G) SOL INYC 2ML,6850.0,5,FARMACIA INTERNA(1),2000808,0.0,20.0
2000808,ALGYOSAN (METAMIZOL 1G) SOL INYC 2ML,6850.0,5,URGENCIAS(2),2000808,0.0,0.0
2000808,ALGYOSAN (METAMIZOL 1G) SOL INYC 2ML,6850.0,5,INTERNADO(3),2000808,0.0,0.0
2000808,ALGYOSAN (METAMIZOL 1G) SOL INYC 2ML,6850.0,5,QUIROFANO(4),2000808,0.0,0.0
2000808,ALGYOSAN (METAMIZOL 1G) SOL INYC 2ML,6850.0,5,ADMINISTRACION,2000808,0.0,0.0
2000808,ALGYOSAN (METAMIZOL 1G) SOL INYC 2ML,6850.0,5,CARRO DE PARO,2000808,0.0,0.0
2000809,LIDOCAINA CLORHIDRATADO 2% AMP 20ML (LASCA),27877.0,5,FARMACIA INTERNA(1),2000809,0.0,4.0
2000809,LIDOCAINA CLORHIDRATADO 2% AMP 20ML (LASCA),27877.0,5,URGENCIAS(2),2000809,0.0,5.0
2000809,LIDOCAINA CLORHIDRATADO 2% AMP 20ML (LASCA),27877.0,5,INTERNADO(3),2000809,0.0,0.0
2000809,LIDOCAINA CLORHIDRATADO 2% AMP 20ML (LASCA),27877.0,5,QUIROFANO(4),2000809,0.0,0.0
2000809,LIDOCAINA CLORHIDRATADO 2% AMP 20ML (LASCA),27877.0,5,ADMINISTRACION,2000809,0.0,0.0
2000809,LIDOCAINA CLORHIDRATADO 2% AMP 20ML (LASCA),27877.0,5,CARRO DE PARO,2000809,0.0,1.0
2000810,"LIDOCAINA 1% 3,5ML (SOL INYC)",0.0,5,FARMACIA INTERNA(1),2000810,0.0,0.0
2000810,"LIDOCAINA 1% 3,5ML (SOL INYC)",0.0,5,URGENCIAS(2),2000810,0.0,0.0
2000810,"LIDOCAINA 1% 3,5ML (SOL INYC)",0.0,5,INTERNADO(3),2000810,0.0,0.0
2000810,"LIDOCAINA 1% 3,5ML (SOL INYC)",0.0,5,QUIROFANO(4),2000810,0.0,0.0
2000810,"LIDOCAINA 1% 3,5ML (SOL INYC)",0.0,5,ADMINISTRACION,2000810,0.0,0.0
2000810,"LIDOCAINA 1% 3,5ML (SOL INYC)",0.0,5,CARRO DE PARO,2000810,0.0,0.0
2000811,ACETAMOL (PARACETAMOL FR 100ML) PHARMETICA,80000.0,5,FARMACIA INTERNA(1),2000811,0.0,13.0
2000811,ACETAMOL (PARACETAMOL FR 100ML) PHARMETICA,80000.0,5,URGENCIAS(2),2000811,0.0,8.0
2000811,ACETAMOL (PARACETAMOL FR 100ML) PHARMETICA,80000.0,5,INTERNADO(3),2000811,0.0,0.0
2000811,ACETAMOL (PARACETAMOL FR 100ML) PHARMETICA,80000.0,5,QUIROFANO(4),2000811,0.0,0.0
2000811,ACETAMOL (PARACETAMOL FR 100ML) PHARMETICA,80000.0,5,ADMINISTRACION,2000811,0.0,0.0
2000811,ACETAMOL (PARACETAMOL FR 100ML) PHARMETICA,80000.0,5,CARRO DE PARO,2000811,0.0,0.0
2000812,CESALGIN (TRAMADOL CLORHIDRATO) 100MG/2ML,25000.0,5,FARMACIA INTERNA(1),2000812,0.0,8.0
2000812,CESALGIN (TRAMADOL CLORHIDRATO) 100MG/2ML,25000.0,5,URGENCIAS(2),2000812,0.0,3.0
2000812,CESALGIN (TRAMADOL CLORHIDRATO) 100MG/2ML,25000.0,5,INTERNADO(3),2000812,0.0,0.0
2000812,CESALGIN (TRAMADOL CLORHIDRATO) 100MG/2ML,25000.0,5,QUIROFANO(4),2000812,0.0,0.0
2000812,CESALGIN (TRAMADOL CLORHIDRATO) 100MG/2ML,25000.0,5,ADMINISTRACION,2000812,0.0,0.0
2000812,CESALGIN (TRAMADOL CLORHIDRATO) 100MG/2ML,25000.0,5,CARRO DE PARO,2000812,0.0,0.0
2000813,DOBUTAMINA 250MG X 1 AMP 5ML (BIOSANO),43062.0,5,FARMACIA INTERNA(1),2000813,0.0,20.0
2000813,DOBUTAMINA 250MG X 1 AMP 5ML (BIOSANO),43062.0,5,URGENCIAS(2),2000813,0.0,0.0
2000813,DOBUTAMINA 250MG X 1 AMP 5ML (BIOSANO),43062.0,5,INTERNADO(3),2000813,0.0,0.0
2000813,DOBUTAMINA 250MG X 1 AMP 5ML (BIOSANO),43062.0,5,QUIROFANO(4),2000813,0.0,0.0
2000813,DOBUTAMINA 250MG X 1 AMP 5ML (BIOSANO),43062.0,5,ADMINISTRACION,2000813,0.0,0.0
2000813,DOBUTAMINA 250MG X 1 AMP 5ML (BIOSANO),43062.0,5,CARRO DE PARO,2000813,0.0,5.0
2000815,TORALGIN 60(KETOROLAC TROMETAINA) 2ML,31050.0,5,FARMACIA INTERNA(1),2000815,0.0,0.0
2000815,TORALGIN 60(KETOROLAC TROMETAINA) 2ML,31050.0,5,URGENCIAS(2),2000815,0.0,0.0
2000815,TORALGIN 60(KETOROLAC TROMETAINA) 2ML,31050.0,5,INTERNADO(3),2000815,0.0,0.0
2000815,TORALGIN 60(KETOROLAC TROMETAINA) 2ML,31050.0,5,QUIROFANO(4),2000815,0.0,0.0
2000815,TORALGIN 60(KETOROLAC TROMETAINA) 2ML,31050.0,5,ADMINISTRACION,2000815,0.0,0.0
2000815,TORALGIN 60(KETOROLAC TROMETAINA) 2ML,31050.0,5,CARRO DE PARO,2000815,0.0,0.0
2000816,"ARDILAN (ENALAPRILATO) 2,5MG",52800.0,5,FARMACIA INTERNA(1),2000816,0.0,4.0
2000816,"ARDILAN (ENALAPRILATO) 2,5MG",52800.0,5,URGENCIAS(2),2000816,0.0,9.0
2000816,"ARDILAN (ENALAPRILATO) 2,5MG",52800.0,5,INTERNADO(3),2000816,0.0,0.0
2000816,"ARDILAN (ENALAPRILATO) 2,5MG",52800.0,5,QUIROFANO(4),2000816,0.0,0.0
2000816,"ARDILAN (ENALAPRILATO) 2,5MG",52800.0,5,ADMINISTRACION,2000816,0.0,0.0
2000816,"ARDILAN (ENALAPRILATO) 2,5MG",52800.0,5,CARRO DE PARO,2000816,0.0,0.0
2000817,RESPIRAN GTS (SALBUTAMOL 5MG) 15ML,31750.0,5,FARMACIA INTERNA(1),2000817,0.0,0.0
2000817,RESPIRAN GTS (SALBUTAMOL 5MG) 15ML,31750.0,5,URGENCIAS(2),2000817,0.0,7.0
2000817,RESPIRAN GTS (SALBUTAMOL 5MG) 15ML,31750.0,5,INTERNADO(3),2000817,0.0,0.0
2000817,RESPIRAN GTS (SALBUTAMOL 5MG) 15ML,31750.0,5,QUIROFANO(4),2000817,0.0,0.0
2000817,RESPIRAN GTS (SALBUTAMOL 5MG) 15ML,31750.0,5,ADMINISTRACION,2000817,0.0,0.0
2000817,RESPIRAN GTS (SALBUTAMOL 5MG) 15ML,31750.0,5,CARRO DE PARO,2000817,0.0,0.0
2000818,EGASTAL 8 (ONDANSETRON 8MG) X 1 AMP 4ML,75200.0,5,FARMACIA INTERNA(1),2000818,0.0,0.0
2000818,EGASTAL 8 (ONDANSETRON 8MG) X 1 AMP 4ML,75200.0,5,URGENCIAS(2),2000818,0.0,0.0
2000818,EGASTAL 8 (ONDANSETRON 8MG) X 1 AMP 4ML,75200.0,5,INTERNADO(3),2000818,0.0,0.0
2000818,EGASTAL 8 (ONDANSETRON 8MG) X 1 AMP 4ML,75200.0,5,QUIROFANO(4),2000818,0.0,0.0
2000818,EGASTAL 8 (ONDANSETRON 8MG) X 1 AMP 4ML,75200.0,5,ADMINISTRACION,2000818,0.0,0.0
2000818,EGASTAL 8 (ONDANSETRON 8MG) X 1 AMP 4ML,75200.0,5,CARRO DE PARO,2000818,0.0,0.0
2000819,"PRINOSIL (FENTANILO) 0,05MG/2ML",14700.0,5,FARMACIA INTERNA(1),2000819,0.0,0.0
2000819,"PRINOSIL (FENTANILO) 0,05MG/2ML",14700.0,5,URGENCIAS(2),2000819,0.0,0.0
2000819,"PRINOSIL (FENTANILO) 0,05MG/2ML",14700.0,5,INTERNADO(3),2000819,0.0,0.0
2000819,"PRINOSIL (FENTANILO) 0,05MG/2ML",14700.0,5,QUIROFANO(4),2000819,0.0,0.0
2000819,"PRINOSIL (FENTANILO) 0,05MG/2ML",14700.0,5,ADMINISTRACION,2000819,0.0,0.0
2000819,"PRINOSIL (FENTANILO) 0,05MG/2ML",14700.0,5,CARRO DE PARO,2000819,0.0,0.0
2000820,,0.0,5,FARMACIA INTERNA(1),2000820,0.0,0.0
2000820,,0.0,5,URGENCIAS(2),2000820,0.0,0.0
2000820,,0.0,5,INTERNADO(3),2000820,0.0,0.0
2000820,,0.0,5,QUIROFANO(4),2000820,0.0,0.0
2000820,,0.0,5,ADMINISTRACION,2000820,0.0,0.0
2000820,,0.0,5,CARRO DE PARO,2000820,0.0,0.0
2000821,KETAMIN X 10ML (KETAMINA),69856.0,5,FARMACIA INTERNA(1),2000821,0.0,7.0
2000821,KETAMIN X 10ML (KETAMINA),69856.0,5,URGENCIAS(2),2000821,0.0,0.0
2000821,KETAMIN X 10ML (KETAMINA),69856.0,5,INTERNADO(3),2000821,0.0,0.0
2000821,KETAMIN X 10ML (KETAMINA),69856.0,5,QUIROFANO(4),2000821,0.0,0.0
2000821,KETAMIN X 10ML (KETAMINA),69856.0,5,ADMINISTRACION,2000821,0.0,0.0
2000821,KETAMIN X 10ML (KETAMINA),69856.0,5,CARRO DE PARO,2000821,0.0,3.0
2000822,BIOCORT 10 (CLORFENIRAMINA MALEATO) 10MG/ML,12000.0,5,FARMACIA INTERNA(1),2000822,0.0,7.0
2000822,BIOCORT 10 (CLORFENIRAMINA MALEATO) 10MG/ML,12000.0,5,URGENCIAS(2),2000822,0.0,0.0
2000822,BIOCORT 10 (CLORFENIRAMINA MALEATO) 10MG/ML,12000.0,5,INTERNADO(3),2000822,0.0,0.0
2000822,BIOCORT 10 (CLORFENIRAMINA MALEATO) 10MG/ML,12000.0,5,QUIROFANO(4),2000822,0.0,0.0
2000822,BIOCORT 10 (CLORFENIRAMINA MALEATO) 10MG/ML,12000.0,5,ADMINISTRACION,2000822,0.0,0.0
2000822,BIOCORT 10 (CLORFENIRAMINA MALEATO) 10MG/ML,12000.0,5,CARRO DE PARO,2000822,0.0,4.0
2000823,INSULINA HUMANA ISOFANA N 10ML (HUMULIN),165950.0,5,FARMACIA INTERNA(1),2000823,0.0,0.0
2000823,INSULINA HUMANA ISOFANA N 10ML (HUMULIN),165950.0,5,URGENCIAS(2),2000823,0.0,1.0
2000823,INSULINA HUMANA ISOFANA N 10ML (HUMULIN),165950.0,5,INTERNADO(3),2000823,0.0,0.0
2000823,INSULINA HUMANA ISOFANA N 10ML (HUMULIN),165950.0,5,QUIROFANO(4),2000823,0.0,0.0
2000823,INSULINA HUMANA ISOFANA N 10ML (HUMULIN),165950.0,5,ADMINISTRACION,2000823,0.0,0.0
2000823,INSULINA HUMANA ISOFANA N 10ML (HUMULIN),165950.0,5,CARRO DE PARO,2000823,0.0,0.0
2000824,INSULINA HUMANA R 10ML (HUMULIN),165900.0,5,FARMACIA INTERNA(1),2000824,0.0,1.0
2000824,INSULINA HUMANA R 10ML (HUMULIN),165900.0,5,URGENCIAS(2),2000824,0.0,0.0
2000824,INSULINA HUMANA R 10ML (HUMULIN),165900.0,5,INTERNADO(3),2000824,0.0,0.0
2000824,INSULINA HUMANA R 10ML (HUMULIN),165900.0,5,QUIROFANO(4),2000824,0.0,0.0
2000824,INSULINA HUMANA R 10ML (HUMULIN),165900.0,5,ADMINISTRACION,2000824,0.0,0.0
2000824,INSULINA HUMANA R 10ML (HUMULIN),165900.0,5,CARRO DE PARO,2000824,0.0,0.0
2000825,SUSPENSION INYECTABLE INSULINA HUMANA X 1 (HUMULIN),76000.0,5,FARMACIA INTERNA(1),2000825,0.0,4.0
2000825,SUSPENSION INYECTABLE INSULINA HUMANA X 1 (HUMULIN),76000.0,5,URGENCIAS(2),2000825,0.0,1.0
2000825,SUSPENSION INYECTABLE INSULINA HUMANA X 1 (HUMULIN),76000.0,5,INTERNADO(3),2000825,0.0,0.0
2000825,SUSPENSION INYECTABLE INSULINA HUMANA X 1 (HUMULIN),76000.0,5,QUIROFANO(4),2000825,0.0,0.0
2000825,SUSPENSION INYECTABLE INSULINA HUMANA X 1 (HUMULIN),76000.0,5,ADMINISTRACION,2000825,0.0,0.0
2000825,SUSPENSION INYECTABLE INSULINA HUMANA X 1 (HUMULIN),76000.0,5,CARRO DE PARO,2000825,0.0,0.0
2000826,BRAXAN (CEFTRIAXONA) 1G POLV. P/SOL. INY.,52500.0,5,FARMACIA INTERNA(1),2000826,0.0,107.0
2000826,BRAXAN (CEFTRIAXONA) 1G POLV. P/SOL. INY.,52500.0,5,URGENCIAS(2),2000826,0.0,17.0
2000826,BRAXAN (CEFTRIAXONA) 1G POLV. P/SOL. INY.,52500.0,5,INTERNADO(3),2000826,0.0,0.0
2000826,BRAXAN (CEFTRIAXONA) 1G POLV. P/SOL. INY.,52500.0,5,QUIROFANO(4),2000826,0.0,0.0
2000826,BRAXAN (CEFTRIAXONA) 1G POLV. P/SOL. INY.,52500.0,5,ADMINISTRACION,2000826,0.0,0.0
2000826,BRAXAN (CEFTRIAXONA) 1G POLV. P/SOL. INY.,52500.0,5,CARRO DE PARO,2000826,0.0,0.0
2000827,GELASPAN HISOCEL 4% (SOLUCION P/ PREFUSION),234826.0,5,FARMACIA INTERNA(1),2000827,0.0,0.0
2000827,GELASPAN HISOCEL 4% (SOLUCION P/ PREFUSION),234826.0,5,URGENCIAS(2),2000827,0.0,0.0
2000827,GELASPAN HISOCEL 4% (SOLUCION P/ PREFUSION),234826.0,5,INTERNADO(3),2000827,0.0,0.0
2000827,GELASPAN HISOCEL 4% (SOLUCION P/ PREFUSION),234826.0,5,QUIROFANO(4),2000827,0.0,0.0
2000827,GELASPAN HISOCEL 4% (SOLUCION P/ PREFUSION),234826.0,5,ADMINISTRACION,2000827,0.0,0.0
2000827,GELASPAN HISOCEL 4% (SOLUCION P/ PREFUSION),234826.0,5,CARRO DE PARO,2000827,0.0,0.0
2000828,VILOX 40 (OMEPRAZOL 40MG),90000.0,5,FARMACIA INTERNA(1),2000828,0.0,32.0
2000828,VILOX 40 (OMEPRAZOL 40MG),90000.0,5,URGENCIAS(2),2000828,0.0,3.0
2000828,VILOX 40 (OMEPRAZOL 40MG),90000.0,5,INTERNADO(3),2000828,0.0,0.0
2000828,VILOX 40 (OMEPRAZOL 40MG),90000.0,5,QUIROFANO(4),2000828,0.0,0.0
2000828,VILOX 40 (OMEPRAZOL 40MG),90000.0,5,ADMINISTRACION,2000828,0.0,0.0
2000828,VILOX 40 (OMEPRAZOL 40MG),90000.0,5,CARRO DE PARO,2000828,0.0,0.0
2000829,"XYLESTEIN CLORHIDRATO DE LIDOCAINA S/ VASOCONSTRICTOR 2,0%",34000.0,5,FARMACIA INTERNA(1),2000829,0.0,9.0
2000829,"XYLESTEIN CLORHIDRATO DE LIDOCAINA S/ VASOCONSTRICTOR 2,0%",34000.0,5,URGENCIAS(2),2000829,0.0,0.0
2000829,"XYLESTEIN CLORHIDRATO DE LIDOCAINA S/ VASOCONSTRICTOR 2,0%",34000.0,5,INTERNADO(3),2000829,0.0,0.0
2000829,"XYLESTEIN CLORHIDRATO DE LIDOCAINA S/ VASOCONSTRICTOR 2,0%",34000.0,5,QUIROFANO(4),2000829,0.0,0.0
2000829,"XYLESTEIN CLORHIDRATO DE LIDOCAINA S/ VASOCONSTRICTOR 2,0%",34000.0,5,ADMINISTRACION,2000829,0.0,0.0
2000829,"XYLESTEIN CLORHIDRATO DE LIDOCAINA S/ VASOCONSTRICTOR 2,0%",34000.0,5,CARRO DE PARO,2000829,0.0,0.0
2000830,"XYLESTESIN CLORHIDRATO DE LIDOCAINA C/ EPI 2,0%",34000.0,5,FARMACIA INTERNA(1),2000830,0.0,3.0
2000830,"XYLESTESIN CLORHIDRATO DE LIDOCAINA C/ EPI 2,0%",34000.0,5,URGENCIAS(2),2000830,0.0,0.0
2000830,"XYLESTESIN CLORHIDRATO DE LIDOCAINA C/ EPI 2,0%",34000.0,5,INTERNADO(3),2000830,0.0,0.0
2000830,"XYLESTESIN CLORHIDRATO DE LIDOCAINA C/ EPI 2,0%",34000.0,5,QUIROFANO(4),2000830,0.0,0.0
2000830,"XYLESTESIN CLORHIDRATO DE LIDOCAINA C/ EPI 2,0%",34000.0,5,ADMINISTRACION,2000830,0.0,0.0
2000830,"XYLESTESIN CLORHIDRATO DE LIDOCAINA C/ EPI 2,0%",34000.0,5,CARRO DE PARO,2000830,0.0,0.0
2000831,SUERO ANTIOFIDICO POLIV X 10ML,460000.0,5,FARMACIA INTERNA(1),2000831,0.0,0.0
2000831,SUERO ANTIOFIDICO POLIV X 10ML,460000.0,5,URGENCIAS(2),2000831,0.0,16.0
2000831,SUERO ANTIOFIDICO POLIV X 10ML,460000.0,5,INTERNADO(3),2000831,0.0,0.0
2000831,SUERO ANTIOFIDICO POLIV X 10ML,460000.0,5,QUIROFANO(4),2000831,0.0,0.0
2000831,SUERO ANTIOFIDICO POLIV X 10ML,460000.0,5,ADMINISTRACION,2000831,0.0,0.0
2000831,SUERO ANTIOFIDICO POLIV X 10ML,460000.0,5,CARRO DE PARO,2000831,0.0,0.0
2000832,LOSARSTAN 50MG (ACCORD) X 1 COMP,3200.0,5,FARMACIA INTERNA(1),2000832,0.0,0.0
2000832,LOSARSTAN 50MG (ACCORD) X 1 COMP,3200.0,5,URGENCIAS(2),2000832,0.0,58.0
2000832,LOSARSTAN 50MG (ACCORD) X 1 COMP,3200.0,5,INTERNADO(3),2000832,0.0,0.0
2000832,LOSARSTAN 50MG (ACCORD) X 1 COMP,3200.0,5,QUIROFANO(4),2000832,0.0,0.0
2000832,LOSARSTAN 50MG (ACCORD) X 1 COMP,3200.0,5,ADMINISTRACION,2000832,0.0,0.0
2000832,LOSARSTAN 50MG (ACCORD) X 1 COMP,3200.0,5,CARRO DE PARO,2000832,0.0,0.0
2000833,ATORVASTATINA 40MG (HOPENOR) X 1 COMP,5500.0,5,FARMACIA INTERNA(1),2000833,0.0,0.0
2000833,ATORVASTATINA 40MG (HOPENOR) X 1 COMP,5500.0,5,URGENCIAS(2),2000833,0.0,30.0
2000833,ATORVASTATINA 40MG (HOPENOR) X 1 COMP,5500.0,5,INTERNADO(3),2000833,0.0,0.0
2000833,ATORVASTATINA 40MG (HOPENOR) X 1 COMP,5500.0,5,QUIROFANO(4),2000833,0.0,0.0
2000833,ATORVASTATINA 40MG (HOPENOR) X 1 COMP,5500.0,5,ADMINISTRACION,2000833,0.0,0.0
2000833,ATORVASTATINA 40MG (HOPENOR) X 1 COMP,5500.0,5,CARRO DE PARO,2000833,0.0,0.0
2000834,ATORVASTATINA 20MG (HOPENOR) X 1 COMP,4200.0,5,FARMACIA INTERNA(1),2000834,0.0,0.0
2000834,ATORVASTATINA 20MG (HOPENOR) X 1 COMP,4200.0,5,URGENCIAS(2),2000834,0.0,30.0
2000834,ATORVASTATINA 20MG (HOPENOR) X 1 COMP,4200.0,5,INTERNADO(3),2000834,0.0,0.0
2000834,ATORVASTATINA 20MG (HOPENOR) X 1 COMP,4200.0,5,QUIROFANO(4),2000834,0.0,0.0
2000834,ATORVASTATINA 20MG (HOPENOR) X 1 COMP,4200.0,5,ADMINISTRACION,2000834,0.0,0.0
2000834,ATORVASTATINA 20MG (HOPENOR) X 1 COMP,4200.0,5,CARRO DE PARO,2000834,0.0,0.0
2000835,DOLOREN 60 (KETOROLAC TROMETAINA 60MG),38472.0,5,FARMACIA INTERNA(1),2000835,0.0,0.0
2000835,DOLOREN 60 (KETOROLAC TROMETAINA 60MG),38472.0,5,URGENCIAS(2),2000835,0.0,0.0
2000835,DOLOREN 60 (KETOROLAC TROMETAINA 60MG),38472.0,5,INTERNADO(3),2000835,0.0,0.0
2000835,DOLOREN 60 (KETOROLAC TROMETAINA 60MG),38472.0,5,QUIROFANO(4),2000835,0.0,0.0
2000835,DOLOREN 60 (KETOROLAC TROMETAINA 60MG),38472.0,5,ADMINISTRACION,2000835,0.0,0.0
2000835,DOLOREN 60 (KETOROLAC TROMETAINA 60MG),38472.0,5,CARRO DE PARO,2000835,0.0,0.0
2000836,FLAMIREX (DICLOFENAC SODICO 75MG X 3ML),10000.0,5,FARMACIA INTERNA(1),2000836,0.0,1.0
2000836,FLAMIREX (DICLOFENAC SODICO 75MG X 3ML),10000.0,5,URGENCIAS(2),2000836,0.0,0.0
2000836,FLAMIREX (DICLOFENAC SODICO 75MG X 3ML),10000.0,5,INTERNADO(3),2000836,0.0,0.0
2000836,FLAMIREX (DICLOFENAC SODICO 75MG X 3ML),10000.0,5,QUIROFANO(4),2000836,0.0,0.0
2000836,FLAMIREX (DICLOFENAC SODICO 75MG X 3ML),10000.0,5,ADMINISTRACION,2000836,0.0,0.0
2000836,FLAMIREX (DICLOFENAC SODICO 75MG X 3ML),10000.0,5,CARRO DE PARO,2000836,0.0,0.0
2000837,PIROFLEX (DEXAMETASONA 8MG X 2ML),33982.0,5,FARMACIA INTERNA(1),2000837,0.0,1.0
2000837,PIROFLEX (DEXAMETASONA 8MG X 2ML),33982.0,5,URGENCIAS(2),2000837,0.0,3.0
2000837,PIROFLEX (DEXAMETASONA 8MG X 2ML),33982.0,5,INTERNADO(3),2000837,0.0,0.0
2000837,PIROFLEX (DEXAMETASONA 8MG X 2ML),33982.0,5,QUIROFANO(4),2000837,0.0,0.0
2000837,PIROFLEX (DEXAMETASONA 8MG X 2ML),33982.0,5,ADMINISTRACION,2000837,0.0,0.0
2000837,PIROFLEX (DEXAMETASONA 8MG X 2ML),33982.0,5,CARRO DE PARO,2000837,0.0,0.0
2000838,BOMIZOL (LEVOSULPIRIDE 25MG X 2ML),17600.0,5,FARMACIA INTERNA(1),2000838,0.0,5.0
2000838,BOMIZOL (LEVOSULPIRIDE 25MG X 2ML),17600.0,5,URGENCIAS(2),2000838,0.0,13.0
2000838,BOMIZOL (LEVOSULPIRIDE 25MG X 2ML),17600.0,5,INTERNADO(3),2000838,0.0,0.0
2000838,BOMIZOL (LEVOSULPIRIDE 25MG X 2ML),17600.0,5,QUIROFANO(4),2000838,0.0,0.0
2000838,BOMIZOL (LEVOSULPIRIDE 25MG X 2ML),17600.0,5,ADMINISTRACION,2000838,0.0,0.0
2000838,BOMIZOL (LEVOSULPIRIDE 25MG X 2ML),17600.0,5,CARRO DE PARO,2000838,0.0,0.0
2000839,"COMBIVENT SM* VIAL X 2,5ML",3350.0,5,FARMACIA INTERNA(1),2000839,0.0,0.0
2000839,"COMBIVENT SM* VIAL X 2,5ML",3350.0,5,URGENCIAS(2),2000839,0.0,17.0
2000839,"COMBIVENT SM* VIAL X 2,5ML",3350.0,5,INTERNADO(3),2000839,0.0,0.0
2000839,"COMBIVENT SM* VIAL X 2,5ML",3350.0,5,QUIROFANO(4),2000839,0.0,0.0
2000839,"COMBIVENT SM* VIAL X 2,5ML",3350.0,5,ADMINISTRACION,2000839,0.0,0.0
2000839,"COMBIVENT SM* VIAL X 2,5ML",3350.0,5,CARRO DE PARO,2000839,0.0,0.0
2000840,SOL.GLUCOSA 50% 1000ML PSF,145000.0,5,FARMACIA INTERNA(1),2000840,0.0,4.0
2000840,SOL.GLUCOSA 50% 1000ML PSF,145000.0,5,URGENCIAS(2),2000840,0.0,0.0
2000840,SOL.GLUCOSA 50% 1000ML PSF,145000.0,5,INTERNADO(3),2000840,0.0,0.0
2000840,SOL.GLUCOSA 50% 1000ML PSF,145000.0,5,QUIROFANO(4),2000840,0.0,0.0
2000840,SOL.GLUCOSA 50% 1000ML PSF,145000.0,5,ADMINISTRACION,2000840,0.0,0.0
2000840,SOL.GLUCOSA 50% 1000ML PSF,145000.0,5,CARRO DE PARO,2000840,0.0,1.0
2000841,CARBETOCINA 1MG (JERINGA X 1ML),360000.0,5,FARMACIA INTERNA(1),2000841,0.0,5.0
2000841,CARBETOCINA 1MG (JERINGA X 1ML),360000.0,5,URGENCIAS(2),2000841,0.0,0.0
2000841,CARBETOCINA 1MG (JERINGA X 1ML),360000.0,5,INTERNADO(3),2000841,0.0,0.0
2000841,CARBETOCINA 1MG (JERINGA X 1ML),360000.0,5,QUIROFANO(4),2000841,0.0,0.0
2000841,CARBETOCINA 1MG (JERINGA X 1ML),360000.0,5,ADMINISTRACION,2000841,0.0,0.0
2000841,CARBETOCINA 1MG (JERINGA X 1ML),360000.0,5,CARRO DE PARO,2000841,0.0,0.0
2000842,ACCOR LOSARTAN 50MG CJ.30 COMP,0.0,5,FARMACIA INTERNA(1),2000842,0.0,0.0
2000842,ACCOR LOSARTAN 50MG CJ.30 COMP,0.0,5,URGENCIAS(2),2000842,0.0,0.0
2000842,ACCOR LOSARTAN 50MG CJ.30 COMP,0.0,5,INTERNADO(3),2000842,0.0,0.0
2000842,ACCOR LOSARTAN 50MG CJ.30 COMP,0.0,5,QUIROFANO(4),2000842,0.0,0.0
2000842,ACCOR LOSARTAN 50MG CJ.30 COMP,0.0,5,ADMINISTRACION,2000842,0.0,0.0
2000842,ACCOR LOSARTAN 50MG CJ.30 COMP,0.0,5,CARRO DE PARO,2000842,0.0,0.0
2000843,ASTORVASTATINA (HOPENOR) 40 MG CJ. 30 COMP,120000.0,5,FARMACIA INTERNA(1),2000843,0.0,0.0
2000843,ASTORVASTATINA (HOPENOR) 40 MG CJ. 30 COMP,120000.0,5,URGENCIAS(2),2000843,0.0,0.0
2000843,ASTORVASTATINA (HOPENOR) 40 MG CJ. 30 COMP,120000.0,5,INTERNADO(3),2000843,0.0,0.0
2000843,ASTORVASTATINA (HOPENOR) 40 MG CJ. 30 COMP,120000.0,5,QUIROFANO(4),2000843,0.0,0.0
2000843,ASTORVASTATINA (HOPENOR) 40 MG CJ. 30 COMP,120000.0,5,ADMINISTRACION,2000843,0.0,0.0
2000843,ASTORVASTATINA (HOPENOR) 40 MG CJ. 30 COMP,120000.0,5,CARRO DE PARO,2000843,0.0,0.0
2000844,FLEET ENEMA ADULTO FCO X 133ML -,39500.0,5,FARMACIA INTERNA(1),2000844,0.0,0.0
2000844,FLEET ENEMA ADULTO FCO X 133ML -,39500.0,5,URGENCIAS(2),2000844,0.0,0.0
2000844,FLEET ENEMA ADULTO FCO X 133ML -,39500.0,5,INTERNADO(3),2000844,0.0,0.0
2000844,FLEET ENEMA ADULTO FCO X 133ML -,39500.0,5,QUIROFANO(4),2000844,0.0,0.0
2000844,FLEET ENEMA ADULTO FCO X 133ML -,39500.0,5,ADMINISTRACION,2000844,0.0,0.0
2000844,FLEET ENEMA ADULTO FCO X 133ML -,39500.0,5,CARRO DE PARO,2000844,0.0,0.0
2000845,DIPIRONA 1G X 2ML (BIOSANO),12440.0,5,FARMACIA INTERNA(1),2000845,0.0,0.0
2000845,DIPIRONA 1G X 2ML (BIOSANO),12440.0,5,URGENCIAS(2),2000845,0.0,0.0
2000845,DIPIRONA 1G X 2ML (BIOSANO),12440.0,5,INTERNADO(3),2000845,0.0,0.0
2000845,DIPIRONA 1G X 2ML (BIOSANO),12440.0,5,QUIROFANO(4),2000845,0.0,0.0
2000845,DIPIRONA 1G X 2ML (BIOSANO),12440.0,5,ADMINISTRACION,2000845,0.0,0.0
2000845,DIPIRONA 1G X 2ML (BIOSANO),12440.0,5,CARRO DE PARO,2000845,0.0,0.0
2000846,ADRENALINA 1MG X AMP 1ML (CATEDRAL),6000.0,5,FARMACIA INTERNA(1),2000846,0.0,63.0
2000846,ADRENALINA 1MG X AMP 1ML (CATEDRAL),6000.0,5,URGENCIAS(2),2000846,0.0,49.0
2000846,ADRENALINA 1MG X AMP 1ML (CATEDRAL),6000.0,5,INTERNADO(3),2000846,0.0,0.0
2000846,ADRENALINA 1MG X AMP 1ML (CATEDRAL),6000.0,5,QUIROFANO(4),2000846,0.0,0.0
2000846,ADRENALINA 1MG X AMP 1ML (CATEDRAL),6000.0,5,ADMINISTRACION,2000846,0.0,0.0
2000846,ADRENALINA 1MG X AMP 1ML (CATEDRAL),6000.0,5,CARRO DE PARO,2000846,0.0,0.0
2000847,"LOXASAN LACTULOSA 66,7G X 250ML",63063.0,5,FARMACIA INTERNA(1),2000847,0.0,0.0
2000847,"LOXASAN LACTULOSA 66,7G X 250ML",63063.0,5,URGENCIAS(2),2000847,0.0,1.0
2000847,"LOXASAN LACTULOSA 66,7G X 250ML",63063.0,5,INTERNADO(3),2000847,0.0,0.0
2000847,"LOXASAN LACTULOSA 66,7G X 250ML",63063.0,5,QUIROFANO(4),2000847,0.0,0.0
2000847,"LOXASAN LACTULOSA 66,7G X 250ML",63063.0,5,ADMINISTRACION,2000847,0.0,0.0
2000847,"LOXASAN LACTULOSA 66,7G X 250ML",63063.0,5,CARRO DE PARO,2000847,0.0,0.0
2000848,PARACETAMOL 1G X 100ML DEMOTEK,115000.0,5,FARMACIA INTERNA(1),2000848,0.0,0.0
2000848,PARACETAMOL 1G X 100ML DEMOTEK,115000.0,5,URGENCIAS(2),2000848,0.0,0.0
2000848,PARACETAMOL 1G X 100ML DEMOTEK,115000.0,5,INTERNADO(3),2000848,0.0,0.0
2000848,PARACETAMOL 1G X 100ML DEMOTEK,115000.0,5,QUIROFANO(4),2000848,0.0,0.0
2000848,PARACETAMOL 1G X 100ML DEMOTEK,115000.0,5,ADMINISTRACION,2000848,0.0,0.0
2000848,PARACETAMOL 1G X 100ML DEMOTEK,115000.0,5,CARRO DE PARO,2000848,0.0,0.0
2000849,APIRON (DIPIRONA 500MG) SOL. GTS 10ML,22750.0,5,FARMACIA INTERNA(1),2000849,0.0,0.0
2000849,APIRON (DIPIRONA 500MG) SOL. GTS 10ML,22750.0,5,URGENCIAS(2),2000849,0.0,0.0
2000849,APIRON (DIPIRONA 500MG) SOL. GTS 10ML,22750.0,5,INTERNADO(3),2000849,0.0,0.0
2000849,APIRON (DIPIRONA 500MG) SOL. GTS 10ML,22750.0,5,QUIROFANO(4),2000849,0.0,0.0
2000849,APIRON (DIPIRONA 500MG) SOL. GTS 10ML,22750.0,5,ADMINISTRACION,2000849,0.0,1.0
2000849,APIRON (DIPIRONA 500MG) SOL. GTS 10ML,22750.0,5,CARRO DE PARO,2000849,0.0,0.0
2000850,NOVOMOL 1000 (PARACETAMOL 10G),98000.0,5,FARMACIA INTERNA(1),2000850,0.0,0.0
2000850,NOVOMOL 1000 (PARACETAMOL 10G),98000.0,5,URGENCIAS(2),2000850,0.0,2.0
2000850,NOVOMOL 1000 (PARACETAMOL 10G),98000.0,5,INTERNADO(3),2000850,0.0,0.0
2000850,NOVOMOL 1000 (PARACETAMOL 10G),98000.0,5,QUIROFANO(4),2000850,0.0,0.0
2000850,NOVOMOL 1000 (PARACETAMOL 10G),98000.0,5,ADMINISTRACION,2000850,0.0,0.0
2000850,NOVOMOL 1000 (PARACETAMOL 10G),98000.0,5,CARRO DE PARO,2000850,0.0,0.0
2000851,CESALGIN GOTAS (TRAMADOL CLORHIDRATO) 50MG/10ML,48770.0,5,FARMACIA INTERNA(1),2000851,0.0,2.0
2000851,CESALGIN GOTAS (TRAMADOL CLORHIDRATO) 50MG/10ML,48770.0,5,URGENCIAS(2),2000851,0.0,0.0
2000851,CESALGIN GOTAS (TRAMADOL CLORHIDRATO) 50MG/10ML,48770.0,5,INTERNADO(3),2000851,0.0,0.0
2000851,CESALGIN GOTAS (TRAMADOL CLORHIDRATO) 50MG/10ML,48770.0,5,QUIROFANO(4),2000851,0.0,0.0
2000851,CESALGIN GOTAS (TRAMADOL CLORHIDRATO) 50MG/10ML,48770.0,5,ADMINISTRACION,2000851,0.0,0.0
2000851,CESALGIN GOTAS (TRAMADOL CLORHIDRATO) 50MG/10ML,48770.0,5,CARRO DE PARO,2000851,0.0,0.0
2000852,"SEDALIUM GOTAS (CLONAZEPAM) 2,5MG/20ML",46677.0,5,FARMACIA INTERNA(1),2000852,0.0,1.0
2000852,"SEDALIUM GOTAS (CLONAZEPAM) 2,5MG/20ML",46677.0,5,URGENCIAS(2),2000852,0.0,1.0
2000852,"SEDALIUM GOTAS (CLONAZEPAM) 2,5MG/20ML",46677.0,5,INTERNADO(3),2000852,0.0,0.0
2000852,"SEDALIUM GOTAS (CLONAZEPAM) 2,5MG/20ML",46677.0,5,QUIROFANO(4),2000852,0.0,0.0
2000852,"SEDALIUM GOTAS (CLONAZEPAM) 2,5MG/20ML",46677.0,5,ADMINISTRACION,2000852,0.0,0.0
2000852,"SEDALIUM GOTAS (CLONAZEPAM) 2,5MG/20ML",46677.0,5,CARRO DE PARO,2000852,0.0,0.0
2000853,AFTUM 1000 (ACIDO TRANEXAMICO) AMP 10ML,108000.0,5,FARMACIA INTERNA(1),2000853,0.0,2.0
2000853,AFTUM 1000 (ACIDO TRANEXAMICO) AMP 10ML,108000.0,5,URGENCIAS(2),2000853,0.0,0.0
2000853,AFTUM 1000 (ACIDO TRANEXAMICO) AMP 10ML,108000.0,5,INTERNADO(3),2000853,0.0,0.0
2000853,AFTUM 1000 (ACIDO TRANEXAMICO) AMP 10ML,108000.0,5,QUIROFANO(4),2000853,0.0,0.0
2000853,AFTUM 1000 (ACIDO TRANEXAMICO) AMP 10ML,108000.0,5,ADMINISTRACION,2000853,0.0,0.0
2000853,AFTUM 1000 (ACIDO TRANEXAMICO) AMP 10ML,108000.0,5,CARRO DE PARO,2000853,0.0,0.0
2000854,"SILAXIN 4,5 (PIPERACILINA TAZOBACTAM)",195000.0,5,FARMACIA INTERNA(1),2000854,0.0,0.0
2000854,"SILAXIN 4,5 (PIPERACILINA TAZOBACTAM)",195000.0,5,URGENCIAS(2),2000854,0.0,0.0
2000854,"SILAXIN 4,5 (PIPERACILINA TAZOBACTAM)",195000.0,5,INTERNADO(3),2000854,0.0,0.0
2000854,"SILAXIN 4,5 (PIPERACILINA TAZOBACTAM)",195000.0,5,QUIROFANO(4),2000854,0.0,0.0
2000854,"SILAXIN 4,5 (PIPERACILINA TAZOBACTAM)",195000.0,5,ADMINISTRACION,2000854,0.0,0.0
2000854,"SILAXIN 4,5 (PIPERACILINA TAZOBACTAM)",195000.0,5,CARRO DE PARO,2000854,0.0,0.0
2000855,DEXMEDETOMIDINA 200MG X 2ML (BIOSANO),116089.0,5,FARMACIA INTERNA(1),2000855,0.0,10.0
2000855,DEXMEDETOMIDINA 200MG X 2ML (BIOSANO),116089.0,5,URGENCIAS(2),2000855,0.0,0.0
2000855,DEXMEDETOMIDINA 200MG X 2ML (BIOSANO),116089.0,5,INTERNADO(3),2000855,0.0,0.0
2000855,DEXMEDETOMIDINA 200MG X 2ML (BIOSANO),116089.0,5,QUIROFANO(4),2000855,0.0,0.0
2000855,DEXMEDETOMIDINA 200MG X 2ML (BIOSANO),116089.0,5,ADMINISTRACION,2000855,0.0,0.0
2000855,DEXMEDETOMIDINA 200MG X 2ML (BIOSANO),116089.0,5,CARRO DE PARO,2000855,0.0,0.0
2000856,SOL.GLUCOSA 50% 500ML PSF,100000.0,5,FARMACIA INTERNA(1),2000856,0.0,2.0
2000856,SOL.GLUCOSA 50% 500ML PSF,100000.0,5,URGENCIAS(2),2000856,0.0,0.0
2000856,SOL.GLUCOSA 50% 500ML PSF,100000.0,5,INTERNADO(3),2000856,0.0,0.0
2000856,SOL.GLUCOSA 50% 500ML PSF,100000.0,5,QUIROFANO(4),2000856,0.0,0.0
2000856,SOL.GLUCOSA 50% 500ML PSF,100000.0,5,ADMINISTRACION,2000856,0.0,0.0
2000856,SOL.GLUCOSA 50% 500ML PSF,100000.0,5,CARRO DE PARO,2000856,0.0,0.0
2000857,AGUA DESTILADA 1LTS,32249.0,5,FARMACIA INTERNA(1),2000857,0.0,2.0
2000857,AGUA DESTILADA 1LTS,32249.0,5,URGENCIAS(2),2000857,0.0,0.0
2000857,AGUA DESTILADA 1LTS,32249.0,5,INTERNADO(3),2000857,0.0,0.0
2000857,AGUA DESTILADA 1LTS,32249.0,5,QUIROFANO(4),2000857,0.0,0.0
2000857,AGUA DESTILADA 1LTS,32249.0,5,ADMINISTRACION,2000857,0.0,0.0
2000857,AGUA DESTILADA 1LTS,32249.0,5,CARRO DE PARO,2000857,0.0,0.0
2000858,SEVOFLURANO (SEVOCRIS) 100% X 250ML,2522940.0,5,FARMACIA INTERNA(1),2000858,0.0,3.0
2000858,SEVOFLURANO (SEVOCRIS) 100% X 250ML,2522940.0,5,URGENCIAS(2),2000858,0.0,0.0
2000858,SEVOFLURANO (SEVOCRIS) 100% X 250ML,2522940.0,5,INTERNADO(3),2000858,0.0,0.0
2000858,SEVOFLURANO (SEVOCRIS) 100% X 250ML,2522940.0,5,QUIROFANO(4),2000858,0.0,0.0
2000858,SEVOFLURANO (SEVOCRIS) 100% X 250ML,2522940.0,5,ADMINISTRACION,2000858,0.0,0.0
2000858,SEVOFLURANO (SEVOCRIS) 100% X 250ML,2522940.0,5,CARRO DE PARO,2000858,0.0,0.0
3000014,ALGODON COTTON 3-0 (POLYCOT),0.0,10,URGENCIAS(2),8400000099110,0.0,0.0
3000014,ALGODON COTTON 3-0 (POLYCOT),0.0,10,INTERNADO(3),8400000099110,0.0,0.0
3000014,ALGODON COTTON 3-0 (POLYCOT),0.0,10,QUIROFANO(4),8400000099110,0.0,0.0
3000015,ALGODON LAMINADO 10CM,8800.0,10,URGENCIAS(2),8400000000277,0.0,0.0
3000015,ALGODON LAMINADO 10CM,8800.0,10,INTERNADO(3),8400000000277,0.0,0.0
3000015,ALGODON LAMINADO 10CM,8800.0,10,QUIROFANO(4),8400000000277,0.0,0.0
3000016,ALGODON LAMINADO 15CM X 3M,10800.0,10,URGENCIAS(2),8400000000284,0.0,1.0
3000016,ALGODON LAMINADO 15CM X 3M,10800.0,10,INTERNADO(3),8400000000284,0.0,0.0
3000016,ALGODON LAMINADO 15CM X 3M,10800.0,10,QUIROFANO(4),8400000000284,0.0,0.0
3000017,ALGODON LAMINADO 20CM X 3M,13100.0,10,URGENCIAS(2),8400000000291,0.0,1.0
3000017,ALGODON LAMINADO 20CM X 3M,13100.0,10,INTERNADO(3),8400000000291,0.0,0.0
3000017,ALGODON LAMINADO 20CM X 3M,13100.0,10,QUIROFANO(4),8400000000291,0.0,0.0
3000018,APOSITO CURATIVO ESTERIL X,1.0,0,10 URGENCIAS(2),7898172861658,0.0,0.0
3000018,APOSITO CURATIVO ESTERIL X,1.0,0,10 INTERNADO(3),7898172861658,0.0,0.0
3000018,APOSITO CURATIVO ESTERIL X,1.0,0,10 QUIROFANO(4),7898172861658,0.0,0.0
3000019,APOSITO OPSITE 30 X 28CM (STERI DRAPE),0.0,10,URGENCIAS(2),5000223415501,0.0,0.0
3000019,APOSITO OPSITE 30 X 28CM (STERI DRAPE),0.0,10,INTERNADO(3),5000223415501,0.0,0.0
3000019,APOSITO OPSITE 30 X 28CM (STERI DRAPE),0.0,10,QUIROFANO(4),5000223415501,0.0,0.0
3000020,APOSITO OPSITE 45 X 55CM (STERI DRAPE),285000.0,10,URGENCIAS(2),5000223415525,0.0,0.0
3000020,APOSITO OPSITE 45 X 55CM (STERI DRAPE),285000.0,10,INTERNADO(3),5000223415525,0.0,0.0
3000020,APOSITO OPSITE 45 X 55CM (STERI DRAPE),285000.0,10,QUIROFANO(4),5000223415525,0.0,0.0
3000021,APOSITO OPSITE 56 X 84CM (STERI DRAPE),0.0,10,URGENCIAS(2),5000223417222,0.0,0.0
3000021,APOSITO OPSITE 56 X 84CM (STERI DRAPE),0.0,10,INTERNADO(3),5000223417222,0.0,0.0
3000021,APOSITO OPSITE 56 X 84CM (STERI DRAPE),0.0,10,QUIROFANO(4),5000223417222,0.0,0.0
3000022,BIONECTOR CARESITE LUER BRAUN,0.0,10,URGENCIAS(2),8400000063012,0.0,0.0
3000022,BIONECTOR CARESITE LUER BRAUN,0.0,10,INTERNADO(3),8400000063012,0.0,0.0
3000022,BIONECTOR CARESITE LUER BRAUN,0.0,10,QUIROFANO(4),8400000063012,0.0,0.0
3000023,BISTURI NRO 10 B BRAUN,0.0,10,URGENCIAS(2),8400000000314,0.0,0.0
3000023,BISTURI NRO 10 B BRAUN,0.0,10,INTERNADO(3),8400000000314,0.0,0.0
3000023,BISTURI NRO 10 B BRAUN,0.0,10,QUIROFANO(4),8400000000314,0.0,0.0
3000024,BISTURI NRO 11,1500.0,10,URGENCIAS(2),8400000000321,0.0,12.0
3000024,BISTURI NRO 11,1500.0,10,INTERNADO(3),8400000000321,0.0,0.0
3000024,BISTURI NRO 11,1500.0,10,QUIROFANO(4),8400000000321,0.0,0.0
3000025,BISTURI NRO 15,1500.0,10,FARMACIA INTERNA(1),3000025,0.0,53.0
3000025,BISTURI NRO 15,1500.0,10,URGENCIAS(2),3000025,0.0,19.0
3000025,BISTURI NRO 15,1500.0,10,INTERNADO(3),3000025,0.0,0.0
3000025,BISTURI NRO 15,1500.0,10,QUIROFANO(4),3000025,0.0,0.0
3000025,BISTURI NRO 15,1500.0,10,ADMINISTRACION,3000025,0.0,0.0
3000025,BISTURI NRO 15,1500.0,10,CARRO DE PARO,3000025,0.0,0.0
3000026,BISTURI NRO 20 B BRAUN,0.0,10,URGENCIAS(2),8400000000345,0.0,0.0
3000026,BISTURI NRO 20 B BRAUN,0.0,10,INTERNADO(3),8400000000345,0.0,0.0
3000026,BISTURI NRO 20 B BRAUN,0.0,10,QUIROFANO(4),8400000000345,0.0,0.0
3000027,BISTURI NRO 21 B BRAUN,0.0,10,URGENCIAS(2),8400000000352,0.0,0.0
3000027,BISTURI NRO 21 B BRAUN,0.0,10,INTERNADO(3),8400000000352,0.0,0.0
3000027,BISTURI NRO 21 B BRAUN,0.0,10,QUIROFANO(4),8400000000352,0.0,0.0
3000028,BISTURI NRO 22 B BRAUN,0.0,10,URGENCIAS(2),8400000000369,0.0,0.0
3000028,BISTURI NRO 22 B BRAUN,0.0,10,INTERNADO(3),8400000000369,0.0,0.0
3000028,BISTURI NRO 22 B BRAUN,0.0,10,QUIROFANO(4),8400000000369,0.0,0.0
3000029,BISTURI NRO 23,1500.0,10,URGENCIAS(2),8400000000376,0.0,9.0
3000029,BISTURI NRO 23,1500.0,10,INTERNADO(3),8400000000376,0.0,0.0
3000029,BISTURI NRO 23,1500.0,10,QUIROFANO(4),8400000000376,0.0,0.0
3000030,BISTURI NRO 24,1500.0,10,URGENCIAS(2),8400000000383,0.0,67.0
3000030,BISTURI NRO 24,1500.0,10,INTERNADO(3),8400000000383,0.0,0.0
3000030,BISTURI NRO 24,1500.0,10,QUIROFANO(4),8400000000383,0.0,0.0
3000031,BOLSA P/ COLOSTOMIA TANDEM I 44M,0.0,10,URGENCIAS(2),8400000006309,0.0,0.0
3000031,BOLSA P/ COLOSTOMIA TANDEM I 44M,0.0,10,INTERNADO(3),8400000006309,0.0,0.0
3000031,BOLSA P/ COLOSTOMIA TANDEM I 44M,0.0,10,QUIROFANO(4),8400000006309,0.0,0.0
3000032,BOLSA P/ COLOSTOMIA TANDEM J 57MM,0.0,10,URGENCIAS(2),8400000006316,0.0,0.0
3000032,BOLSA P/ COLOSTOMIA TANDEM J 57MM,0.0,10,INTERNADO(3),8400000006316,0.0,0.0
3000032,BOLSA P/ COLOSTOMIA TANDEM J 57MM,0.0,10,QUIROFANO(4),8400000006316,0.0,0.0
3000033,BOLSA P/ COLOSTOMIA TANDEM K 70MM,0.0,10,URGENCIAS(2),8400000006323,0.0,0.0
3000033,BOLSA P/ COLOSTOMIA TANDEM K 70MM,0.0,10,INTERNADO(3),8400000006323,0.0,0.0
3000033,BOLSA P/ COLOSTOMIA TANDEM K 70MM,0.0,10,QUIROFANO(4),8400000006323,0.0,0.0
3000034,BOLSA P/COLOSTOMIA C/ANILLO KARAYA 2 51MM,0.0,10,URGENCIAS(2),8400000006040,0.0,0.0
3000034,BOLSA P/COLOSTOMIA C/ANILLO KARAYA 2 51MM,0.0,10,INTERNADO(3),8400000006040,0.0,0.0
3000034,BOLSA P/COLOSTOMIA C/ANILLO KARAYA 2 51MM,0.0,10,QUIROFANO(4),8400000006040,0.0,0.0
3000035,BOLSA P/COLOSTOMIA C/ANILLO KARAYA 3 76MM,0.0,10,URGENCIAS(2),8400000039307,0.0,0.0
3000035,BOLSA P/COLOSTOMIA C/ANILLO KARAYA 3 76MM,0.0,10,INTERNADO(3),8400000039307,0.0,0.0
3000035,BOLSA P/COLOSTOMIA C/ANILLO KARAYA 3 76MM,0.0,10,QUIROFANO(4),8400000039307,0.0,0.0
3000036,CANULA DE MAYO NRO,0.0,0,10 URGENCIAS(2),8400000007719,0.0,0.0
3000036,CANULA DE MAYO NRO,0.0,0,10 INTERNADO(3),8400000007719,0.0,0.0
3000036,CANULA DE MAYO NRO,0.0,0,10 QUIROFANO(4),8400000007719,0.0,0.0
3000037,CANULA DE MAYO NRO 2,16200.0,10,URGENCIAS(2),8400000027151,0.0,0.0
3000037,CANULA DE MAYO NRO 2,16200.0,10,INTERNADO(3),8400000027151,0.0,0.0
3000037,CANULA DE MAYO NRO 2,16200.0,10,QUIROFANO(4),8400000027151,0.0,0.0
3000038,CANULA DE MAYO NRO 3,35000.0,10,URGENCIAS(2),8400000027168,0.0,0.0
3000038,CANULA DE MAYO NRO 3,35000.0,10,INTERNADO(3),8400000027168,0.0,0.0
3000038,CANULA DE MAYO NRO 3,35000.0,10,QUIROFANO(4),8400000027168,0.0,0.0
3000039,CANULA DE MAYO NRO 4,16200.0,10,URGENCIAS(2),8400000027175,0.0,0.0
3000039,CANULA DE MAYO NRO 4,16200.0,10,INTERNADO(3),8400000027175,0.0,0.0
3000039,CANULA DE MAYO NRO 4,16200.0,10,QUIROFANO(4),8400000027175,0.0,0.0
3000040,CANULA NASAL ADULTO (BELMED),12000.0,10,URGENCIAS(2),8400000000260,0.0,4.0
3000040,CANULA NASAL ADULTO (BELMED),12000.0,10,INTERNADO(3),8400000000260,0.0,0.0
3000040,CANULA NASAL ADULTO (BELMED),12000.0,10,QUIROFANO(4),8400000000260,0.0,0.0
3000041,CANULA NASAL NEONATAL 100% SILIC.,177000.0,10,URGENCIAS(2),8400000007283,0.0,0.0
3000041,CANULA NASAL NEONATAL 100% SILIC.,177000.0,10,INTERNADO(3),8400000007283,0.0,0.0
3000041,CANULA NASAL NEONATAL 100% SILIC.,177000.0,10,QUIROFANO(4),8400000007283,0.0,0.0
3000042,CANULA NASAL PEDIATRICO (HUDSON),12300.0,10,FARMACIA INTERNA(1),3000042,0.0,20.0
3000042,CANULA NASAL PEDIATRICO (HUDSON),12300.0,10,URGENCIAS(2),3000042,0.0,2.0
3000042,CANULA NASAL PEDIATRICO (HUDSON),12300.0,10,INTERNADO(3),3000042,0.0,0.0
3000042,CANULA NASAL PEDIATRICO (HUDSON),12300.0,10,QUIROFANO(4),3000042,0.0,0.0
3000042,CANULA NASAL PEDIATRICO (HUDSON),12300.0,10,ADMINISTRACION,3000042,0.0,0.0
3000042,CANULA NASAL PEDIATRICO (HUDSON),12300.0,10,CARRO DE PARO,3000042,0.0,0.0
3000043,CANULA P/ TRAQUEOSTOMIA C/B NRO,8.0,0,10 URGENCIAS(2),8400000030847,0.0,0.0
3000043,CANULA P/ TRAQUEOSTOMIA C/B NRO,8.0,0,10 INTERNADO(3),8400000030847,0.0,0.0
3000043,CANULA P/ TRAQUEOSTOMIA C/B NRO,8.0,0,10 QUIROFANO(4),8400000030847,0.0,0.0
3000044,CANULA P/ TRAQUEOSTOMIA FENESTRADA C/B NRO,6.0,0,10 URGENCIAS(2),8400000049450,0.0,0.0
3000044,CANULA P/ TRAQUEOSTOMIA FENESTRADA C/B NRO,6.0,0,10 INTERNADO(3),8400000049450,0.0,0.0
3000044,CANULA P/ TRAQUEOSTOMIA FENESTRADA C/B NRO,6.0,0,10 QUIROFANO(4),8400000049450,0.0,0.0
3000045,"CATETER EPICUTANEO CAVA 1,8FR SILMAG (SILASTIC)",0.0,10,URGENCIAS(2),8400000061803,0.0,0.0
3000045,"CATETER EPICUTANEO CAVA 1,8FR SILMAG (SILASTIC)",0.0,10,INTERNADO(3),8400000061803,0.0,0.0
3000045,"CATETER EPICUTANEO CAVA 1,8FR SILMAG (SILASTIC)",0.0,10,QUIROFANO(4),8400000061803,0.0,0.0
3000046,CATETER INTROCAN NRO 16G S/ ALETA (B BRAUN),17500.0,10,FARMACIA INTERNA(1),3000046,0.0,5.0
3000046,CATETER INTROCAN NRO 16G S/ ALETA (B BRAUN),17500.0,10,URGENCIAS(2),3000046,0.0,0.0
3000046,CATETER INTROCAN NRO 16G S/ ALETA (B BRAUN),17500.0,10,INTERNADO(3),3000046,0.0,0.0
3000046,CATETER INTROCAN NRO 16G S/ ALETA (B BRAUN),17500.0,10,QUIROFANO(4),3000046,0.0,0.0
3000046,CATETER INTROCAN NRO 16G S/ ALETA (B BRAUN),17500.0,10,ADMINISTRACION,3000046,0.0,0.0
3000046,CATETER INTROCAN NRO 16G S/ ALETA (B BRAUN),17500.0,10,CARRO DE PARO,3000046,0.0,5.0
3000048,CATETER P/ HEMODIALISIS FR 12 X 15 CM,0.0,10,URGENCIAS(2),8400000094207,0.0,0.0
3000048,CATETER P/ HEMODIALISIS FR 12 X 15 CM,0.0,10,INTERNADO(3),8400000094207,0.0,0.0
3000048,CATETER P/ HEMODIALISIS FR 12 X 15 CM,0.0,10,QUIROFANO(4),8400000094207,0.0,0.0
3000049,CEPILLO CON IODOPOVIDONA,10000.0,10,URGENCIAS(2),7897780205977,0.0,0.0
3000049,CEPILLO CON IODOPOVIDONA,10000.0,10,INTERNADO(3),7897780205977,0.0,0.0
3000049,CEPILLO CON IODOPOVIDONA,10000.0,10,QUIROFANO(4),7897780205977,0.0,0.0
3000050,CIRCUITO RESPIRADOR ADULTO C/ HUMIDIFICADOR,0.0,10,URGENCIAS(2),109420012430,0.0,0.0
3000050,CIRCUITO RESPIRADOR ADULTO C/ HUMIDIFICADOR,0.0,10,INTERNADO(3),109420012430,0.0,0.0
3000050,CIRCUITO RESPIRADOR ADULTO C/ HUMIDIFICADOR,0.0,10,QUIROFANO(4),109420012430,0.0,0.0
3000050,CIRCUITO RESPIRADOR ADULTO C/ HUMIDIFICADOR,0.0,10,ADMINISTRACION,109420012430,0.0,0.0
3000050,CIRCUITO RESPIRADOR ADULTO C/ HUMIDIFICADOR,0.0,10,CARRO DE PARO,109420012430,0.0,0.0
3000051,CLAMP UMBILICAL,2000.0,10,URGENCIAS(2),8400000000864,0.0,0.0
3000051,CLAMP UMBILICAL,2000.0,10,INTERNADO(3),8400000000864,0.0,0.0
3000051,CLAMP UMBILICAL,2000.0,10,QUIROFANO(4),8400000000864,0.0,0.0
3000052,COLECTOR DE ORINA ADULTO DESCARPACK 2000ML,5000.0,10,FARMACIA INTERNA(1),3000052,0.0,7.0
3000052,COLECTOR DE ORINA ADULTO DESCARPACK 2000ML,5000.0,10,URGENCIAS(2),3000052,0.0,3.0
3000052,COLECTOR DE ORINA ADULTO DESCARPACK 2000ML,5000.0,10,INTERNADO(3),3000052,0.0,0.0
3000052,COLECTOR DE ORINA ADULTO DESCARPACK 2000ML,5000.0,10,QUIROFANO(4),3000052,0.0,0.0
3000052,COLECTOR DE ORINA ADULTO DESCARPACK 2000ML,5000.0,10,ADMINISTRACION,3000052,0.0,0.0
3000052,COLECTOR DE ORINA ADULTO DESCARPACK 2000ML,5000.0,10,CARRO DE PARO,3000052,0.0,0.0
3000053,8400000000246,0.0,10,URGENCIAS(2),8400000001243,0.0,0.0
3000053,8400000000246,0.0,10,INTERNADO(3),8400000001243,0.0,0.0
3000053,8400000000246,0.0,10,QUIROFANO(4),8400000001243,0.0,0.0
3000054,COLECTOR DE ORINA PEDIATRICO X 100ML,0.0,10,URGENCIAS(2),8400000004145,0.0,0.0
3000054,COLECTOR DE ORINA PEDIATRICO X 100ML,0.0,10,INTERNADO(3),8400000004145,0.0,0.0
3000054,COLECTOR DE ORINA PEDIATRICO X 100ML,0.0,10,QUIROFANO(4),8400000004145,0.0,0.0
3000055,COLLAR FILADELFIA BANDER GREEN EG,0.0,10,URGENCIAS(2),8400000026567,0.0,0.0
3000055,COLLAR FILADELFIA BANDER GREEN EG,0.0,10,INTERNADO(3),8400000026567,0.0,0.0
3000055,COLLAR FILADELFIA BANDER GREEN EG,0.0,10,QUIROFANO(4),8400000026567,0.0,0.0
3000056,COLLAR CERVICAL ESPUMA XG CONWELL,0.0,10,URGENCIAS(2),8400000026574,0.0,0.0
3000056,COLLAR CERVICAL ESPUMA XG CONWELL,0.0,10,INTERNADO(3),8400000026574,0.0,0.0
3000056,COLLAR CERVICAL ESPUMA XG CONWELL,0.0,10,QUIROFANO(4),8400000026574,0.0,0.0
3000057,COLLAR CERVICAL FILADELFIA MEDIANO,0.0,10,URGENCIAS(2),8400000023931,0.0,0.0
3000057,COLLAR CERVICAL FILADELFIA MEDIANO,0.0,10,INTERNADO(3),8400000023931,0.0,0.0
3000057,COLLAR CERVICAL FILADELFIA MEDIANO,0.0,10,QUIROFANO(4),8400000023931,0.0,0.0
3000058,COLLAR CERVICAL SCHANZ XG,0.0,10,URGENCIAS(2),7798148271446,0.0,0.0
3000058,COLLAR CERVICAL SCHANZ XG,0.0,10,INTERNADO(3),7798148271446,0.0,0.0
3000058,COLLAR CERVICAL SCHANZ XG,0.0,10,QUIROFANO(4),7798148271446,0.0,0.0
3000059,COLLAR FILADELFIA BANDER GREEN EG,0.0,10,URGENCIAS(2),7798148271330,0.0,0.0
3000059,COLLAR FILADELFIA BANDER GREEN EG,0.0,10,INTERNADO(3),7798148271330,0.0,0.0
3000059,COLLAR FILADELFIA BANDER GREEN EG,0.0,10,QUIROFANO(4),7798148271330,0.0,0.0
3000060,COLLAR FILADELFIA BANDER GREEN G,0.0,10,URGENCIAS(2),7798148271323,0.0,0.0
3000060,COLLAR FILADELFIA BANDER GREEN G,0.0,10,INTERNADO(3),7798148271323,0.0,0.0
3000060,COLLAR FILADELFIA BANDER GREEN G,0.0,10,QUIROFANO(4),7798148271323,0.0,0.0
3000061,COLLAR FILADELFIA BANDER GREEN P,0.0,10,URGENCIAS(2),7798148271309,0.0,0.0
3000061,COLLAR FILADELFIA BANDER GREEN P,0.0,10,INTERNADO(3),7798148271309,0.0,0.0
3000061,COLLAR FILADELFIA BANDER GREEN P,0.0,10,QUIROFANO(4),7798148271309,0.0,0.0
3000062,COVAWOUND HIDROCOLLOID 10X10CM X 1 PCS,0.0,10,URGENCIAS(2),825439012000,0.0,0.0
3000062,COVAWOUND HIDROCOLLOID 10X10CM X 1 PCS,0.0,10,INTERNADO(3),825439012000,0.0,0.0
3000062,COVAWOUND HIDROCOLLOID 10X10CM X 1 PCS,0.0,10,QUIROFANO(4),825439012000,0.0,0.0
3000062,COVAWOUND HIDROCOLLOID 10X10CM X 1 PCS,0.0,10,ADMINISTRACION,825439012000,0.0,0.0
3000062,COVAWOUND HIDROCOLLOID 10X10CM X 1 PCS,0.0,10,CARRO DE PARO,825439012000,0.0,0.0
3000063,COVAWOUND P/ TALON 20X26CM X 1 (ANTIESCARA),0.0,10,URGENCIAS(2),825439016077,0.0,0.0
3000063,COVAWOUND P/ TALON 20X26CM X 1 (ANTIESCARA),0.0,10,INTERNADO(3),825439016077,0.0,0.0
3000063,COVAWOUND P/ TALON 20X26CM X 1 (ANTIESCARA),0.0,10,QUIROFANO(4),825439016077,0.0,0.0
3000063,COVAWOUND P/ TALON 20X26CM X 1 (ANTIESCARA),0.0,10,ADMINISTRACION,825439016077,0.0,0.0
3000063,COVAWOUND P/ TALON 20X26CM X 1 (ANTIESCARA),0.0,10,CARRO DE PARO,825439016077,0.0,0.0
3000064,CROMADO 3-0 ETHICON,0.0,10,URGENCIAS(2),8400000001991,0.0,0.0
3000064,CROMADO 3-0 ETHICON,0.0,10,INTERNADO(3),8400000001991,0.0,0.0
3000064,CROMADO 3-0 ETHICON,0.0,10,QUIROFANO(4),8400000001991,0.0,0.0
3000065,CROMADO 4-0 70CM 1/2 17MM RB-1 ETHICON,0.0,10,URGENCIAS(2),8400000007108,0.0,0.0
3000065,CROMADO 4-0 70CM 1/2 17MM RB-1 ETHICON,0.0,10,INTERNADO(3),8400000007108,0.0,0.0
3000065,CROMADO 4-0 70CM 1/2 17MM RB-1 ETHICON,0.0,10,QUIROFANO(4),8400000007108,0.0,0.0
3000066,CROMADO 5-0 ETHICON,0.0,10,URGENCIAS(2),8400000007115,0.0,0.0
3000066,CROMADO 5-0 ETHICON,0.0,10,INTERNADO(3),8400000007115,0.0,0.0
3000066,CROMADO 5-0 ETHICON,0.0,10,QUIROFANO(4),8400000007115,0.0,0.0
3000067,CUTICELL CLASSIC 10CM X 10 CM,0.0,10,URGENCIAS(2),4042809224146,0.0,0.0
3000067,CUTICELL CLASSIC 10CM X 10 CM,0.0,10,INTERNADO(3),4042809224146,0.0,0.0
3000067,CUTICELL CLASSIC 10CM X 10 CM,0.0,10,QUIROFANO(4),4042809224146,0.0,0.0
3000068,CUTIMED CAVITY 10CM X 10CM,0.0,10,URGENCIAS(2),8400000008600,0.0,0.0
3000068,CUTIMED CAVITY 10CM X 10CM,0.0,10,INTERNADO(3),8400000008600,0.0,0.0
3000068,CUTIMED CAVITY 10CM X 10CM,0.0,10,QUIROFANO(4),8400000008600,0.0,0.0
3000069,CUTIMED GEL (HIDROGEL) 25GR,0.0,10,URGENCIAS(2),8400000008617,0.0,0.0
3000069,CUTIMED GEL (HIDROGEL) 25GR,0.0,10,INTERNADO(3),8400000008617,0.0,0.0
3000069,CUTIMED GEL (HIDROGEL) 25GR,0.0,10,QUIROFANO(4),8400000008617,0.0,0.0
3000070,CUTIMED SILTEC 10CM X 10CM,0.0,10,URGENCIAS(2),947263201,0.0,0.0
3000070,CUTIMED SILTEC 10CM X 10CM,0.0,10,INTERNADO(3),947263201,0.0,0.0
3000070,CUTIMED SILTEC 10CM X 10CM,0.0,10,QUIROFANO(4),947263201,0.0,0.0
3000070,CUTIMED SILTEC 10CM X 10CM,0.0,10,ADMINISTRACION,947263201,0.0,0.0
3000070,CUTIMED SILTEC 10CM X 10CM,0.0,10,CARRO DE PARO,947263201,0.0,0.0
3000071,CUTIMED SORBACT COMPRESA 10CM X 10CM,0.0,10,URGENCIAS(2),8400000008631,0.0,0.0
3000071,CUTIMED SORBACT COMPRESA 10CM X 10CM,0.0,10,INTERNADO(3),8400000008631,0.0,0.0
3000071,CUTIMED SORBACT COMPRESA 10CM X 10CM,0.0,10,QUIROFANO(4),8400000008631,0.0,0.0
3000072,"CUTIMED SORBACT GEL 7,5 X 7,5CM",0.0,10,URGENCIAS(2),8400000008648,0.0,0.0
3000072,"CUTIMED SORBACT GEL 7,5 X 7,5CM",0.0,10,INTERNADO(3),8400000008648,0.0,0.0
3000072,"CUTIMED SORBACT GEL 7,5 X 7,5CM",0.0,10,QUIROFANO(4),8400000008648,0.0,0.0
3000073,CUTIMED SORBACT MALLA 4CM X 6CM,0.0,10,URGENCIAS(2),8400000008655,0.0,0.0
3000073,CUTIMED SORBACT MALLA 4CM X 6CM,0.0,10,INTERNADO(3),8400000008655,0.0,0.0
3000073,CUTIMED SORBACT MALLA 4CM X 6CM,0.0,10,QUIROFANO(4),8400000008655,0.0,0.0
3000074,DAFILON 0 75CM DS39 B BRAUN,0.0,10,URGENCIAS(2),8400000006408,0.0,0.0
3000074,DAFILON 0 75CM DS39 B BRAUN,0.0,10,INTERNADO(3),8400000006408,0.0,0.0
3000074,DAFILON 0 75CM DS39 B BRAUN,0.0,10,QUIROFANO(4),8400000006408,0.0,0.0
3000075,DAFILON 3-0 75CM DS24 B BRAUN,40000.0,10,URGENCIAS(2),8400000004084,0.0,10.0
3000075,DAFILON 3-0 75CM DS24 B BRAUN,40000.0,10,INTERNADO(3),8400000004084,0.0,0.0
3000075,DAFILON 3-0 75CM DS24 B BRAUN,40000.0,10,QUIROFANO(4),8400000004084,0.0,0.0
3000076,DAFILON 4-0 75CM DS19 B BRAUN,40000.0,10,URGENCIAS(2),8400000004077,0.0,2.0
3000076,DAFILON 4-0 75CM DS19 B BRAUN,40000.0,10,INTERNADO(3),8400000004077,0.0,0.0
3000076,DAFILON 4-0 75CM DS19 B BRAUN,40000.0,10,QUIROFANO(4),8400000004077,0.0,0.0
3000077,DAFILON 5-0 75CM DS19 B BRAUN,74000.0,10,URGENCIAS(2),8400000098588,0.0,11.0
3000077,DAFILON 5-0 75CM DS19 B BRAUN,74000.0,10,INTERNADO(3),8400000098588,0.0,0.0
3000077,DAFILON 5-0 75CM DS19 B BRAUN,74000.0,10,QUIROFANO(4),8400000098588,0.0,0.0
3000078,DEMECRYL 3-0 19MM 70CM INCOLORO (VICRYL),0.0,10,URGENCIAS(2),8400000098380,0.0,0.0
3000078,DEMECRYL 3-0 19MM 70CM INCOLORO (VICRYL),0.0,10,INTERNADO(3),8400000098380,0.0,0.0
3000078,DEMECRYL 3-0 19MM 70CM INCOLORO (VICRYL),0.0,10,QUIROFANO(4),8400000098380,0.0,0.0
3000079,REGULADOR DE GOTEO (DOSIFLOW),13500.0,10,FARMACIA INTERNA(1),3000079,0.0,26.0
3000079,REGULADOR DE GOTEO (DOSIFLOW),13500.0,10,URGENCIAS(2),3000079,0.0,36.0
3000079,REGULADOR DE GOTEO (DOSIFLOW),13500.0,10,INTERNADO(3),3000079,0.0,0.0
3000079,REGULADOR DE GOTEO (DOSIFLOW),13500.0,10,QUIROFANO(4),3000079,0.0,0.0
3000079,REGULADOR DE GOTEO (DOSIFLOW),13500.0,10,ADMINISTRACION,3000079,0.0,0.0
3000079,REGULADOR DE GOTEO (DOSIFLOW),13500.0,10,CARRO DE PARO,3000079,0.0,2.0
3000080,DREN PENROS NRO 1/4 (1),17700.0,10,URGENCIAS(2),8400000020909,0.0,0.0
3000080,DREN PENROS NRO 1/4 (1),17700.0,10,INTERNADO(3),8400000020909,0.0,0.0
3000080,DREN PENROS NRO 1/4 (1),17700.0,10,QUIROFANO(4),8400000020909,0.0,0.0
3000081,DREN PENROS NRO 1/2 (2),11550.0,10,URGENCIAS(2),8400000017954,0.0,0.0
3000081,DREN PENROS NRO 1/2 (2),11550.0,10,INTERNADO(3),8400000017954,0.0,0.0
3000081,DREN PENROS NRO 1/2 (2),11550.0,10,QUIROFANO(4),8400000017954,0.0,0.0
3000082,DREN PENROS NRO 1 (4),11550.0,10,URGENCIAS(2),8400000017961,0.0,0.0
3000082,DREN PENROS NRO 1 (4),11550.0,10,INTERNADO(3),8400000017961,0.0,0.0
3000082,DREN PENROS NRO 1 (4),11550.0,10,QUIROFANO(4),8400000017961,0.0,0.0
3000083,DREN PENROS NRO 3/4 (3),15000.0,10,URGENCIAS(2),8400000017978,0.0,0.0
3000083,DREN PENROS NRO 3/4 (3),15000.0,10,INTERNADO(3),8400000017978,0.0,0.0
3000083,DREN PENROS NRO 3/4 (3),15000.0,10,QUIROFANO(4),8400000017978,0.0,0.0
3000084,DREN PENROS NRO 3/8,0.0,10,URGENCIAS(2),8400000017985,0.0,0.0
3000084,DREN PENROS NRO 3/8,0.0,10,INTERNADO(3),8400000017985,0.0,0.0
3000084,DREN PENROS NRO 3/8,0.0,10,QUIROFANO(4),8400000017985,0.0,0.0
3000085,DRENO TORAXICO FR,28.0,0,10 URGENCIAS(2),8400000049474,0.0,0.0
3000085,DRENO TORAXICO FR,28.0,0,10 INTERNADO(3),8400000049474,0.0,0.0
3000085,DRENO TORAXICO FR,28.0,0,10 QUIROFANO(4),8400000049474,0.0,0.0
3000086,DRENO TORAXICO FR,34.0,0,10 URGENCIAS(2),8400000023702,0.0,0.0
3000086,DRENO TORAXICO FR,34.0,0,10 INTERNADO(3),8400000023702,0.0,0.0
3000086,DRENO TORAXICO FR,34.0,0,10 QUIROFANO(4),8400000023702,0.0,0.0
3000087,"ENDOBAG BOLSA DE EXTRACCION ""STORZ""",0.0,10,URGENCIAS(2),8400000019743,0.0,0.0
3000087,"ENDOBAG BOLSA DE EXTRACCION ""STORZ""",0.0,10,INTERNADO(3),8400000019743,0.0,0.0
3000087,"ENDOBAG BOLSA DE EXTRACCION ""STORZ""",0.0,10,QUIROFANO(4),8400000019743,0.0,0.0
3000088,EQUIPO MACRO SIMPLE,0.0,10,URGENCIAS(2),6970349770749,0.0,0.0
3000088,EQUIPO MACRO SIMPLE,0.0,10,INTERNADO(3),6970349770749,0.0,0.0
3000088,EQUIPO MACRO SIMPLE,0.0,10,QUIROFANO(4),6970349770749,0.0,0.0
3000089,EQUIPO MACROGOTERO 20GOTAS SIST. CERRADO (WEGO),12000.0,10,FARMACIA INTERNA(1),3000089,0.0,19.0
3000089,EQUIPO MACROGOTERO 20GOTAS SIST. CERRADO (WEGO),12000.0,10,URGENCIAS(2),3000089,0.0,41.0
3000089,EQUIPO MACROGOTERO 20GOTAS SIST. CERRADO (WEGO),12000.0,10,INTERNADO(3),3000089,0.0,0.0
3000089,EQUIPO MACROGOTERO 20GOTAS SIST. CERRADO (WEGO),12000.0,10,QUIROFANO(4),3000089,0.0,0.0
3000089,EQUIPO MACROGOTERO 20GOTAS SIST. CERRADO (WEGO),12000.0,10,ADMINISTRACION,3000089,0.0,0.0
3000089,EQUIPO MACROGOTERO 20GOTAS SIST. CERRADO (WEGO),12000.0,10,CARRO DE PARO,3000089,0.0,0.0
3000091,ESPECULO VAGINAL DESC. PEQUEÑO,9500.0,10,URGENCIAS(2),8400000000307,0.0,0.0
3000091,ESPECULO VAGINAL DESC. PEQUEÑO,9500.0,10,INTERNADO(3),8400000000307,0.0,0.0
3000091,ESPECULO VAGINAL DESC. PEQUEÑO,9500.0,10,QUIROFANO(4),8400000000307,0.0,0.0
3000092,ESPECULO VAGINAL DESC. MEDIANO,9500.0,10,URGENCIAS(2),8400000098847,0.0,0.0
3000092,ESPECULO VAGINAL DESC. MEDIANO,9500.0,10,INTERNADO(3),8400000098847,0.0,0.0
3000092,ESPECULO VAGINAL DESC. MEDIANO,9500.0,10,QUIROFANO(4),8400000098847,0.0,0.0
3000093,ESPECULO VAGINAL DESC. GRANDE,9500.0,10,URGENCIAS(2),8400000098830,0.0,1.0
3000093,ESPECULO VAGINAL DESC. GRANDE,9500.0,10,INTERNADO(3),8400000098830,0.0,0.0
3000093,ESPECULO VAGINAL DESC. GRANDE,9500.0,10,QUIROFANO(4),8400000098830,0.0,0.0
3000094,FILTRO ANTIBACTERIANO C/ HUMIDIFICADOR,128000.0,10,URGENCIAS(2),8400000008693,0.0,0.0
3000094,FILTRO ANTIBACTERIANO C/ HUMIDIFICADOR,128000.0,10,INTERNADO(3),8400000008693,0.0,0.0
3000094,FILTRO ANTIBACTERIANO C/ HUMIDIFICADOR,128000.0,10,QUIROFANO(4),8400000008693,0.0,0.0
3000095,FILTRO P/ TRAQUEOSTOMIA C/HUMD. COVIDIEN,0.0,10,URGENCIAS(2),8400000045742,0.0,0.0
3000095,FILTRO P/ TRAQUEOSTOMIA C/HUMD. COVIDIEN,0.0,10,INTERNADO(3),8400000045742,0.0,0.0
3000095,FILTRO P/ TRAQUEOSTOMIA C/HUMD. COVIDIEN,0.0,10,QUIROFANO(4),8400000045742,0.0,0.0
3000096,FRASCO COLECTOR LABORATORIO 100ML,3000.0,10,URGENCIAS(2),8400000001250,0.0,0.0
3000096,FRASCO COLECTOR LABORATORIO 100ML,3000.0,10,INTERNADO(3),8400000001250,0.0,0.0
3000096,FRASCO COLECTOR LABORATORIO 100ML,3000.0,10,QUIROFANO(4),8400000001250,0.0,0.0
3000097,FRASCO P/ DRENAJE 1000ML,0.0,10,URGENCIAS(2),8400000005173,0.0,0.0
3000097,FRASCO P/ DRENAJE 1000ML,0.0,10,INTERNADO(3),8400000005173,0.0,0.0
3000097,FRASCO P/ DRENAJE 1000ML,0.0,10,QUIROFANO(4),8400000005173,0.0,0.0
3000098,FRASCO P/ DRENAJE 2000ML,235000.0,10,URGENCIAS(2),8400000005180,0.0,0.0
3000098,FRASCO P/ DRENAJE 2000ML,235000.0,10,INTERNADO(3),8400000005180,0.0,0.0
3000098,FRASCO P/ DRENAJE 2000ML,235000.0,10,QUIROFANO(4),8400000005180,0.0,0.0
3000099,GUANTE DE NITRILO M,0.0,10,URGENCIAS(2),8400000122788,0.0,0.0
3000099,GUANTE DE NITRILO M,0.0,10,INTERNADO(3),8400000122788,0.0,0.0
3000099,GUANTE DE NITRILO M,0.0,10,QUIROFANO(4),8400000122788,0.0,0.0
3000100,GUANTE ESTERIL LATEX PAR NRO 6.5 (BELMED),6000.0,10,FARMACIA INTERNA(1),3000100,0.0,37.0
3000100,GUANTE ESTERIL LATEX PAR NRO 6.5 (BELMED),6000.0,10,URGENCIAS(2),3000100,0.0,0.0
3000100,GUANTE ESTERIL LATEX PAR NRO 6.5 (BELMED),6000.0,10,INTERNADO(3),3000100,0.0,0.0
3000100,GUANTE ESTERIL LATEX PAR NRO 6.5 (BELMED),6000.0,10,QUIROFANO(4),3000100,0.0,0.0
3000100,GUANTE ESTERIL LATEX PAR NRO 6.5 (BELMED),6000.0,10,ADMINISTRACION,3000100,0.0,0.0
3000100,GUANTE ESTERIL LATEX PAR NRO 6.5 (BELMED),6000.0,10,CARRO DE PARO,3000100,0.0,0.0
3000101,GUANTE ESTERIL LATEX PAR NRO 7.0 (BELMED),6000.0,10,FARMACIA INTERNA(1),3000101,0.0,29.0
3000101,GUANTE ESTERIL LATEX PAR NRO 7.0 (BELMED),6000.0,10,URGENCIAS(2),3000101,0.0,0.0
3000101,GUANTE ESTERIL LATEX PAR NRO 7.0 (BELMED),6000.0,10,INTERNADO(3),3000101,0.0,0.0
3000101,GUANTE ESTERIL LATEX PAR NRO 7.0 (BELMED),6000.0,10,QUIROFANO(4),3000101,0.0,0.0
3000101,GUANTE ESTERIL LATEX PAR NRO 7.0 (BELMED),6000.0,10,ADMINISTRACION,3000101,0.0,0.0
3000101,GUANTE ESTERIL LATEX PAR NRO 7.0 (BELMED),6000.0,10,CARRO DE PARO,3000101,0.0,0.0
3000102,GUANTE ESTERIL,0.0,10,URGENCIAS(2),8400000001045,0.0,0.0
3000102,GUANTE ESTERIL,0.0,10,INTERNADO(3),8400000001045,0.0,0.0
3000102,GUANTE ESTERIL,0.0,10,QUIROFANO(4),8400000001045,0.0,0.0
3000103,GUANTE ESTERIL LATEX PAR NRO 8.0 (BELMED),6000.0,10,FARMACIA INTERNA(1),3000103,0.0,42.0
3000103,GUANTE ESTERIL LATEX PAR NRO 8.0 (BELMED),6000.0,10,URGENCIAS(2),3000103,0.0,1.0
3000103,GUANTE ESTERIL LATEX PAR NRO 8.0 (BELMED),6000.0,10,INTERNADO(3),3000103,0.0,0.0
3000103,GUANTE ESTERIL LATEX PAR NRO 8.0 (BELMED),6000.0,10,QUIROFANO(4),3000103,0.0,0.0
3000103,GUANTE ESTERIL LATEX PAR NRO 8.0 (BELMED),6000.0,10,ADMINISTRACION,3000103,0.0,0.0
3000103,GUANTE ESTERIL LATEX PAR NRO 8.0 (BELMED),6000.0,10,CARRO DE PARO,3000103,0.0,0.0
3000104,GUANTE ESTERIL LATEX PAR NRO 7.5 (BELMED),6000.0,10,FARMACIA INTERNA(1),3000104,0.0,24.0
3000104,GUANTE ESTERIL LATEX PAR NRO 7.5 (BELMED),6000.0,10,URGENCIAS(2),3000104,0.0,25.0
3000104,GUANTE ESTERIL LATEX PAR NRO 7.5 (BELMED),6000.0,10,INTERNADO(3),3000104,0.0,0.0
3000104,GUANTE ESTERIL LATEX PAR NRO 7.5 (BELMED),6000.0,10,QUIROFANO(4),3000104,0.0,0.0
3000104,GUANTE ESTERIL LATEX PAR NRO 7.5 (BELMED),6000.0,10,ADMINISTRACION,3000104,0.0,0.0
3000104,GUANTE ESTERIL LATEX PAR NRO 7.5 (BELMED),6000.0,10,CARRO DE PARO,3000104,0.0,8.0
3000105,HEMO SUC 400CC 16 FR,0.0,10,URGENCIAS(2),8400000003322,0.0,0.0
3000105,HEMO SUC 400CC 16 FR,0.0,10,INTERNADO(3),8400000003322,0.0,0.0
3000105,HEMO SUC 400CC 16 FR,0.0,10,QUIROFANO(4),8400000003322,0.0,0.0
3000106,HEMO SUC 400CC 18 FR,0.0,10,URGENCIAS(2),8400000003339,0.0,0.0
3000106,HEMO SUC 400CC 18 FR,0.0,10,INTERNADO(3),8400000003339,0.0,0.0
3000106,HEMO SUC 400CC 18 FR,0.0,10,QUIROFANO(4),8400000003339,0.0,0.0
3000107,JERINGA 1 ML 27GX1/2 (NO FIJA),0.0,10,URGENCIAS(2),8400000001090,0.0,0.0
3000107,JERINGA 1 ML 27GX1/2 (NO FIJA),0.0,10,INTERNADO(3),8400000001090,0.0,0.0
3000107,JERINGA 1 ML 27GX1/2 (NO FIJA),0.0,10,QUIROFANO(4),8400000001090,0.0,0.0
3000108,8400000001090,0.0,10,URGENCIAS(2),8400000009065,0.0,0.0
3000108,8400000001090,0.0,10,INTERNADO(3),8400000009065,0.0,0.0
3000108,8400000001090,0.0,10,QUIROFANO(4),8400000009065,0.0,0.0
3000109,JERINGA DESCARTABLE 20ML,6000.0,10,FARMACIA INTERNA(1),3000109,0.0,35.0
3000109,JERINGA DESCARTABLE 20ML,6000.0,10,URGENCIAS(2),3000109,0.0,13.0
3000109,JERINGA DESCARTABLE 20ML,6000.0,10,INTERNADO(3),3000109,0.0,0.0
3000109,JERINGA DESCARTABLE 20ML,6000.0,10,QUIROFANO(4),3000109,0.0,0.0
3000109,JERINGA DESCARTABLE 20ML,6000.0,10,ADMINISTRACION,3000109,0.0,0.0
3000109,JERINGA DESCARTABLE 20ML,6000.0,10,CARRO DE PARO,3000109,0.0,0.0
3000110,JERINGA DESCARTABLE 1ML (INSULINA),1500.0,10,FARMACIA INTERNA(1),3000110,0.0,76.0
3000110,JERINGA DESCARTABLE 1ML (INSULINA),1500.0,10,URGENCIAS(2),3000110,0.0,6.0
3000110,JERINGA DESCARTABLE 1ML (INSULINA),1500.0,10,INTERNADO(3),3000110,0.0,0.0
3000110,JERINGA DESCARTABLE 1ML (INSULINA),1500.0,10,QUIROFANO(4),3000110,0.0,0.0
3000110,JERINGA DESCARTABLE 1ML (INSULINA),1500.0,10,ADMINISTRACION,3000110,0.0,0.0
3000110,JERINGA DESCARTABLE 1ML (INSULINA),1500.0,10,CARRO DE PARO,3000110,0.0,0.0
3000111,JERINGA 3 ML 21GX1 1/2 A PRESION,0.0,10,URGENCIAS(2),8400000001106,0.0,0.0
3000111,JERINGA 3 ML 21GX1 1/2 A PRESION,0.0,10,INTERNADO(3),8400000001106,0.0,0.0
3000111,JERINGA 3 ML 21GX1 1/2 A PRESION,0.0,10,QUIROFANO(4),8400000001106,0.0,0.0
3000112,JERINGA 5 ML 21GX1 1/2 A PRESION,0.0,10,URGENCIAS(2),8400000004527,0.0,0.0
3000112,JERINGA 5 ML 21GX1 1/2 A PRESION,0.0,10,INTERNADO(3),8400000004527,0.0,0.0
3000112,JERINGA 5 ML 21GX1 1/2 A PRESION,0.0,10,QUIROFANO(4),8400000004527,0.0,0.0
3000113,JERINGA 50 ML PICO GRUESO (PUNTA CATETER),0.0,10,URGENCIAS(2),8400000000888,0.0,0.0
3000113,JERINGA 50 ML PICO GRUESO (PUNTA CATETER),0.0,10,INTERNADO(3),8400000000888,0.0,0.0
3000113,JERINGA 50 ML PICO GRUESO (PUNTA CATETER),0.0,10,QUIROFANO(4),8400000000888,0.0,0.0
3000114,JERINGA P/PERFUSOR 50ML B/BRAUN,0.0,10,URGENCIAS(2),8400000004169,0.0,0.0
3000114,JERINGA P/PERFUSOR 50ML B/BRAUN,0.0,10,INTERNADO(3),8400000004169,0.0,0.0
3000114,JERINGA P/PERFUSOR 50ML B/BRAUN,0.0,10,QUIROFANO(4),8400000004169,0.0,0.0
3000115,LINEA INFUSOMAT SPACE (P/ NUTRICION ENTERAL) LILA,0.0,10,URGENCIAS(2),8400000017770,0.0,0.0
3000115,LINEA INFUSOMAT SPACE (P/ NUTRICION ENTERAL) LILA,0.0,10,INTERNADO(3),8400000017770,0.0,0.0
3000115,LINEA INFUSOMAT SPACE (P/ NUTRICION ENTERAL) LILA,0.0,10,QUIROFANO(4),8400000017770,0.0,0.0
3000116,LINEA INFUSOMAT SPACE B/BRAUN (NARANJA),0.0,10,URGENCIAS(2),8400000004152,0.0,0.0
3000116,LINEA INFUSOMAT SPACE B/BRAUN (NARANJA),0.0,10,INTERNADO(3),8400000004152,0.0,0.0
3000116,LINEA INFUSOMAT SPACE B/BRAUN (NARANJA),0.0,10,QUIROFANO(4),8400000004152,0.0,0.0
3000117,LINEA P/ PERFUSOR B/BRAUN,0.0,10,URGENCIAS(2),8400000004176,0.0,0.0
3000117,LINEA P/ PERFUSOR B/BRAUN,0.0,10,INTERNADO(3),8400000004176,0.0,0.0
3000117,LINEA P/ PERFUSOR B/BRAUN,0.0,10,QUIROFANO(4),8400000004176,0.0,0.0
3000118,LLAVE DE 2 VIAS (POLIFIX) NEONATAL,0.0,10,URGENCIAS(2),7891543002957,0.0,0.0
3000118,LLAVE DE 2 VIAS (POLIFIX) NEONATAL,0.0,10,INTERNADO(3),7891543002957,0.0,0.0
3000118,LLAVE DE 2 VIAS (POLIFIX) NEONATAL,0.0,10,QUIROFANO(4),7891543002957,0.0,0.0
3000119,LLAVE DE 2 VIAS C/ EXTENSOR (POLIFIX),9500.0,10,URGENCIAS(2),8400000090995,0.0,0.0
3000119,LLAVE DE 2 VIAS C/ EXTENSOR (POLIFIX),9500.0,10,INTERNADO(3),8400000090995,0.0,0.0
3000119,LLAVE DE 2 VIAS C/ EXTENSOR (POLIFIX),9500.0,10,QUIROFANO(4),8400000090995,0.0,0.0
3000120,LLAVE DE 3 VIAS,3850.0,10,URGENCIAS(2),8400000000833,0.0,5.0
3000120,LLAVE DE 3 VIAS,3850.0,10,INTERNADO(3),8400000000833,0.0,0.0
3000120,LLAVE DE 3 VIAS,3850.0,10,QUIROFANO(4),8400000000833,0.0,0.0
3000121,MALLA PROTÉSTICA DE POLIPROPILENO 15 X 15CM MARLEX,492000.0,10,URGENCIAS(2),1724091310119,0.0,0.0
3000121,MALLA PROTÉSTICA DE POLIPROPILENO 15 X 15CM MARLEX,492000.0,10,INTERNADO(3),1724091310119,0.0,0.0
3000121,MALLA PROTÉSTICA DE POLIPROPILENO 15 X 15CM MARLEX,492000.0,10,QUIROFANO(4),1724091310119,0.0,0.0
3000122,MALLA POLIPROPILENO 30 X 30CM (BIOMESH),845000.0,10,URGENCIAS(2),8400000020831,0.0,0.0
3000122,MALLA POLIPROPILENO 30 X 30CM (BIOMESH),845000.0,10,INTERNADO(3),8400000020831,0.0,0.0
3000122,MALLA POLIPROPILENO 30 X 30CM (BIOMESH),845000.0,10,QUIROFANO(4),8400000020831,0.0,0.0
3000123,8400000020831,0.0,10,URGENCIAS(2),8400000042833,0.0,0.0
3000123,8400000020831,0.0,10,INTERNADO(3),8400000042833,0.0,0.0
3000123,8400000020831,0.0,10,QUIROFANO(4),8400000042833,0.0,0.0
3000124,MALLA POLIPROPILENO BARDMESH 25 X 35 CM,0.0,10,URGENCIAS(2),8400000042826,0.0,0.0
3000124,MALLA POLIPROPILENO BARDMESH 25 X 35 CM,0.0,10,INTERNADO(3),8400000042826,0.0,0.0
3000124,MALLA POLIPROPILENO BARDMESH 25 X 35 CM,0.0,10,QUIROFANO(4),8400000042826,0.0,0.0
3000125,MARIPOSITA NRO 21 (VERDE),0.0,10,URGENCIAS(2),8400000000819,0.0,0.0
3000125,MARIPOSITA NRO 21 (VERDE),0.0,10,INTERNADO(3),8400000000819,0.0,0.0
3000125,MARIPOSITA NRO 21 (VERDE),0.0,10,QUIROFANO(4),8400000000819,0.0,0.0
3000126,MARIPOSITA NRO 23 (CELESTE),2000.0,10,URGENCIAS(2),8400000000826,0.0,10.0
3000126,MARIPOSITA NRO 23 (CELESTE),2000.0,10,INTERNADO(3),8400000000826,0.0,0.0
3000126,MARIPOSITA NRO 23 (CELESTE),2000.0,10,QUIROFANO(4),8400000000826,0.0,0.0
3000127,MARIPOSITA NRO 25 (NARANJA),0.0,10,URGENCIAS(2),8400000000802,0.0,0.0
3000127,MARIPOSITA NRO 25 (NARANJA),0.0,10,INTERNADO(3),8400000000802,0.0,0.0
3000127,MARIPOSITA NRO 25 (NARANJA),0.0,10,QUIROFANO(4),8400000000802,0.0,0.0
3000128,MONONYLON 2-0 SC-30 45CM ETHICON,0.0,10,URGENCIAS(2),8400000003827,0.0,0.0
3000128,MONONYLON 2-0 SC-30 45CM ETHICON,0.0,10,INTERNADO(3),8400000003827,0.0,0.0
3000128,MONONYLON 2-0 SC-30 45CM ETHICON,0.0,10,QUIROFANO(4),8400000003827,0.0,0.0
3000129,MONONYLON 4-0/ PS-4 INCOLORO,0.0,10,URGENCIAS(2),8400000007122,0.0,0.0
3000129,MONONYLON 4-0/ PS-4 INCOLORO,0.0,10,INTERNADO(3),8400000007122,0.0,0.0
3000129,MONONYLON 4-0/ PS-4 INCOLORO,0.0,10,QUIROFANO(4),8400000007122,0.0,0.0
3000130,MONONYLON 5-0/PS-4 INCOLORO,0.0,10,URGENCIAS(2),8400000007139,0.0,0.0
3000130,MONONYLON 5-0/PS-4 INCOLORO,0.0,10,INTERNADO(3),8400000007139,0.0,0.0
3000130,MONONYLON 5-0/PS-4 INCOLORO,0.0,10,QUIROFANO(4),8400000007139,0.0,0.0
3000131,MONOSOFT 3-0 CT-13 3/8 19MM X 45CM COVIDIEN,0.0,10,URGENCIAS(2),8400000016704,0.0,0.0
3000131,MONOSOFT 3-0 CT-13 3/8 19MM X 45CM COVIDIEN,0.0,10,INTERNADO(3),8400000016704,0.0,0.0
3000131,MONOSOFT 3-0 CT-13 3/8 19MM X 45CM COVIDIEN,0.0,10,QUIROFANO(4),8400000016704,0.0,0.0
3000132,MONOSOFT 3-0 CT-20MM 3/8 X 45CM COVIDIEN,0.0,10,URGENCIAS(2),8400000072779,0.0,0.0
3000132,MONOSOFT 3-0 CT-20MM 3/8 X 45CM COVIDIEN,0.0,10,INTERNADO(3),8400000072779,0.0,0.0
3000132,MONOSOFT 3-0 CT-20MM 3/8 X 45CM COVIDIEN,0.0,10,QUIROFANO(4),8400000072779,0.0,0.0
3000133,8400000072779,0.0,10,URGENCIAS(2),8400000098342,0.0,0.0
3000133,8400000072779,0.0,10,INTERNADO(3),8400000098342,0.0,0.0
3000133,8400000072779,0.0,10,QUIROFANO(4),8400000098342,0.0,0.0
3000134,MONOSYN VIOLET 1 90CM HR48 B BRAUN,0.0,10,URGENCIAS(2),8400000014021,0.0,0.0
3000134,MONOSYN VIOLET 1 90CM HR48 B BRAUN,0.0,10,INTERNADO(3),8400000014021,0.0,0.0
3000134,MONOSYN VIOLET 1 90CM HR48 B BRAUN,0.0,10,QUIROFANO(4),8400000014021,0.0,0.0
3000135,MONOSYN TRANSPARENTE 3-0 70CM (B BRAUN),105000.0,10,URGENCIAS(2),8400000007948,0.0,0.0
3000135,MONOSYN TRANSPARENTE 3-0 70CM (B BRAUN),105000.0,10,INTERNADO(3),8400000007948,0.0,0.0
3000135,MONOSYN TRANSPARENTE 3-0 70CM (B BRAUN),105000.0,10,QUIROFANO(4),8400000007948,0.0,0.0
3000136,MONOSYN TRANSPARENTE 4-0 70 CM HR22 B BRAUN,101500.0,10,URGENCIAS(2),8400000007078,0.0,0.0
3000136,MONOSYN TRANSPARENTE 4-0 70 CM HR22 B BRAUN,101500.0,10,INTERNADO(3),8400000007078,0.0,0.0
3000136,MONOSYN TRANSPARENTE 4-0 70 CM HR22 B BRAUN,101500.0,10,QUIROFANO(4),8400000007078,0.0,0.0
3000138,POLYSORB 0 75CM AGUJA 5/8 COVIDIEN,0.0,10,URGENCIAS(2),8400000016940,0.0,0.0
3000138,POLYSORB 0 75CM AGUJA 5/8 COVIDIEN,0.0,10,INTERNADO(3),8400000016940,0.0,0.0
3000138,POLYSORB 0 75CM AGUJA 5/8 COVIDIEN,0.0,10,QUIROFANO(4),8400000016940,0.0,0.0
3000139,POLYSORB 0 V-20 - 26MM X 1/2 X 75CM,0.0,10,URGENCIAS(2),8400000115322,0.0,0.0
3000139,POLYSORB 0 V-20 - 26MM X 1/2 X 75CM,0.0,10,INTERNADO(3),8400000115322,0.0,0.0
3000139,POLYSORB 0 V-20 - 26MM X 1/2 X 75CM,0.0,10,QUIROFANO(4),8400000115322,0.0,0.0
3000140,POLYSORB 1 /GS-24 1/2 40MMX 75 CM (VICRYL CT),0.0,10,URGENCIAS(2),8400000007276,0.0,0.0
3000140,POLYSORB 1 /GS-24 1/2 40MMX 75 CM (VICRYL CT),0.0,10,INTERNADO(3),8400000007276,0.0,0.0
3000140,POLYSORB 1 /GS-24 1/2 40MMX 75 CM (VICRYL CT),0.0,10,QUIROFANO(4),8400000007276,0.0,0.0
3000141,POLYSORB 1/GS-25 1/2 48MM X 75 CM (CTX),0.0,10,URGENCIAS(2),8400000098601,0.0,0.0
3000141,POLYSORB 1/GS-25 1/2 48MM X 75 CM (CTX),0.0,10,INTERNADO(3),8400000098601,0.0,0.0
3000141,POLYSORB 1/GS-25 1/2 48MM X 75 CM (CTX),0.0,10,QUIROFANO(4),8400000098601,0.0,0.0
3000142,8400000098601,0.0,10,URGENCIAS(2),8400000016698,0.0,0.0
3000142,8400000098601,0.0,10,INTERNADO(3),8400000016698,0.0,0.0
3000142,8400000098601,0.0,10,QUIROFANO(4),8400000016698,0.0,0.0
3000143,POLYSORB 2-0 /GS-24 - 40MM -1/2 X 75CM,0.0,10,URGENCIAS(2),8400000099288,0.0,0.0
3000143,POLYSORB 2-0 /GS-24 - 40MM -1/2 X 75CM,0.0,10,INTERNADO(3),8400000099288,0.0,0.0
3000143,POLYSORB 2-0 /GS-24 - 40MM -1/2 X 75CM,0.0,10,QUIROFANO(4),8400000099288,0.0,0.0
3000144,POLYSORB 3-0 V-20 1/2 26 MM X 75CM (SH),0.0,10,URGENCIAS(2),8400000007269,0.0,0.0
3000144,POLYSORB 3-0 V-20 1/2 26 MM X 75CM (SH),0.0,10,INTERNADO(3),8400000007269,0.0,0.0
3000144,POLYSORB 3-0 V-20 1/2 26 MM X 75CM (SH),0.0,10,QUIROFANO(4),8400000007269,0.0,0.0
3000145,SIMPLE 1-0 ETHICON,0.0,10,URGENCIAS(2),8400000002011,0.0,0.0
3000145,SIMPLE 1-0 ETHICON,0.0,10,INTERNADO(3),8400000002011,0.0,0.0
3000145,SIMPLE 1-0 ETHICON,0.0,10,QUIROFANO(4),8400000002011,0.0,0.0
3000146,SIMPLE 2-0 ETHICON,0.0,10,URGENCIAS(2),8400000002028,0.0,0.0
3000146,SIMPLE 2-0 ETHICON,0.0,10,INTERNADO(3),8400000002028,0.0,0.0
3000146,SIMPLE 2-0 ETHICON,0.0,10,QUIROFANO(4),8400000002028,0.0,0.0
3000147,SOFSILK 0 - 15 X 45 CM (SEDA),0.0,10,URGENCIAS(2),8400000099394,0.0,0.0
3000147,SOFSILK 0 - 15 X 45 CM (SEDA),0.0,10,INTERNADO(3),8400000099394,0.0,0.0
3000147,SOFSILK 0 - 15 X 45 CM (SEDA),0.0,10,QUIROFANO(4),8400000099394,0.0,0.0
3000148,SOFSILK 0 -30MM -3/8 X 75CM (SEDA),0.0,10,URGENCIAS(2),8400000099301,0.0,0.0
3000148,SOFSILK 0 -30MM -3/8 X 75CM (SEDA),0.0,10,INTERNADO(3),8400000099301,0.0,0.0
3000148,SOFSILK 0 -30MM -3/8 X 75CM (SEDA),0.0,10,QUIROFANO(4),8400000099301,0.0,0.0
3000149,8400000099301,0.0,10,URGENCIAS(2),8400000099271,0.0,0.0
3000149,8400000099301,0.0,10,INTERNADO(3),8400000099271,0.0,0.0
3000149,8400000099301,0.0,10,QUIROFANO(4),8400000099271,0.0,0.0
3000150,SONDA FOLEY 2 VIAS SILIC FR 10 (WEGO),35000.0,10,URGENCIAS(2),8400000019910,0.0,0.0
3000150,SONDA FOLEY 2 VIAS SILIC FR 10 (WEGO),35000.0,10,INTERNADO(3),8400000019910,0.0,0.0
3000150,SONDA FOLEY 2 VIAS SILIC FR 10 (WEGO),35000.0,10,QUIROFANO(4),8400000019910,0.0,0.0
3000151,SONDA FOLEY 2 VIAS SILIC FR 16 (PINMED),35000.0,10,URGENCIAS(2),6970349771364,0.0,0.0
3000151,SONDA FOLEY 2 VIAS SILIC FR 16 (PINMED),35000.0,10,INTERNADO(3),6970349771364,0.0,0.0
3000151,SONDA FOLEY 2 VIAS SILIC FR 16 (PINMED),35000.0,10,QUIROFANO(4),6970349771364,0.0,0.0
3000152,SONDA FOLEY 2 VIAS FR,18.0,0,10 URGENCIAS(2),6970349771371,0.0,0.0
3000152,SONDA FOLEY 2 VIAS FR,18.0,0,10 INTERNADO(3),6970349771371,0.0,0.0
3000152,SONDA FOLEY 2 VIAS FR,18.0,0,10 QUIROFANO(4),6970349771371,0.0,0.0
3000153,SONDA FOLEY 2 VIAS FR,8.0,0,10 URGENCIAS(2),8400000054454,0.0,0.0
3000153,SONDA FOLEY 2 VIAS FR,8.0,0,10 INTERNADO(3),8400000054454,0.0,0.0
3000153,SONDA FOLEY 2 VIAS FR,8.0,0,10 QUIROFANO(4),8400000054454,0.0,0.0
3000154,SONDA FOLEY 2 VIAS SILIC FR 14 (BELMED),40000.0,10,URGENCIAS(2),8400000003094,0.0,0.0
3000154,SONDA FOLEY 2 VIAS SILIC FR 14 (BELMED),40000.0,10,INTERNADO(3),8400000003094,0.0,0.0
3000154,SONDA FOLEY 2 VIAS SILIC FR 14 (BELMED),40000.0,10,QUIROFANO(4),8400000003094,0.0,0.0
3000155,SONDA FOLEY 2 VIAS SILIC FR 14 (WEGO),35000.0,10,URGENCIAS(2),8400000014250,0.0,0.0
3000155,SONDA FOLEY 2 VIAS SILIC FR 14 (WEGO),35000.0,10,INTERNADO(3),8400000014250,0.0,0.0
3000155,SONDA FOLEY 2 VIAS SILIC FR 14 (WEGO),35000.0,10,QUIROFANO(4),8400000014250,0.0,0.0
3000156,SONDA FOLEY 2 VIAS SILIC FR 16,40000.0,10,URGENCIAS(2),8400000001762,0.0,3.0
3000156,SONDA FOLEY 2 VIAS SILIC FR 16,40000.0,10,INTERNADO(3),8400000001762,0.0,0.0
3000156,SONDA FOLEY 2 VIAS SILIC FR 16,40000.0,10,QUIROFANO(4),8400000001762,0.0,0.0
3000157,SONDA FOLEY 2 VIAS SILIC NR 18,40000.0,10,URGENCIAS(2),8400000001779,0.0,0.0
3000157,SONDA FOLEY 2 VIAS SILIC NR 18,40000.0,10,INTERNADO(3),8400000001779,0.0,0.0
3000157,SONDA FOLEY 2 VIAS SILIC NR 18,40000.0,10,QUIROFANO(4),8400000001779,0.0,0.0
3000158,SONDA FOLEY 2 VIAS SILIC FR,20.0,0,10 URGENCIAS(2),8400000038898,0.0,0.0
3000158,SONDA FOLEY 2 VIAS SILIC FR,20.0,0,10 INTERNADO(3),8400000038898,0.0,0.0
3000158,SONDA FOLEY 2 VIAS SILIC FR,20.0,0,10 QUIROFANO(4),8400000038898,0.0,0.0
3000159,SONDA FOLEY 3 VIAS SILIC FR,18.0,0,10 URGENCIAS(2),8400000006491,0.0,0.0
3000159,SONDA FOLEY 3 VIAS SILIC FR,18.0,0,10 INTERNADO(3),8400000006491,0.0,0.0
3000159,SONDA FOLEY 3 VIAS SILIC FR,18.0,0,10 QUIROFANO(4),8400000006491,0.0,0.0
3000160,SONDA FOLEY 2 VIAS SILIC FR 12 (PINMED),35000.0,10,URGENCIAS(2),8400000006811,0.0,0.0
3000160,SONDA FOLEY 2 VIAS SILIC FR 12 (PINMED),35000.0,10,INTERNADO(3),8400000006811,0.0,0.0
3000160,SONDA FOLEY 2 VIAS SILIC FR 12 (PINMED),35000.0,10,QUIROFANO(4),8400000006811,0.0,0.0
3000161,SONDA FOLEY 3 VIAS SILIC FR,24.0,0,10 URGENCIAS(2),8400000006507,0.0,0.0
3000161,SONDA FOLEY 3 VIAS SILIC FR,24.0,0,10 INTERNADO(3),8400000006507,0.0,0.0
3000161,SONDA FOLEY 3 VIAS SILIC FR,24.0,0,10 QUIROFANO(4),8400000006507,0.0,0.0
3000162,SONDA FOLEY 3 VIAS SILIC FR 24 RUSCH,0.0,10,URGENCIAS(2),8400000018005,0.0,0.0
3000162,SONDA FOLEY 3 VIAS SILIC FR 24 RUSCH,0.0,10,INTERNADO(3),8400000018005,0.0,0.0
3000162,SONDA FOLEY 3 VIAS SILIC FR 24 RUSCH,0.0,10,QUIROFANO(4),8400000018005,0.0,0.0
3000163,SONDA NASOGASTRICA 100% SILIC.FR,14.0,0,10 URGENCIAS(2),8400000019088,0.0,0.0
3000163,SONDA NASOGASTRICA 100% SILIC.FR,14.0,0,10 INTERNADO(3),8400000019088,0.0,0.0
3000163,SONDA NASOGASTRICA 100% SILIC.FR,14.0,0,10 QUIROFANO(4),8400000019088,0.0,0.0
3000164,SONDA NELATON NRO,16.0,0,10 URGENCIAS(2),8400000022095,0.0,0.0
3000164,SONDA NELATON NRO,16.0,0,10 INTERNADO(3),8400000022095,0.0,0.0
3000164,SONDA NELATON NRO,16.0,0,10 QUIROFANO(4),8400000022095,0.0,0.0
3000165,SONDA P/ ASPIRACION NRO,10.0,0,10 URGENCIAS(2),8400000016766,0.0,0.0
3000165,SONDA P/ ASPIRACION NRO,10.0,0,10 INTERNADO(3),8400000016766,0.0,0.0
3000165,SONDA P/ ASPIRACION NRO,10.0,0,10 QUIROFANO(4),8400000016766,0.0,0.0
3000166,SONDA P/ ASPIRACION NRO,12.0,0,10 URGENCIAS(2),8400000016773,0.0,0.0
3000166,SONDA P/ ASPIRACION NRO,12.0,0,10 INTERNADO(3),8400000016773,0.0,0.0
3000166,SONDA P/ ASPIRACION NRO,12.0,0,10 QUIROFANO(4),8400000016773,0.0,0.0
3000167,SONDA P/ ASPIRACION NRO,14.0,0,10 URGENCIAS(2),8400000006248,0.0,0.0
3000167,SONDA P/ ASPIRACION NRO,14.0,0,10 INTERNADO(3),8400000006248,0.0,0.0
3000167,SONDA P/ ASPIRACION NRO,14.0,0,10 QUIROFANO(4),8400000006248,0.0,0.0
3000168,SONDA P/ ASPIRACION NRO,16.0,0,10 URGENCIAS(2),8400000098694,0.0,0.0
3000168,SONDA P/ ASPIRACION NRO,16.0,0,10 INTERNADO(3),8400000098694,0.0,0.0
3000168,SONDA P/ ASPIRACION NRO,16.0,0,10 QUIROFANO(4),8400000098694,0.0,0.0
3000169,SONDA P/ ASPIRACION NRO,6.0,0,10 URGENCIAS(2),8400000037402,0.0,0.0
3000169,SONDA P/ ASPIRACION NRO,6.0,0,10 INTERNADO(3),8400000037402,0.0,0.0
3000169,SONDA P/ ASPIRACION NRO,6.0,0,10 QUIROFANO(4),8400000037402,0.0,0.0
3000170,SONDA P/ ASPIRACION NRO,8.0,0,10 URGENCIAS(2),8400000016759,0.0,0.0
3000170,SONDA P/ ASPIRACION NRO,8.0,0,10 INTERNADO(3),8400000016759,0.0,0.0
3000170,SONDA P/ ASPIRACION NRO,8.0,0,10 QUIROFANO(4),8400000016759,0.0,0.0
3000171,SONDA TRANSPILORICA FR 10 100% SILIC.,0.0,10,URGENCIAS(2),8400000019095,0.0,0.0
3000171,SONDA TRANSPILORICA FR 10 100% SILIC.,0.0,10,INTERNADO(3),8400000019095,0.0,0.0
3000171,SONDA TRANSPILORICA FR 10 100% SILIC.,0.0,10,QUIROFANO(4),8400000019095,0.0,0.0
3000172,SONDA TRANSPILORICA FR 12 100% SILIC.,0.0,10,URGENCIAS(2),8400000019101,0.0,0.0
3000172,SONDA TRANSPILORICA FR 12 100% SILIC.,0.0,10,INTERNADO(3),8400000019101,0.0,0.0
3000172,SONDA TRANSPILORICA FR 12 100% SILIC.,0.0,10,QUIROFANO(4),8400000019101,0.0,0.0
3000173,STERI STRIP AZUL 12MMX100MM X 1 SOBRE,0.0,10,URGENCIAS(2),100707387023,0.0,0.0
3000173,STERI STRIP AZUL 12MMX100MM X 1 SOBRE,0.0,10,INTERNADO(3),100707387023,0.0,0.0
3000173,STERI STRIP AZUL 12MMX100MM X 1 SOBRE,0.0,10,QUIROFANO(4),100707387023,0.0,0.0
3000173,STERI STRIP AZUL 12MMX100MM X 1 SOBRE,0.0,10,ADMINISTRACION,100707387023,0.0,0.0
3000173,STERI STRIP AZUL 12MMX100MM X 1 SOBRE,0.0,10,CARRO DE PARO,100707387023,0.0,0.0
3000174,SURGICEL HEMOSTATICO 10X20CM,0.0,10,URGENCIAS(2),8400000019361,0.0,0.0
3000174,SURGICEL HEMOSTATICO 10X20CM,0.0,10,INTERNADO(3),8400000019361,0.0,0.0
3000174,SURGICEL HEMOSTATICO 10X20CM,0.0,10,QUIROFANO(4),8400000019361,0.0,0.0
3000175,SURGIPRO 0 - 27MM 1/2 X 75 CM GS-22 (PROLENE),0.0,10,URGENCIAS(2),8400000099226,0.0,0.0
3000175,SURGIPRO 0 - 27MM 1/2 X 75 CM GS-22 (PROLENE),0.0,10,INTERNADO(3),8400000099226,0.0,0.0
3000175,SURGIPRO 0 - 27MM 1/2 X 75 CM GS-22 (PROLENE),0.0,10,QUIROFANO(4),8400000099226,0.0,0.0
3000176,OPTILENE AZUL 3/0 2 75CM BBRAUN (PROLENE),139000.0,10,FARMACIA INTERNA(1),3000176,0.0,10.0
3000176,OPTILENE AZUL 3/0 2 75CM BBRAUN (PROLENE),139000.0,10,URGENCIAS(2),3000176,0.0,0.0
3000176,OPTILENE AZUL 3/0 2 75CM BBRAUN (PROLENE),139000.0,10,INTERNADO(3),3000176,0.0,0.0
3000176,OPTILENE AZUL 3/0 2 75CM BBRAUN (PROLENE),139000.0,10,QUIROFANO(4),3000176,0.0,0.0
3000176,OPTILENE AZUL 3/0 2 75CM BBRAUN (PROLENE),139000.0,10,ADMINISTRACION,3000176,0.0,0.0
3000176,OPTILENE AZUL 3/0 2 75CM BBRAUN (PROLENE),139000.0,10,CARRO DE PARO,3000176,0.0,0.0
3000177,SURGIPRO 4/0 - 2 X 22MM - 1/2 X 90CM (PROLENE),0.0,10,URGENCIAS(2),8400000099240,0.0,0.0
3000177,SURGIPRO 4/0 - 2 X 22MM - 1/2 X 90CM (PROLENE),0.0,10,INTERNADO(3),8400000099240,0.0,0.0
3000177,SURGIPRO 4/0 - 2 X 22MM - 1/2 X 90CM (PROLENE),0.0,10,QUIROFANO(4),8400000099240,0.0,0.0
3000178,TAPA BOCA KN 95,7000.0,10,URGENCIAS(2),7841881015294,0.0,0.0
3000178,TAPA BOCA KN 95,7000.0,10,INTERNADO(3),7841881015294,0.0,0.0
3000178,TAPA BOCA KN 95,7000.0,10,QUIROFANO(4),7841881015294,0.0,0.0
3000179,TRANSOFIX B/BRAUN,10000.0,10,FARMACIA INTERNA(1),3000179,0.0,36.0
3000179,TRANSOFIX B/BRAUN,10000.0,10,URGENCIAS(2),3000179,0.0,0.0
3000179,TRANSOFIX B/BRAUN,10000.0,10,INTERNADO(3),3000179,0.0,0.0
3000179,TRANSOFIX B/BRAUN,10000.0,10,QUIROFANO(4),3000179,0.0,0.0
3000179,TRANSOFIX B/BRAUN,10000.0,10,ADMINISTRACION,3000179,0.0,0.0
3000179,TRANSOFIX B/BRAUN,10000.0,10,CARRO DE PARO,3000179,0.0,0.0
3000180,TROCAR VERSAPOT 15MM OPTICAL,0.0,10,URGENCIAS(2),110884521185,0.0,0.0
3000180,TROCAR VERSAPOT 15MM OPTICAL,0.0,10,INTERNADO(3),110884521185,0.0,0.0
3000180,TROCAR VERSAPOT 15MM OPTICAL,0.0,10,QUIROFANO(4),110884521185,0.0,0.0
3000180,TROCAR VERSAPOT 15MM OPTICAL,0.0,10,ADMINISTRACION,110884521185,0.0,0.0
3000180,TROCAR VERSAPOT 15MM OPTICAL,0.0,10,CARRO DE PARO,110884521185,0.0,0.0
3000181,TROCAR VERSAPOT PLUS 10-15 MM,0.0,10,URGENCIAS(2),120884521082,0.0,0.0
3000181,TROCAR VERSAPOT PLUS 10-15 MM,0.0,10,INTERNADO(3),120884521082,0.0,0.0
3000181,TROCAR VERSAPOT PLUS 10-15 MM,0.0,10,QUIROFANO(4),120884521082,0.0,0.0
3000181,TROCAR VERSAPOT PLUS 10-15 MM,0.0,10,ADMINISTRACION,120884521082,0.0,0.0
3000181,TROCAR VERSAPOT PLUS 10-15 MM,0.0,10,CARRO DE PARO,120884521082,0.0,0.0
3000182,TROCAR VERSAPOT PLUS V2 5-12 MM,0.0,10,FARMACIA INTERNA(1),3000182,0.0,0.0
3000182,TROCAR VERSAPOT PLUS V2 5-12 MM,0.0,10,URGENCIAS(2),3000182,0.0,0.0
3000182,TROCAR VERSAPOT PLUS V2 5-12 MM,0.0,10,INTERNADO(3),3000182,0.0,0.0
3000182,TROCAR VERSAPOT PLUS V2 5-12 MM,0.0,10,QUIROFANO(4),3000182,0.0,0.0
3000182,TROCAR VERSAPOT PLUS V2 5-12 MM,0.0,10,ADMINISTRACION,3000182,0.0,0.0
3000182,TROCAR VERSAPOT PLUS V2 5-12 MM,0.0,10,CARRO DE PARO,3000182,0.0,0.0
3000184,"TUBO ENDOTRAQUEAL NRO 2,5 C/B",13200.0,10,URGENCIAS(2),8400000003063,0.0,0.0
3000184,"TUBO ENDOTRAQUEAL NRO 2,5 C/B",13200.0,10,INTERNADO(3),8400000003063,0.0,0.0
3000184,"TUBO ENDOTRAQUEAL NRO 2,5 C/B",13200.0,10,QUIROFANO(4),8400000003063,0.0,0.0
3000185,"TUBO ENDOTRAQUEAL NRO 2,5 S/B",14600.0,10,URGENCIAS(2),8400000001441,0.0,0.0
3000185,"TUBO ENDOTRAQUEAL NRO 2,5 S/B",14600.0,10,INTERNADO(3),8400000001441,0.0,0.0
3000185,"TUBO ENDOTRAQUEAL NRO 2,5 S/B",14600.0,10,QUIROFANO(4),8400000001441,0.0,0.0
3000186,"TUBO ENDOTRAQUEAL NRO 3,0 C/B",13200.0,10,URGENCIAS(2),8400000001342,0.0,0.0
3000186,"TUBO ENDOTRAQUEAL NRO 3,0 C/B",13200.0,10,INTERNADO(3),8400000001342,0.0,0.0
3000186,"TUBO ENDOTRAQUEAL NRO 3,0 C/B",13200.0,10,QUIROFANO(4),8400000001342,0.0,0.0
3000187,"TUBO ENDOTRAQUEAL NRO 4,0 C/B",18500.0,10,URGENCIAS(2),8400000001373,0.0,1.0
3000187,"TUBO ENDOTRAQUEAL NRO 4,0 C/B",18500.0,10,INTERNADO(3),8400000001373,0.0,0.0
3000187,"TUBO ENDOTRAQUEAL NRO 4,0 C/B",18500.0,10,QUIROFANO(4),8400000001373,0.0,0.0
3000188,"TUBO ENDOTRAQUEAL NRO 4,0 S/B",15000.0,10,URGENCIAS(2),8400000001366,0.0,0.0
3000188,"TUBO ENDOTRAQUEAL NRO 4,0 S/B",15000.0,10,INTERNADO(3),8400000001366,0.0,0.0
3000188,"TUBO ENDOTRAQUEAL NRO 4,0 S/B",15000.0,10,QUIROFANO(4),8400000001366,0.0,0.0
3000189,"TUBO ENDOTRAQUEAL NRO 4,5 C/B",18000.0,10,URGENCIAS(2),8400000004183,0.0,0.0
3000189,"TUBO ENDOTRAQUEAL NRO 4,5 C/B",18000.0,10,INTERNADO(3),8400000004183,0.0,0.0
3000189,"TUBO ENDOTRAQUEAL NRO 4,5 C/B",18000.0,10,QUIROFANO(4),8400000004183,0.0,0.0
3000190,"TUBO ENDOTRAQUEAL NRO 4,5 S/B",15000.0,10,URGENCIAS(2),8400000003070,0.0,0.0
3000190,"TUBO ENDOTRAQUEAL NRO 4,5 S/B",15000.0,10,INTERNADO(3),8400000003070,0.0,0.0
3000190,"TUBO ENDOTRAQUEAL NRO 4,5 S/B",15000.0,10,QUIROFANO(4),8400000003070,0.0,0.0
3000191,"TUBO ENDOTRAQUEAL NRO 5,0 C/B",13200.0,10,URGENCIAS(2),8400000001380,0.0,0.0
3000191,"TUBO ENDOTRAQUEAL NRO 5,0 C/B",13200.0,10,INTERNADO(3),8400000001380,0.0,0.0
3000191,"TUBO ENDOTRAQUEAL NRO 5,0 C/B",13200.0,10,QUIROFANO(4),8400000001380,0.0,0.0
3000192,"TUBO ENDOTRAQUEAL NRO 5,0 S/B",14600.0,10,URGENCIAS(2),8400000001397,0.0,0.0
3000192,"TUBO ENDOTRAQUEAL NRO 5,0 S/B",14600.0,10,INTERNADO(3),8400000001397,0.0,0.0
3000192,"TUBO ENDOTRAQUEAL NRO 5,0 S/B",14600.0,10,QUIROFANO(4),8400000001397,0.0,0.0
3000193,"TUBO ENDOTRAQUEAL NRO 5,5 C/B",13200.0,10,URGENCIAS(2),8400000003087,0.0,0.0
3000193,"TUBO ENDOTRAQUEAL NRO 5,5 C/B",13200.0,10,INTERNADO(3),8400000003087,0.0,0.0
3000193,"TUBO ENDOTRAQUEAL NRO 5,5 C/B",13200.0,10,QUIROFANO(4),8400000003087,0.0,0.0
3000194,"TUBO ENDOTRAQUEAL NRO 6,0 C/B",18500.0,10,URGENCIAS(2),8400000005630,0.0,2.0
3000194,"TUBO ENDOTRAQUEAL NRO 6,0 C/B",18500.0,10,INTERNADO(3),8400000005630,0.0,0.0
3000194,"TUBO ENDOTRAQUEAL NRO 6,0 C/B",18500.0,10,QUIROFANO(4),8400000005630,0.0,0.0
3000195,"TUBO ENDOTRAQUEAL NRO 6,5 C/B MB",18500.0,10,URGENCIAS(2),8400000001403,0.0,0.0
3000195,"TUBO ENDOTRAQUEAL NRO 6,5 C/B MB",18500.0,10,INTERNADO(3),8400000001403,0.0,0.0
3000195,"TUBO ENDOTRAQUEAL NRO 6,5 C/B MB",18500.0,10,QUIROFANO(4),8400000001403,0.0,0.0
3000196,TUBO ENDOTRAQUEAL NRO 28/7MM,0.0,10,URGENCIAS(2),8400000001410,0.0,0.0
3000196,TUBO ENDOTRAQUEAL NRO 28/7MM,0.0,10,INTERNADO(3),8400000001410,0.0,0.0
3000196,TUBO ENDOTRAQUEAL NRO 28/7MM,0.0,10,QUIROFANO(4),8400000001410,0.0,0.0
3000197,"TUBO ENDOTRAQUEAL NRO 7,5 C/B",18500.0,10,URGENCIAS(2),8400000001427,0.0,0.0
3000197,"TUBO ENDOTRAQUEAL NRO 7,5 C/B",18500.0,10,INTERNADO(3),8400000001427,0.0,0.0
3000197,"TUBO ENDOTRAQUEAL NRO 7,5 C/B",18500.0,10,QUIROFANO(4),8400000001427,0.0,0.0
3000198,"TUBO ENDOTRAQUEAL NRO 8,0 C/B",18500.0,10,URGENCIAS(2),8400000003025,0.0,2.0
3000198,"TUBO ENDOTRAQUEAL NRO 8,0 C/B",18500.0,10,INTERNADO(3),8400000003025,0.0,0.0
3000198,"TUBO ENDOTRAQUEAL NRO 8,0 C/B",18500.0,10,QUIROFANO(4),8400000003025,0.0,0.0
3000199,"TUBO ENDOTRAQUEAL NRO 8,5 C/B",18000.0,10,URGENCIAS(2),8400000001434,0.0,0.0
3000199,"TUBO ENDOTRAQUEAL NRO 8,5 C/B",18000.0,10,INTERNADO(3),8400000001434,0.0,0.0
3000199,"TUBO ENDOTRAQUEAL NRO 8,5 C/B",18000.0,10,QUIROFANO(4),8400000001434,0.0,0.0
3000200,DESC.,0.0,10,URGENCIAS(2),8400000001304,0.0,0.0
3000200,DESC.,0.0,10,INTERNADO(3),8400000001304,0.0,0.0
3000200,DESC.,0.0,10,QUIROFANO(4),8400000001304,0.0,0.0
3000201,URIPEN FR4 P X 2 UNIDADES,0.0,10,URGENCIAS(2),7898903210021,0.0,0.0
3000201,URIPEN FR4 P X 2 UNIDADES,0.0,10,INTERNADO(3),7898903210021,0.0,0.0
3000201,URIPEN FR4 P X 2 UNIDADES,0.0,10,QUIROFANO(4),7898903210021,0.0,0.0
3000202,URIPEN FR5 M X 2 UNIDADES,0.0,10,URGENCIAS(2),7898903210038,0.0,0.0
3000202,URIPEN FR5 M X 2 UNIDADES,0.0,10,INTERNADO(3),7898903210038,0.0,0.0
3000202,URIPEN FR5 M X 2 UNIDADES,0.0,10,QUIROFANO(4),7898903210038,0.0,0.0
3000203,URIPEN FR6 G X 2 UNIDADES,0.0,10,URGENCIAS(2),7898903210045,0.0,0.0
3000203,URIPEN FR6 G X 2 UNIDADES,0.0,10,INTERNADO(3),7898903210045,0.0,0.0
3000203,URIPEN FR6 G X 2 UNIDADES,0.0,10,QUIROFANO(4),7898903210045,0.0,0.0
3000204,VALVULA P/ FONACION COVIDIEN,0.0,10,URGENCIAS(2),140884522005,0.0,0.0
3000204,VALVULA P/ FONACION COVIDIEN,0.0,10,INTERNADO(3),140884522005,0.0,0.0
3000204,VALVULA P/ FONACION COVIDIEN,0.0,10,QUIROFANO(4),140884522005,0.0,0.0
3000204,VALVULA P/ FONACION COVIDIEN,0.0,10,ADMINISTRACION,140884522005,0.0,0.0
3000204,VALVULA P/ FONACION COVIDIEN,0.0,10,CARRO DE PARO,140884522005,0.0,0.0
3000205,VICRYL 1 ETHICON,0.0,10,URGENCIAS(2),8400000002042,0.0,0.0
3000205,VICRYL 1 ETHICON,0.0,10,INTERNADO(3),8400000002042,0.0,0.0
3000205,VICRYL 1 ETHICON,0.0,10,QUIROFANO(4),8400000002042,0.0,0.0
3000206,HUMIFICADOR (PROTEC),0.0,10,URGENCIAS(2),6970349770435,0.0,5.0
3000206,HUMIFICADOR (PROTEC),0.0,10,INTERNADO(3),6970349770435,0.0,0.0
3000206,HUMIFICADOR (PROTEC),0.0,10,QUIROFANO(4),6970349770435,0.0,0.0
3000207,AGUJA P/ LANTUS 4MM BD X UNI (MICROFINE),0.0,0,FARMACIA INTERNA(1),3000207,0.0,0.0
3000207,AGUJA P/ LANTUS 4MM BD X UNI (MICROFINE),0.0,0,URGENCIAS(2),3000207,0.0,0.0
3000207,AGUJA P/ LANTUS 4MM BD X UNI (MICROFINE),0.0,0,INTERNADO(3),3000207,0.0,0.0
3000207,AGUJA P/ LANTUS 4MM BD X UNI (MICROFINE),0.0,0,QUIROFANO(4),3000207,0.0,0.0
3000207,AGUJA P/ LANTUS 4MM BD X UNI (MICROFINE),0.0,0,ADMINISTRACION,3000207,0.0,0.0
3000207,AGUJA P/ LANTUS 4MM BD X UNI (MICROFINE),0.0,0,CARRO DE PARO,3000207,0.0,0.0
3000208,CODEFREE TIRA X 50 (PRUEBA DE GLUCOSA) CODEFREE,100000.0,0,URGENCIAS(2),8400000050326,0.0,0.0
3000208,CODEFREE TIRA X 50 (PRUEBA DE GLUCOSA) CODEFREE,100000.0,0,INTERNADO(3),8400000050326,0.0,0.0
3000208,CODEFREE TIRA X 50 (PRUEBA DE GLUCOSA) CODEFREE,100000.0,0,QUIROFANO(4),8400000050326,0.0,0.0
3000209,AGUJA 18G 1 1/2 (ROSA) X UNIDAD,1000.0,10,FARMACIA INTERNA(1),3000209,0.0,62.0
3000209,AGUJA 18G 1 1/2 (ROSA) X UNIDAD,1000.0,10,URGENCIAS(2),3000209,0.0,33.0
3000209,AGUJA 18G 1 1/2 (ROSA) X UNIDAD,1000.0,10,INTERNADO(3),3000209,0.0,0.0
3000209,AGUJA 18G 1 1/2 (ROSA) X UNIDAD,1000.0,10,QUIROFANO(4),3000209,0.0,0.0
3000209,AGUJA 18G 1 1/2 (ROSA) X UNIDAD,1000.0,10,ADMINISTRACION,3000209,0.0,0.0
3000209,AGUJA 18G 1 1/2 (ROSA) X UNIDAD,1000.0,10,CARRO DE PARO,3000209,0.0,0.0
3000210,AGUJA 21G (CORTA - VERDE) URGENCIAS,0.0,10,FARMACIA INTERNA(1),3000210,0.0,0.0
3000210,AGUJA 21G (CORTA - VERDE) URGENCIAS,0.0,10,URGENCIAS(2),3000210,0.0,0.0
3000210,AGUJA 21G (CORTA - VERDE) URGENCIAS,0.0,10,INTERNADO(3),3000210,0.0,0.0
3000210,AGUJA 21G (CORTA - VERDE) URGENCIAS,0.0,10,QUIROFANO(4),3000210,0.0,0.0
3000210,AGUJA 21G (CORTA - VERDE) URGENCIAS,0.0,10,ADMINISTRACION,3000210,0.0,0.0
3000210,AGUJA 21G (CORTA - VERDE) URGENCIAS,0.0,10,CARRO DE PARO,3000210,0.0,0.0
3000211,AGUJA 27G (INSULINA-GRIS),0.0,10,FARMACIA INTERNA(1),3000211,0.0,0.0
3000211,AGUJA 27G (INSULINA-GRIS),0.0,10,URGENCIAS(2),3000211,0.0,0.0
3000211,AGUJA 27G (INSULINA-GRIS),0.0,10,INTERNADO(3),3000211,0.0,0.0
3000211,AGUJA 27G (INSULINA-GRIS),0.0,10,QUIROFANO(4),3000211,0.0,0.0
3000211,AGUJA 27G (INSULINA-GRIS),0.0,10,ADMINISTRACION,3000211,0.0,0.0
3000211,AGUJA 27G (INSULINA-GRIS),0.0,10,CARRO DE PARO,3000211,0.0,0.0
3000212,AGUJA 30G (AMARILLO),0.0,10,FARMACIA INTERNA(1),3000212,0.0,0.0
3000212,AGUJA 30G (AMARILLO),0.0,10,URGENCIAS(2),3000212,0.0,0.0
3000212,AGUJA 30G (AMARILLO),0.0,10,INTERNADO(3),3000212,0.0,0.0
3000212,AGUJA 30G (AMARILLO),0.0,10,QUIROFANO(4),3000212,0.0,0.0
3000212,AGUJA 30G (AMARILLO),0.0,10,ADMINISTRACION,3000212,0.0,0.0
3000212,AGUJA 30G (AMARILLO),0.0,10,CARRO DE PARO,3000212,0.0,0.0
3000213,AGUJA BARDPORT SET 1PULG X 20 (CATETER HUBER),0.0,10,FARMACIA INTERNA(1),3000213,0.0,0.0
3000213,AGUJA BARDPORT SET 1PULG X 20 (CATETER HUBER),0.0,10,URGENCIAS(2),3000213,0.0,0.0
3000213,AGUJA BARDPORT SET 1PULG X 20 (CATETER HUBER),0.0,10,INTERNADO(3),3000213,0.0,0.0
3000213,AGUJA BARDPORT SET 1PULG X 20 (CATETER HUBER),0.0,10,QUIROFANO(4),3000213,0.0,0.0
3000213,AGUJA BARDPORT SET 1PULG X 20 (CATETER HUBER),0.0,10,ADMINISTRACION,3000213,0.0,0.0
3000213,AGUJA BARDPORT SET 1PULG X 20 (CATETER HUBER),0.0,10,CARRO DE PARO,3000213,0.0,0.0
3000214,AGUJA DE BLOQUEO 100MM,370000.0,10,FARMACIA INTERNA(1),3000214,0.0,1.0
3000214,AGUJA DE BLOQUEO 100MM,370000.0,10,URGENCIAS(2),3000214,0.0,0.0
3000214,AGUJA DE BLOQUEO 100MM,370000.0,10,INTERNADO(3),3000214,0.0,0.0
3000214,AGUJA DE BLOQUEO 100MM,370000.0,10,QUIROFANO(4),3000214,0.0,0.0
3000214,AGUJA DE BLOQUEO 100MM,370000.0,10,ADMINISTRACION,3000214,0.0,0.0
3000214,AGUJA DE BLOQUEO 100MM,370000.0,10,CARRO DE PARO,3000214,0.0,0.0
3000215,AGUJA P/ LOCALIZACION MAMARIA HS 20G,0.0,10,FARMACIA INTERNA(1),3000215,0.0,0.0
3000215,AGUJA P/ LOCALIZACION MAMARIA HS 20G,0.0,10,URGENCIAS(2),3000215,0.0,0.0
3000215,AGUJA P/ LOCALIZACION MAMARIA HS 20G,0.0,10,INTERNADO(3),3000215,0.0,0.0
3000215,AGUJA P/ LOCALIZACION MAMARIA HS 20G,0.0,10,QUIROFANO(4),3000215,0.0,0.0
3000215,AGUJA P/ LOCALIZACION MAMARIA HS 20G,0.0,10,ADMINISTRACION,3000215,0.0,0.0
3000215,AGUJA P/ LOCALIZACION MAMARIA HS 20G,0.0,10,CARRO DE PARO,3000215,0.0,0.0
3000216,AGUJA P/ PUNCION LUMBAR 19G,0.0,10,FARMACIA INTERNA(1),3000216,0.0,0.0
3000216,AGUJA P/ PUNCION LUMBAR 19G,0.0,10,URGENCIAS(2),3000216,0.0,0.0
3000216,AGUJA P/ PUNCION LUMBAR 19G,0.0,10,INTERNADO(3),3000216,0.0,0.0
3000216,AGUJA P/ PUNCION LUMBAR 19G,0.0,10,QUIROFANO(4),3000216,0.0,0.0
3000216,AGUJA P/ PUNCION LUMBAR 19G,0.0,10,ADMINISTRACION,3000216,0.0,0.0
3000216,AGUJA P/ PUNCION LUMBAR 19G,0.0,10,CARRO DE PARO,3000216,0.0,0.0
3000217,AGUJA P/ PUNCION LUMBAR 20G,0.0,10,FARMACIA INTERNA(1),3000217,0.0,0.0
3000217,AGUJA P/ PUNCION LUMBAR 20G,0.0,10,URGENCIAS(2),3000217,0.0,0.0
3000217,AGUJA P/ PUNCION LUMBAR 20G,0.0,10,INTERNADO(3),3000217,0.0,0.0
3000217,AGUJA P/ PUNCION LUMBAR 20G,0.0,10,QUIROFANO(4),3000217,0.0,0.0
3000217,AGUJA P/ PUNCION LUMBAR 20G,0.0,10,ADMINISTRACION,3000217,0.0,0.0
3000217,AGUJA P/ PUNCION LUMBAR 20G,0.0,10,CARRO DE PARO,3000217,0.0,0.0
3000218,AGUJA P/ RAQUIDEA PUNTA LANCET ADULTO 90MM,30000.0,10,FARMACIA INTERNA(1),3000218,0.0,16.0
3000218,AGUJA P/ RAQUIDEA PUNTA LANCET ADULTO 90MM,30000.0,10,URGENCIAS(2),3000218,0.0,0.0
3000218,AGUJA P/ RAQUIDEA PUNTA LANCET ADULTO 90MM,30000.0,10,INTERNADO(3),3000218,0.0,0.0
3000218,AGUJA P/ RAQUIDEA PUNTA LANCET ADULTO 90MM,30000.0,10,QUIROFANO(4),3000218,0.0,0.0
3000218,AGUJA P/ RAQUIDEA PUNTA LANCET ADULTO 90MM,30000.0,10,ADMINISTRACION,3000218,0.0,0.0
3000218,AGUJA P/ RAQUIDEA PUNTA LANCET ADULTO 90MM,30000.0,10,CARRO DE PARO,3000218,0.0,0.0
3000219,AGUJA P/ RAQUIDEA PUNTA LANCET P/OBESO 120MM,35500.0,10,FARMACIA INTERNA(1),3000219,0.0,25.0
3000219,AGUJA P/ RAQUIDEA PUNTA LANCET P/OBESO 120MM,35500.0,10,URGENCIAS(2),3000219,0.0,0.0
3000219,AGUJA P/ RAQUIDEA PUNTA LANCET P/OBESO 120MM,35500.0,10,INTERNADO(3),3000219,0.0,0.0
3000219,AGUJA P/ RAQUIDEA PUNTA LANCET P/OBESO 120MM,35500.0,10,QUIROFANO(4),3000219,0.0,0.0
3000219,AGUJA P/ RAQUIDEA PUNTA LANCET P/OBESO 120MM,35500.0,10,ADMINISTRACION,3000219,0.0,0.0
3000219,AGUJA P/ RAQUIDEA PUNTA LANCET P/OBESO 120MM,35500.0,10,CARRO DE PARO,3000219,0.0,0.0
3000220,AGUJA P/RAQUIDEA PUNTA LANCET 25 G PEDIATRICO,0.0,10,FARMACIA INTERNA(1),3000220,0.0,0.0
3000220,AGUJA P/RAQUIDEA PUNTA LANCET 25 G PEDIATRICO,0.0,10,URGENCIAS(2),3000220,0.0,0.0
3000220,AGUJA P/RAQUIDEA PUNTA LANCET 25 G PEDIATRICO,0.0,10,INTERNADO(3),3000220,0.0,0.0
3000220,AGUJA P/RAQUIDEA PUNTA LANCET 25 G PEDIATRICO,0.0,10,QUIROFANO(4),3000220,0.0,0.0
3000220,AGUJA P/RAQUIDEA PUNTA LANCET 25 G PEDIATRICO,0.0,10,ADMINISTRACION,3000220,0.0,0.0
3000220,AGUJA P/RAQUIDEA PUNTA LANCET 25 G PEDIATRICO,0.0,10,CARRO DE PARO,3000220,0.0,0.0
3000222,AGUJA DE BLOQUEO 80MM,355000.0,10,FARMACIA INTERNA(1),3000222,0.0,1.0
3000222,AGUJA DE BLOQUEO 80MM,355000.0,10,URGENCIAS(2),3000222,0.0,0.0
3000222,AGUJA DE BLOQUEO 80MM,355000.0,10,INTERNADO(3),3000222,0.0,0.0
3000222,AGUJA DE BLOQUEO 80MM,355000.0,10,QUIROFANO(4),3000222,0.0,0.0
3000222,AGUJA DE BLOQUEO 80MM,355000.0,10,ADMINISTRACION,3000222,0.0,0.0
3000222,AGUJA DE BLOQUEO 80MM,355000.0,10,CARRO DE PARO,3000222,0.0,0.0
3000223,AGUJAS ECOGENICAS 21GX100MM SONOPLEX,0.0,10,FARMACIA INTERNA(1),3000223,0.0,0.0
3000223,AGUJAS ECOGENICAS 21GX100MM SONOPLEX,0.0,10,URGENCIAS(2),3000223,0.0,0.0
3000223,AGUJAS ECOGENICAS 21GX100MM SONOPLEX,0.0,10,INTERNADO(3),3000223,0.0,0.0
3000223,AGUJAS ECOGENICAS 21GX100MM SONOPLEX,0.0,10,QUIROFANO(4),3000223,0.0,0.0
3000223,AGUJAS ECOGENICAS 21GX100MM SONOPLEX,0.0,10,ADMINISTRACION,3000223,0.0,0.0
3000223,AGUJAS ECOGENICAS 21GX100MM SONOPLEX,0.0,10,CARRO DE PARO,3000223,0.0,0.0
3000224,AGUJAS ECOGENICAS 22GX50MM SONOPLEX,0.0,10,FARMACIA INTERNA(1),3000224,0.0,0.0
3000224,AGUJAS ECOGENICAS 22GX50MM SONOPLEX,0.0,10,URGENCIAS(2),3000224,0.0,0.0
3000224,AGUJAS ECOGENICAS 22GX50MM SONOPLEX,0.0,10,INTERNADO(3),3000224,0.0,0.0
3000224,AGUJAS ECOGENICAS 22GX50MM SONOPLEX,0.0,10,QUIROFANO(4),3000224,0.0,0.0
3000224,AGUJAS ECOGENICAS 22GX50MM SONOPLEX,0.0,10,ADMINISTRACION,3000224,0.0,0.0
3000224,AGUJAS ECOGENICAS 22GX50MM SONOPLEX,0.0,10,CARRO DE PARO,3000224,0.0,0.0
3000225,BAJA LENGUA X 100 UN,14700.0,10,FARMACIA INTERNA(1),3000225,0.0,2.0
3000225,BAJA LENGUA X 100 UN,14700.0,10,URGENCIAS(2),3000225,0.0,0.0
3000225,BAJA LENGUA X 100 UN,14700.0,10,INTERNADO(3),3000225,0.0,0.0
3000225,BAJA LENGUA X 100 UN,14700.0,10,QUIROFANO(4),3000225,0.0,0.0
3000225,BAJA LENGUA X 100 UN,14700.0,10,ADMINISTRACION,3000225,0.0,0.0
3000225,BAJA LENGUA X 100 UN,14700.0,10,CARRO DE PARO,3000225,0.0,0.0
3000226,BAÑO FACIL X,16.0,0,10 FARMACIA INTERNA(1),3000226,0.0,0.0
3000226,BAÑO FACIL X,16.0,0,10 URGENCIAS(2),3000226,0.0,0.0
3000226,BAÑO FACIL X,16.0,0,10 INTERNADO(3),3000226,0.0,0.0
3000226,BAÑO FACIL X,16.0,0,10 QUIROFANO(4),3000226,0.0,0.0
3000226,BAÑO FACIL X,16.0,0,10 ADMINISTRACION,3000226,0.0,0.0
3000226,BAÑO FACIL X,16.0,0,10 CARRO DE PARO,3000226,0.0,0.0
3000227,BIONECTOR (AMARILLO),0.0,10,FARMACIA INTERNA(1),3000227,0.0,0.0
3000227,BIONECTOR (AMARILLO),0.0,10,URGENCIAS(2),3000227,0.0,0.0
3000227,BIONECTOR (AMARILLO),0.0,10,INTERNADO(3),3000227,0.0,0.0
3000227,BIONECTOR (AMARILLO),0.0,10,QUIROFANO(4),3000227,0.0,0.0
3000227,BIONECTOR (AMARILLO),0.0,10,ADMINISTRACION,3000227,0.0,0.0
3000227,BIONECTOR (AMARILLO),0.0,10,CARRO DE PARO,3000227,0.0,0.0
3000228,BIOSYN 3-0 19MM - 3/8 X 75 CM (MONOCRYL),0.0,10,FARMACIA INTERNA(1),3000228,0.0,0.0
3000228,BIOSYN 3-0 19MM - 3/8 X 75 CM (MONOCRYL),0.0,10,URGENCIAS(2),3000228,0.0,0.0
3000228,BIOSYN 3-0 19MM - 3/8 X 75 CM (MONOCRYL),0.0,10,INTERNADO(3),3000228,0.0,0.0
3000228,BIOSYN 3-0 19MM - 3/8 X 75 CM (MONOCRYL),0.0,10,QUIROFANO(4),3000228,0.0,0.0
3000228,BIOSYN 3-0 19MM - 3/8 X 75 CM (MONOCRYL),0.0,10,ADMINISTRACION,3000228,0.0,0.0
3000228,BIOSYN 3-0 19MM - 3/8 X 75 CM (MONOCRYL),0.0,10,CARRO DE PARO,3000228,0.0,0.0
3000229,BIOSYN 4-0 19MM - 3/8 X 45 CM (MONOCRYL),0.0,10,FARMACIA INTERNA(1),3000229,0.0,0.0
3000229,BIOSYN 4-0 19MM - 3/8 X 45 CM (MONOCRYL),0.0,10,URGENCIAS(2),3000229,0.0,0.0
3000229,BIOSYN 4-0 19MM - 3/8 X 45 CM (MONOCRYL),0.0,10,INTERNADO(3),3000229,0.0,0.0
3000229,BIOSYN 4-0 19MM - 3/8 X 45 CM (MONOCRYL),0.0,10,QUIROFANO(4),3000229,0.0,0.0
3000229,BIOSYN 4-0 19MM - 3/8 X 45 CM (MONOCRYL),0.0,10,ADMINISTRACION,3000229,0.0,0.0
3000229,BIOSYN 4-0 19MM - 3/8 X 45 CM (MONOCRYL),0.0,10,CARRO DE PARO,3000229,0.0,0.0
3000230,MONOGLYDE 5/0 19MM 70CM (MONOCRYL),71000.0,10,FARMACIA INTERNA(1),3000230,0.0,7.0
3000230,MONOGLYDE 5/0 19MM 70CM (MONOCRYL),71000.0,10,URGENCIAS(2),3000230,0.0,0.0
3000230,MONOGLYDE 5/0 19MM 70CM (MONOCRYL),71000.0,10,INTERNADO(3),3000230,0.0,0.0
3000230,MONOGLYDE 5/0 19MM 70CM (MONOCRYL),71000.0,10,QUIROFANO(4),3000230,0.0,0.0
3000230,MONOGLYDE 5/0 19MM 70CM (MONOCRYL),71000.0,10,ADMINISTRACION,3000230,0.0,0.0
3000230,MONOGLYDE 5/0 19MM 70CM (MONOCRYL),71000.0,10,CARRO DE PARO,3000230,0.0,0.0
3000231,BOLSA AZUL DESCARTABLE X 2 LITROS,0.0,10,FARMACIA INTERNA(1),3000231,0.0,0.0
3000231,BOLSA AZUL DESCARTABLE X 2 LITROS,0.0,10,URGENCIAS(2),3000231,0.0,0.0
3000231,BOLSA AZUL DESCARTABLE X 2 LITROS,0.0,10,INTERNADO(3),3000231,0.0,0.0
3000231,BOLSA AZUL DESCARTABLE X 2 LITROS,0.0,10,QUIROFANO(4),3000231,0.0,0.0
3000231,BOLSA AZUL DESCARTABLE X 2 LITROS,0.0,10,ADMINISTRACION,3000231,0.0,0.0
3000231,BOLSA AZUL DESCARTABLE X 2 LITROS,0.0,10,CARRO DE PARO,3000231,0.0,0.0
3000232,BOLSA BLANCA DESCARTABLE X 2 LITROS,0.0,10,FARMACIA INTERNA(1),3000232,0.0,0.0
3000232,BOLSA BLANCA DESCARTABLE X 2 LITROS,0.0,10,URGENCIAS(2),3000232,0.0,0.0
3000232,BOLSA BLANCA DESCARTABLE X 2 LITROS,0.0,10,INTERNADO(3),3000232,0.0,0.0
3000232,BOLSA BLANCA DESCARTABLE X 2 LITROS,0.0,10,QUIROFANO(4),3000232,0.0,0.0
3000232,BOLSA BLANCA DESCARTABLE X 2 LITROS,0.0,10,ADMINISTRACION,3000232,0.0,0.0
3000232,BOLSA BLANCA DESCARTABLE X 2 LITROS,0.0,10,CARRO DE PARO,3000232,0.0,0.0
3000233,BOLSA DE EXTRACCION DE SANGRE DOBLE,92500.0,10,FARMACIA INTERNA(1),3000233,0.0,6.0
3000233,BOLSA DE EXTRACCION DE SANGRE DOBLE,92500.0,10,URGENCIAS(2),3000233,0.0,0.0
3000233,BOLSA DE EXTRACCION DE SANGRE DOBLE,92500.0,10,INTERNADO(3),3000233,0.0,0.0
3000233,BOLSA DE EXTRACCION DE SANGRE DOBLE,92500.0,10,QUIROFANO(4),3000233,0.0,0.0
3000233,BOLSA DE EXTRACCION DE SANGRE DOBLE,92500.0,10,ADMINISTRACION,3000233,0.0,0.0
3000233,BOLSA DE EXTRACCION DE SANGRE DOBLE,92500.0,10,CARRO DE PARO,3000233,0.0,0.0
3000234,BOLSA MORTUORIA,164000.0,10,FARMACIA INTERNA(1),3000234,0.0,1.0
3000234,BOLSA MORTUORIA,164000.0,10,URGENCIAS(2),3000234,0.0,0.0
3000234,BOLSA MORTUORIA,164000.0,10,INTERNADO(3),3000234,0.0,0.0
3000234,BOLSA MORTUORIA,164000.0,10,QUIROFANO(4),3000234,0.0,0.0
3000234,BOLSA MORTUORIA,164000.0,10,ADMINISTRACION,3000234,0.0,0.0
3000234,BOLSA MORTUORIA,164000.0,10,CARRO DE PARO,3000234,0.0,0.0
3000235,BOLSA P/ COLOSTOMIA 50MM B BRAUN (621250A),0.0,10,FARMACIA INTERNA(1),3000235,0.0,0.0
3000235,BOLSA P/ COLOSTOMIA 50MM B BRAUN (621250A),0.0,10,URGENCIAS(2),3000235,0.0,0.0
3000235,BOLSA P/ COLOSTOMIA 50MM B BRAUN (621250A),0.0,10,INTERNADO(3),3000235,0.0,0.0
3000235,BOLSA P/ COLOSTOMIA 50MM B BRAUN (621250A),0.0,10,QUIROFANO(4),3000235,0.0,0.0
3000235,BOLSA P/ COLOSTOMIA 50MM B BRAUN (621250A),0.0,10,ADMINISTRACION,3000235,0.0,0.0
3000235,BOLSA P/ COLOSTOMIA 50MM B BRAUN (621250A),0.0,10,CARRO DE PARO,3000235,0.0,0.0
3000236,BOLSA P/ COLOSTOMIA 60MM B BRAUN (621260A),0.0,10,FARMACIA INTERNA(1),3000236,0.0,0.0
3000236,BOLSA P/ COLOSTOMIA 60MM B BRAUN (621260A),0.0,10,URGENCIAS(2),3000236,0.0,0.0
3000236,BOLSA P/ COLOSTOMIA 60MM B BRAUN (621260A),0.0,10,INTERNADO(3),3000236,0.0,0.0
3000236,BOLSA P/ COLOSTOMIA 60MM B BRAUN (621260A),0.0,10,QUIROFANO(4),3000236,0.0,0.0
3000236,BOLSA P/ COLOSTOMIA 60MM B BRAUN (621260A),0.0,10,ADMINISTRACION,3000236,0.0,0.0
3000236,BOLSA P/ COLOSTOMIA 60MM B BRAUN (621260A),0.0,10,CARRO DE PARO,3000236,0.0,0.0
3000237,BOLSA P/ COLOSTOMIA HOLLISTER 8331,100000.0,10,FARMACIA INTERNA(1),3000237,0.0,3.0
3000237,BOLSA P/ COLOSTOMIA HOLLISTER 8331,100000.0,10,URGENCIAS(2),3000237,0.0,0.0
3000237,BOLSA P/ COLOSTOMIA HOLLISTER 8331,100000.0,10,INTERNADO(3),3000237,0.0,0.0
3000237,BOLSA P/ COLOSTOMIA HOLLISTER 8331,100000.0,10,QUIROFANO(4),3000237,0.0,0.0
3000237,BOLSA P/ COLOSTOMIA HOLLISTER 8331,100000.0,10,ADMINISTRACION,3000237,0.0,0.0
3000237,BOLSA P/ COLOSTOMIA HOLLISTER 8331,100000.0,10,CARRO DE PARO,3000237,0.0,0.0
3000238,BOLSA P/ COLOSTOMIA TRANSPARENTE 55510 B BRAUN,0.0,10,FARMACIA INTERNA(1),3000238,0.0,0.0
3000238,BOLSA P/ COLOSTOMIA TRANSPARENTE 55510 B BRAUN,0.0,10,URGENCIAS(2),3000238,0.0,0.0
3000238,BOLSA P/ COLOSTOMIA TRANSPARENTE 55510 B BRAUN,0.0,10,INTERNADO(3),3000238,0.0,0.0
3000238,BOLSA P/ COLOSTOMIA TRANSPARENTE 55510 B BRAUN,0.0,10,QUIROFANO(4),3000238,0.0,0.0
3000238,BOLSA P/ COLOSTOMIA TRANSPARENTE 55510 B BRAUN,0.0,10,ADMINISTRACION,3000238,0.0,0.0
3000238,BOLSA P/ COLOSTOMIA TRANSPARENTE 55510 B BRAUN,0.0,10,CARRO DE PARO,3000238,0.0,0.0
3000239,BOLSA PARA VOMITO,0.0,10,FARMACIA INTERNA(1),3000239,0.0,0.0
3000239,BOLSA PARA VOMITO,0.0,10,URGENCIAS(2),3000239,0.0,0.0
3000239,BOLSA PARA VOMITO,0.0,10,INTERNADO(3),3000239,0.0,0.0
3000239,BOLSA PARA VOMITO,0.0,10,QUIROFANO(4),3000239,0.0,0.0
3000239,BOLSA PARA VOMITO,0.0,10,ADMINISTRACION,3000239,0.0,0.0
3000239,BOLSA PARA VOMITO,0.0,10,CARRO DE PARO,3000239,0.0,0.0
3000240,CANULA DE MAYO NRO 00,16200.0,10,FARMACIA INTERNA(1),3000240,0.0,2.0
3000240,CANULA DE MAYO NRO 00,16200.0,10,URGENCIAS(2),3000240,0.0,0.0
3000240,CANULA DE MAYO NRO 00,16200.0,10,INTERNADO(3),3000240,0.0,0.0
3000240,CANULA DE MAYO NRO 00,16200.0,10,QUIROFANO(4),3000240,0.0,0.0
3000240,CANULA DE MAYO NRO 00,16200.0,10,ADMINISTRACION,3000240,0.0,0.0
3000240,CANULA DE MAYO NRO 00,16200.0,10,CARRO DE PARO,3000240,0.0,1.0
3000241,CANULA DE MAYO NRO 000,16200.0,10,FARMACIA INTERNA(1),3000241,0.0,9.0
3000241,CANULA DE MAYO NRO 000,16200.0,10,URGENCIAS(2),3000241,0.0,0.0
3000241,CANULA DE MAYO NRO 000,16200.0,10,INTERNADO(3),3000241,0.0,0.0
3000241,CANULA DE MAYO NRO 000,16200.0,10,QUIROFANO(4),3000241,0.0,0.0
3000241,CANULA DE MAYO NRO 000,16200.0,10,ADMINISTRACION,3000241,0.0,0.0
3000241,CANULA DE MAYO NRO 000,16200.0,10,CARRO DE PARO,3000241,0.0,1.0
3000242,CANULA DE MAYO NRO 1,25000.0,10,FARMACIA INTERNA(1),3000242,0.0,4.0
3000242,CANULA DE MAYO NRO 1,25000.0,10,URGENCIAS(2),3000242,0.0,0.0
3000242,CANULA DE MAYO NRO 1,25000.0,10,INTERNADO(3),3000242,0.0,0.0
3000242,CANULA DE MAYO NRO 1,25000.0,10,QUIROFANO(4),3000242,0.0,0.0
3000242,CANULA DE MAYO NRO 1,25000.0,10,ADMINISTRACION,3000242,0.0,0.0
3000242,CANULA DE MAYO NRO 1,25000.0,10,CARRO DE PARO,3000242,0.0,1.0
3000243,CANULA DE MAYO NRO 5,35000.0,10,FARMACIA INTERNA(1),3000243,0.0,9.0
3000243,CANULA DE MAYO NRO 5,35000.0,10,URGENCIAS(2),3000243,0.0,0.0
3000243,CANULA DE MAYO NRO 5,35000.0,10,INTERNADO(3),3000243,0.0,0.0
3000243,CANULA DE MAYO NRO 5,35000.0,10,QUIROFANO(4),3000243,0.0,0.0
3000243,CANULA DE MAYO NRO 5,35000.0,10,ADMINISTRACION,3000243,0.0,0.0
3000243,CANULA DE MAYO NRO 5,35000.0,10,CARRO DE PARO,3000243,0.0,1.0
3000244,CANULA NASAL P/ ALTO FLUJO,0.0,10,FARMACIA INTERNA(1),3000244,0.0,0.0
3000244,CANULA NASAL P/ ALTO FLUJO,0.0,10,URGENCIAS(2),3000244,0.0,0.0
3000244,CANULA NASAL P/ ALTO FLUJO,0.0,10,INTERNADO(3),3000244,0.0,0.0
3000244,CANULA NASAL P/ ALTO FLUJO,0.0,10,QUIROFANO(4),3000244,0.0,0.0
3000244,CANULA NASAL P/ ALTO FLUJO,0.0,10,ADMINISTRACION,3000244,0.0,0.0
3000244,CANULA NASAL P/ ALTO FLUJO,0.0,10,CARRO DE PARO,3000244,0.0,0.0
3000245,CANULA NASAL P/ ALTO FLUJO M,0.0,10,FARMACIA INTERNA(1),3000245,0.0,0.0
3000245,CANULA NASAL P/ ALTO FLUJO M,0.0,10,URGENCIAS(2),3000245,0.0,0.0
3000245,CANULA NASAL P/ ALTO FLUJO M,0.0,10,INTERNADO(3),3000245,0.0,0.0
3000245,CANULA NASAL P/ ALTO FLUJO M,0.0,10,QUIROFANO(4),3000245,0.0,0.0
3000245,CANULA NASAL P/ ALTO FLUJO M,0.0,10,ADMINISTRACION,3000245,0.0,0.0
3000245,CANULA NASAL P/ ALTO FLUJO M,0.0,10,CARRO DE PARO,3000245,0.0,0.0
3000246,CANULA NASAL P/ ALTO FLUJO S,0.0,10,FARMACIA INTERNA(1),3000246,0.0,0.0
3000246,CANULA NASAL P/ ALTO FLUJO S,0.0,10,URGENCIAS(2),3000246,0.0,0.0
3000246,CANULA NASAL P/ ALTO FLUJO S,0.0,10,INTERNADO(3),3000246,0.0,0.0
3000246,CANULA NASAL P/ ALTO FLUJO S,0.0,10,QUIROFANO(4),3000246,0.0,0.0
3000246,CANULA NASAL P/ ALTO FLUJO S,0.0,10,ADMINISTRACION,3000246,0.0,0.0
3000246,CANULA NASAL P/ ALTO FLUJO S,0.0,10,CARRO DE PARO,3000246,0.0,0.0
3000247,"CANULA P/ TRAQUEOSTOMIA C/B NRO 7,0",0.0,10,FARMACIA INTERNA(1),3000247,0.0,0.0
3000247,"CANULA P/ TRAQUEOSTOMIA C/B NRO 7,0",0.0,10,URGENCIAS(2),3000247,0.0,0.0
3000247,"CANULA P/ TRAQUEOSTOMIA C/B NRO 7,0",0.0,10,INTERNADO(3),3000247,0.0,0.0
3000247,"CANULA P/ TRAQUEOSTOMIA C/B NRO 7,0",0.0,10,QUIROFANO(4),3000247,0.0,0.0
3000247,"CANULA P/ TRAQUEOSTOMIA C/B NRO 7,0",0.0,10,ADMINISTRACION,3000247,0.0,0.0
3000247,"CANULA P/ TRAQUEOSTOMIA C/B NRO 7,0",0.0,10,CARRO DE PARO,3000247,0.0,0.0
3000248,CANULA P/ TRAQUEOSTOMIA C/B NRO 8 XLTCP PROXIMAL,0.0,10,FARMACIA INTERNA(1),3000248,0.0,0.0
3000248,CANULA P/ TRAQUEOSTOMIA C/B NRO 8 XLTCP PROXIMAL,0.0,10,URGENCIAS(2),3000248,0.0,0.0
3000248,CANULA P/ TRAQUEOSTOMIA C/B NRO 8 XLTCP PROXIMAL,0.0,10,INTERNADO(3),3000248,0.0,0.0
3000248,CANULA P/ TRAQUEOSTOMIA C/B NRO 8 XLTCP PROXIMAL,0.0,10,QUIROFANO(4),3000248,0.0,0.0
3000248,CANULA P/ TRAQUEOSTOMIA C/B NRO 8 XLTCP PROXIMAL,0.0,10,ADMINISTRACION,3000248,0.0,0.0
3000248,CANULA P/ TRAQUEOSTOMIA C/B NRO 8 XLTCP PROXIMAL,0.0,10,CARRO DE PARO,3000248,0.0,0.0
3000249,CANULA P/ TRAQUEOSTOMIA C/B NRO,9.0,0,10 FARMACIA INTERNA(1),3000249,0.0,0.0
3000249,CANULA P/ TRAQUEOSTOMIA C/B NRO,9.0,0,10 URGENCIAS(2),3000249,0.0,0.0
3000249,CANULA P/ TRAQUEOSTOMIA C/B NRO,9.0,0,10 INTERNADO(3),3000249,0.0,0.0
3000249,CANULA P/ TRAQUEOSTOMIA C/B NRO,9.0,0,10 QUIROFANO(4),3000249,0.0,0.0
3000249,CANULA P/ TRAQUEOSTOMIA C/B NRO,9.0,0,10 ADMINISTRACION,3000249,0.0,0.0
3000249,CANULA P/ TRAQUEOSTOMIA C/B NRO,9.0,0,10 CARRO DE PARO,3000249,0.0,0.0
3000250,CANULA P/ TRAQUEOSTOMIA FENESTRADA C/B NRO,7.0,0,10 FARMACIA INTERNA(1),3000250,0.0,0.0
3000250,CANULA P/ TRAQUEOSTOMIA FENESTRADA C/B NRO,7.0,0,10 URGENCIAS(2),3000250,0.0,0.0
3000250,CANULA P/ TRAQUEOSTOMIA FENESTRADA C/B NRO,7.0,0,10 INTERNADO(3),3000250,0.0,0.0
3000250,CANULA P/ TRAQUEOSTOMIA FENESTRADA C/B NRO,7.0,0,10 QUIROFANO(4),3000250,0.0,0.0
3000250,CANULA P/ TRAQUEOSTOMIA FENESTRADA C/B NRO,7.0,0,10 ADMINISTRACION,3000250,0.0,0.0
3000250,CANULA P/ TRAQUEOSTOMIA FENESTRADA C/B NRO,7.0,0,10 CARRO DE PARO,3000250,0.0,0.0
3000251,CANULA P/ TRAQUEOSTOMIA FENESTRADA C/B NRO,8.0,0,10 FARMACIA INTERNA(1),3000251,0.0,0.0
3000251,CANULA P/ TRAQUEOSTOMIA FENESTRADA C/B NRO,8.0,0,10 URGENCIAS(2),3000251,0.0,0.0
3000251,CANULA P/ TRAQUEOSTOMIA FENESTRADA C/B NRO,8.0,0,10 INTERNADO(3),3000251,0.0,0.0
3000251,CANULA P/ TRAQUEOSTOMIA FENESTRADA C/B NRO,8.0,0,10 QUIROFANO(4),3000251,0.0,0.0
3000251,CANULA P/ TRAQUEOSTOMIA FENESTRADA C/B NRO,8.0,0,10 ADMINISTRACION,3000251,0.0,0.0
3000251,CANULA P/ TRAQUEOSTOMIA FENESTRADA C/B NRO,8.0,0,10 CARRO DE PARO,3000251,0.0,0.0
3000252,"CANULA P/ TRAQUEOSTOMIA S/B NRO 2,5",0.0,10,FARMACIA INTERNA(1),3000252,0.0,0.0
3000252,"CANULA P/ TRAQUEOSTOMIA S/B NRO 2,5",0.0,10,URGENCIAS(2),3000252,0.0,0.0
3000252,"CANULA P/ TRAQUEOSTOMIA S/B NRO 2,5",0.0,10,INTERNADO(3),3000252,0.0,0.0
3000252,"CANULA P/ TRAQUEOSTOMIA S/B NRO 2,5",0.0,10,QUIROFANO(4),3000252,0.0,0.0
3000252,"CANULA P/ TRAQUEOSTOMIA S/B NRO 2,5",0.0,10,ADMINISTRACION,3000252,0.0,0.0
3000252,"CANULA P/ TRAQUEOSTOMIA S/B NRO 2,5",0.0,10,CARRO DE PARO,3000252,0.0,0.0
3000253,CANULA P/ TRAQUEOSTOMIA S/B NRO,3.0,0,10 FARMACIA INTERNA(1),3000253,0.0,0.0
3000253,CANULA P/ TRAQUEOSTOMIA S/B NRO,3.0,0,10 URGENCIAS(2),3000253,0.0,0.0
3000253,CANULA P/ TRAQUEOSTOMIA S/B NRO,3.0,0,10 INTERNADO(3),3000253,0.0,0.0
3000253,CANULA P/ TRAQUEOSTOMIA S/B NRO,3.0,0,10 QUIROFANO(4),3000253,0.0,0.0
3000253,CANULA P/ TRAQUEOSTOMIA S/B NRO,3.0,0,10 ADMINISTRACION,3000253,0.0,0.0
3000253,CANULA P/ TRAQUEOSTOMIA S/B NRO,3.0,0,10 CARRO DE PARO,3000253,0.0,0.0
3000254,"CANULA P/ TRAQUEOSTOMIA S/B NRO 3,5",0.0,10,FARMACIA INTERNA(1),3000254,0.0,0.0
3000254,"CANULA P/ TRAQUEOSTOMIA S/B NRO 3,5",0.0,10,URGENCIAS(2),3000254,0.0,0.0
3000254,"CANULA P/ TRAQUEOSTOMIA S/B NRO 3,5",0.0,10,INTERNADO(3),3000254,0.0,0.0
3000254,"CANULA P/ TRAQUEOSTOMIA S/B NRO 3,5",0.0,10,QUIROFANO(4),3000254,0.0,0.0
3000254,"CANULA P/ TRAQUEOSTOMIA S/B NRO 3,5",0.0,10,ADMINISTRACION,3000254,0.0,0.0
3000254,"CANULA P/ TRAQUEOSTOMIA S/B NRO 3,5",0.0,10,CARRO DE PARO,3000254,0.0,0.0
3000255,"CANULA P/ TRAQUEOSTOMIA S/B NRO 4,5",0.0,10,FARMACIA INTERNA(1),3000255,0.0,0.0
3000255,"CANULA P/ TRAQUEOSTOMIA S/B NRO 4,5",0.0,10,URGENCIAS(2),3000255,0.0,0.0
3000255,"CANULA P/ TRAQUEOSTOMIA S/B NRO 4,5",0.0,10,INTERNADO(3),3000255,0.0,0.0
3000255,"CANULA P/ TRAQUEOSTOMIA S/B NRO 4,5",0.0,10,QUIROFANO(4),3000255,0.0,0.0
3000255,"CANULA P/ TRAQUEOSTOMIA S/B NRO 4,5",0.0,10,ADMINISTRACION,3000255,0.0,0.0
3000255,"CANULA P/ TRAQUEOSTOMIA S/B NRO 4,5",0.0,10,CARRO DE PARO,3000255,0.0,0.0
3000256,CANULA P/ TRAQUEOSTOMIA S/B NRO,5.0,0,10 FARMACIA INTERNA(1),3000256,0.0,0.0
3000256,CANULA P/ TRAQUEOSTOMIA S/B NRO,5.0,0,10 URGENCIAS(2),3000256,0.0,0.0
3000256,CANULA P/ TRAQUEOSTOMIA S/B NRO,5.0,0,10 INTERNADO(3),3000256,0.0,0.0
3000256,CANULA P/ TRAQUEOSTOMIA S/B NRO,5.0,0,10 QUIROFANO(4),3000256,0.0,0.0
3000256,CANULA P/ TRAQUEOSTOMIA S/B NRO,5.0,0,10 ADMINISTRACION,3000256,0.0,0.0
3000256,CANULA P/ TRAQUEOSTOMIA S/B NRO,5.0,0,10 CARRO DE PARO,3000256,0.0,0.0
3000257,"CANULA P/ TRAQUEOSTOMIA S/B NRO 5,5",0.0,10,FARMACIA INTERNA(1),3000257,0.0,0.0
3000257,"CANULA P/ TRAQUEOSTOMIA S/B NRO 5,5",0.0,10,URGENCIAS(2),3000257,0.0,0.0
3000257,"CANULA P/ TRAQUEOSTOMIA S/B NRO 5,5",0.0,10,INTERNADO(3),3000257,0.0,0.0
3000257,"CANULA P/ TRAQUEOSTOMIA S/B NRO 5,5",0.0,10,QUIROFANO(4),3000257,0.0,0.0
3000257,"CANULA P/ TRAQUEOSTOMIA S/B NRO 5,5",0.0,10,ADMINISTRACION,3000257,0.0,0.0
3000257,"CANULA P/ TRAQUEOSTOMIA S/B NRO 5,5",0.0,10,CARRO DE PARO,3000257,0.0,0.0
3000258,CATETER ARTERIAL LEADERCATH 24 VYGON,0.0,10,FARMACIA INTERNA(1),3000258,0.0,0.0
3000258,CATETER ARTERIAL LEADERCATH 24 VYGON,0.0,10,URGENCIAS(2),3000258,0.0,0.0
3000258,CATETER ARTERIAL LEADERCATH 24 VYGON,0.0,10,INTERNADO(3),3000258,0.0,0.0
3000258,CATETER ARTERIAL LEADERCATH 24 VYGON,0.0,10,QUIROFANO(4),3000258,0.0,0.0
3000258,CATETER ARTERIAL LEADERCATH 24 VYGON,0.0,10,ADMINISTRACION,3000258,0.0,0.0
3000258,CATETER ARTERIAL LEADERCATH 24 VYGON,0.0,10,CARRO DE PARO,3000258,0.0,0.0
3000259,CATETER ARTERIAL LEADERFLEX 22G VYGON,0.0,10,FARMACIA INTERNA(1),3000259,0.0,0.0
3000259,CATETER ARTERIAL LEADERFLEX 22G VYGON,0.0,10,URGENCIAS(2),3000259,0.0,0.0
3000259,CATETER ARTERIAL LEADERFLEX 22G VYGON,0.0,10,INTERNADO(3),3000259,0.0,0.0
3000259,CATETER ARTERIAL LEADERFLEX 22G VYGON,0.0,10,QUIROFANO(4),3000259,0.0,0.0
3000259,CATETER ARTERIAL LEADERFLEX 22G VYGON,0.0,10,ADMINISTRACION,3000259,0.0,0.0
3000259,CATETER ARTERIAL LEADERFLEX 22G VYGON,0.0,10,CARRO DE PARO,3000259,0.0,0.0
3000260,CATETER DOBLE J FR,5.0,0,10 FARMACIA INTERNA(1),3000260,0.0,0.0
3000260,CATETER DOBLE J FR,5.0,0,10 URGENCIAS(2),3000260,0.0,0.0
3000260,CATETER DOBLE J FR,5.0,0,10 INTERNADO(3),3000260,0.0,0.0
3000260,CATETER DOBLE J FR,5.0,0,10 QUIROFANO(4),3000260,0.0,0.0
3000260,CATETER DOBLE J FR,5.0,0,10 ADMINISTRACION,3000260,0.0,0.0
3000260,CATETER DOBLE J FR,5.0,0,10 CARRO DE PARO,3000260,0.0,0.0
3000261,CATETER DOBLE J FR,6.0,0,10 FARMACIA INTERNA(1),3000261,0.0,0.0
3000261,CATETER DOBLE J FR,6.0,0,10 URGENCIAS(2),3000261,0.0,0.0
3000261,CATETER DOBLE J FR,6.0,0,10 INTERNADO(3),3000261,0.0,0.0
3000261,CATETER DOBLE J FR,6.0,0,10 QUIROFANO(4),3000261,0.0,0.0
3000261,CATETER DOBLE J FR,6.0,0,10 ADMINISTRACION,3000261,0.0,0.0
3000261,CATETER DOBLE J FR,6.0,0,10 CARRO DE PARO,3000261,0.0,0.0
3000262,CATETER DOBLE J FR,7.0,0,10 FARMACIA INTERNA(1),3000262,0.0,0.0
3000262,CATETER DOBLE J FR,7.0,0,10 URGENCIAS(2),3000262,0.0,0.0
3000262,CATETER DOBLE J FR,7.0,0,10 INTERNADO(3),3000262,0.0,0.0
3000262,CATETER DOBLE J FR,7.0,0,10 QUIROFANO(4),3000262,0.0,0.0
3000262,CATETER DOBLE J FR,7.0,0,10 ADMINISTRACION,3000262,0.0,0.0
3000262,CATETER DOBLE J FR,7.0,0,10 CARRO DE PARO,3000262,0.0,0.0
3000263,CATETER SILICONADO FOLEY 2 6.0MM/18,0.0,10,FARMACIA INTERNA(1),3000263,0.0,0.0
3000263,CATETER SILICONADO FOLEY 2 6.0MM/18,0.0,10,URGENCIAS(2),3000263,0.0,0.0
3000263,CATETER SILICONADO FOLEY 2 6.0MM/18,0.0,10,INTERNADO(3),3000263,0.0,0.0
3000263,CATETER SILICONADO FOLEY 2 6.0MM/18,0.0,10,QUIROFANO(4),3000263,0.0,0.0
3000263,CATETER SILICONADO FOLEY 2 6.0MM/18,0.0,10,ADMINISTRACION,3000263,0.0,0.0
3000263,CATETER SILICONADO FOLEY 2 6.0MM/18,0.0,10,CARRO DE PARO,3000263,0.0,0.0
3000264,CATETER SILICONADO FOLEY 2 6.0MM/16,0.0,10,FARMACIA INTERNA(1),3000264,0.0,0.0
3000264,CATETER SILICONADO FOLEY 2 6.0MM/16,0.0,10,URGENCIAS(2),3000264,0.0,0.0
3000264,CATETER SILICONADO FOLEY 2 6.0MM/16,0.0,10,INTERNADO(3),3000264,0.0,0.0
3000264,CATETER SILICONADO FOLEY 2 6.0MM/16,0.0,10,QUIROFANO(4),3000264,0.0,0.0
3000264,CATETER SILICONADO FOLEY 2 6.0MM/16,0.0,10,ADMINISTRACION,3000264,0.0,0.0
3000264,CATETER SILICONADO FOLEY 2 6.0MM/16,0.0,10,CARRO DE PARO,3000264,0.0,0.0
3000265,CATETER FOGARTY FR 4 - EMBOLECTOMIA,0.0,10,FARMACIA INTERNA(1),3000265,0.0,0.0
3000265,CATETER FOGARTY FR 4 - EMBOLECTOMIA,0.0,10,URGENCIAS(2),3000265,0.0,0.0
3000265,CATETER FOGARTY FR 4 - EMBOLECTOMIA,0.0,10,INTERNADO(3),3000265,0.0,0.0
3000265,CATETER FOGARTY FR 4 - EMBOLECTOMIA,0.0,10,QUIROFANO(4),3000265,0.0,0.0
3000265,CATETER FOGARTY FR 4 - EMBOLECTOMIA,0.0,10,ADMINISTRACION,3000265,0.0,0.0
3000265,CATETER FOGARTY FR 4 - EMBOLECTOMIA,0.0,10,CARRO DE PARO,3000265,0.0,0.0
3000266,CATETER FOGARTY FR 6 - EMBOLECTOMIA,0.0,10,FARMACIA INTERNA(1),3000266,0.0,0.0
3000266,CATETER FOGARTY FR 6 - EMBOLECTOMIA,0.0,10,URGENCIAS(2),3000266,0.0,0.0
3000266,CATETER FOGARTY FR 6 - EMBOLECTOMIA,0.0,10,INTERNADO(3),3000266,0.0,0.0
3000266,CATETER FOGARTY FR 6 - EMBOLECTOMIA,0.0,10,QUIROFANO(4),3000266,0.0,0.0
3000266,CATETER FOGARTY FR 6 - EMBOLECTOMIA,0.0,10,ADMINISTRACION,3000266,0.0,0.0
3000266,CATETER FOGARTY FR 6 - EMBOLECTOMIA,0.0,10,CARRO DE PARO,3000266,0.0,0.0
3000267,CATETER I.V. SAFELET 14G (NIPRO),0.0,10,FARMACIA INTERNA(1),3000267,0.0,0.0
3000267,CATETER I.V. SAFELET 14G (NIPRO),0.0,10,URGENCIAS(2),3000267,0.0,0.0
3000267,CATETER I.V. SAFELET 14G (NIPRO),0.0,10,INTERNADO(3),3000267,0.0,0.0
3000267,CATETER I.V. SAFELET 14G (NIPRO),0.0,10,QUIROFANO(4),3000267,0.0,0.0
3000267,CATETER I.V. SAFELET 14G (NIPRO),0.0,10,ADMINISTRACION,3000267,0.0,0.0
3000267,CATETER I.V. SAFELET 14G (NIPRO),0.0,10,CARRO DE PARO,3000267,0.0,0.0
3000268,CATETER I.V. SAFELET 20G (NIPRO),0.0,10,FARMACIA INTERNA(1),3000268,0.0,0.0
3000268,CATETER I.V. SAFELET 20G (NIPRO),0.0,10,URGENCIAS(2),3000268,0.0,0.0
3000268,CATETER I.V. SAFELET 20G (NIPRO),0.0,10,INTERNADO(3),3000268,0.0,0.0
3000268,CATETER I.V. SAFELET 20G (NIPRO),0.0,10,QUIROFANO(4),3000268,0.0,0.0
3000268,CATETER I.V. SAFELET 20G (NIPRO),0.0,10,ADMINISTRACION,3000268,0.0,0.0
3000268,CATETER I.V. SAFELET 20G (NIPRO),0.0,10,CARRO DE PARO,3000268,0.0,0.0
3000269,CATETER INTROCAN NRO 14G S/ ALETA (B BRAUN),18000.0,10,FARMACIA INTERNA(1),3000269,0.0,15.0
3000269,CATETER INTROCAN NRO 14G S/ ALETA (B BRAUN),18000.0,10,URGENCIAS(2),3000269,0.0,0.0
3000269,CATETER INTROCAN NRO 14G S/ ALETA (B BRAUN),18000.0,10,INTERNADO(3),3000269,0.0,0.0
3000269,CATETER INTROCAN NRO 14G S/ ALETA (B BRAUN),18000.0,10,QUIROFANO(4),3000269,0.0,0.0
3000269,CATETER INTROCAN NRO 14G S/ ALETA (B BRAUN),18000.0,10,ADMINISTRACION,3000269,0.0,0.0
3000269,CATETER INTROCAN NRO 14G S/ ALETA (B BRAUN),18000.0,10,CARRO DE PARO,3000269,0.0,5.0
3000270,CATETER INTROCAN NRO 18G S/ ALETA (B BRAUN),16000.0,10,FARMACIA INTERNA(1),3000270,0.0,107.0
3000270,CATETER INTROCAN NRO 18G S/ ALETA (B BRAUN),16000.0,10,URGENCIAS(2),3000270,0.0,35.0
3000270,CATETER INTROCAN NRO 18G S/ ALETA (B BRAUN),16000.0,10,INTERNADO(3),3000270,0.0,0.0
3000270,CATETER INTROCAN NRO 18G S/ ALETA (B BRAUN),16000.0,10,QUIROFANO(4),3000270,0.0,0.0
3000270,CATETER INTROCAN NRO 18G S/ ALETA (B BRAUN),16000.0,10,ADMINISTRACION,3000270,0.0,0.0
3000270,CATETER INTROCAN NRO 18G S/ ALETA (B BRAUN),16000.0,10,CARRO DE PARO,3000270,0.0,10.0
3000271,CATETER INTROCAN NRO 20G S/ ALETA (B BRAUN),16000.0,10,FARMACIA INTERNA(1),3000271,0.0,45.0
3000271,CATETER INTROCAN NRO 20G S/ ALETA (B BRAUN),16000.0,10,URGENCIAS(2),3000271,0.0,52.0
3000271,CATETER INTROCAN NRO 20G S/ ALETA (B BRAUN),16000.0,10,INTERNADO(3),3000271,0.0,0.0
3000271,CATETER INTROCAN NRO 20G S/ ALETA (B BRAUN),16000.0,10,QUIROFANO(4),3000271,0.0,0.0
3000271,CATETER INTROCAN NRO 20G S/ ALETA (B BRAUN),16000.0,10,ADMINISTRACION,3000271,0.0,0.0
3000271,CATETER INTROCAN NRO 20G S/ ALETA (B BRAUN),16000.0,10,CARRO DE PARO,3000271,0.0,10.0
3000272,CATETER INTROCAN NRO 22G S/ ALETA (B BRAUN),16000.0,10,FARMACIA INTERNA(1),3000272,0.0,70.0
3000272,CATETER INTROCAN NRO 22G S/ ALETA (B BRAUN),16000.0,10,URGENCIAS(2),3000272,0.0,36.0
3000272,CATETER INTROCAN NRO 22G S/ ALETA (B BRAUN),16000.0,10,INTERNADO(3),3000272,0.0,0.0
3000272,CATETER INTROCAN NRO 22G S/ ALETA (B BRAUN),16000.0,10,QUIROFANO(4),3000272,0.0,0.0
3000272,CATETER INTROCAN NRO 22G S/ ALETA (B BRAUN),16000.0,10,ADMINISTRACION,3000272,0.0,0.0
3000272,CATETER INTROCAN NRO 22G S/ ALETA (B BRAUN),16000.0,10,CARRO DE PARO,3000272,0.0,10.0
3000273,CATETER INTROCAN NRO 24G S/ ALETA (B BRAUN),16000.0,10,FARMACIA INTERNA(1),3000273,0.0,55.0
3000273,CATETER INTROCAN NRO 24G S/ ALETA (B BRAUN),16000.0,10,URGENCIAS(2),3000273,0.0,144.0
3000273,CATETER INTROCAN NRO 24G S/ ALETA (B BRAUN),16000.0,10,INTERNADO(3),3000273,0.0,0.0
3000273,CATETER INTROCAN NRO 24G S/ ALETA (B BRAUN),16000.0,10,QUIROFANO(4),3000273,0.0,0.0
3000273,CATETER INTROCAN NRO 24G S/ ALETA (B BRAUN),16000.0,10,ADMINISTRACION,3000273,0.0,0.0
3000273,CATETER INTROCAN NRO 24G S/ ALETA (B BRAUN),16000.0,10,CARRO DE PARO,3000273,0.0,10.0
3000274,CATETER MOUNT (EXTENSOR DE TUBO),0.0,10,FARMACIA INTERNA(1),3000274,0.0,0.0
3000274,CATETER MOUNT (EXTENSOR DE TUBO),0.0,10,URGENCIAS(2),3000274,0.0,0.0
3000274,CATETER MOUNT (EXTENSOR DE TUBO),0.0,10,INTERNADO(3),3000274,0.0,0.0
3000274,CATETER MOUNT (EXTENSOR DE TUBO),0.0,10,QUIROFANO(4),3000274,0.0,0.0
3000274,CATETER MOUNT (EXTENSOR DE TUBO),0.0,10,ADMINISTRACION,3000274,0.0,0.0
3000274,CATETER MOUNT (EXTENSOR DE TUBO),0.0,10,CARRO DE PARO,3000274,0.0,0.0
3000275,CATETER NUTRILINE TWINFLO 2 LUMEN FR 2 (SILASTIC),0.0,10,FARMACIA INTERNA(1),3000275,0.0,0.0
3000275,CATETER NUTRILINE TWINFLO 2 LUMEN FR 2 (SILASTIC),0.0,10,URGENCIAS(2),3000275,0.0,0.0
3000275,CATETER NUTRILINE TWINFLO 2 LUMEN FR 2 (SILASTIC),0.0,10,INTERNADO(3),3000275,0.0,0.0
3000275,CATETER NUTRILINE TWINFLO 2 LUMEN FR 2 (SILASTIC),0.0,10,QUIROFANO(4),3000275,0.0,0.0
3000275,CATETER NUTRILINE TWINFLO 2 LUMEN FR 2 (SILASTIC),0.0,10,ADMINISTRACION,3000275,0.0,0.0
3000275,CATETER NUTRILINE TWINFLO 2 LUMEN FR 2 (SILASTIC),0.0,10,CARRO DE PARO,3000275,0.0,0.0
3000276,CATETER P/ HEMODIALISIS FR 12 X 20 CM,0.0,10,FARMACIA INTERNA(1),3000276,0.0,0.0
3000276,CATETER P/ HEMODIALISIS FR 12 X 20 CM,0.0,10,URGENCIAS(2),3000276,0.0,0.0
3000276,CATETER P/ HEMODIALISIS FR 12 X 20 CM,0.0,10,INTERNADO(3),3000276,0.0,0.0
3000276,CATETER P/ HEMODIALISIS FR 12 X 20 CM,0.0,10,QUIROFANO(4),3000276,0.0,0.0
3000276,CATETER P/ HEMODIALISIS FR 12 X 20 CM,0.0,10,ADMINISTRACION,3000276,0.0,0.0
3000276,CATETER P/ HEMODIALISIS FR 12 X 20 CM,0.0,10,CARRO DE PARO,3000276,0.0,0.0
3000277,CATETER PICC FR3 1L REF.650-03-50-S SILMAG (SILASTIC),0.0,10,FARMACIA INTERNA(1),3000277,0.0,0.0
3000277,CATETER PICC FR3 1L REF.650-03-50-S SILMAG (SILASTIC),0.0,10,URGENCIAS(2),3000277,0.0,0.0
3000277,CATETER PICC FR3 1L REF.650-03-50-S SILMAG (SILASTIC),0.0,10,INTERNADO(3),3000277,0.0,0.0
3000277,CATETER PICC FR3 1L REF.650-03-50-S SILMAG (SILASTIC),0.0,10,QUIROFANO(4),3000277,0.0,0.0
3000277,CATETER PICC FR3 1L REF.650-03-50-S SILMAG (SILASTIC),0.0,10,ADMINISTRACION,3000277,0.0,0.0
3000277,CATETER PICC FR3 1L REF.650-03-50-S SILMAG (SILASTIC),0.0,10,CARRO DE PARO,3000277,0.0,0.0
3000278,CATETER PICC FR3 2L REF.650-03-50-D SILMAG (SILASTIC),0.0,10,FARMACIA INTERNA(1),3000278,0.0,0.0
3000278,CATETER PICC FR3 2L REF.650-03-50-D SILMAG (SILASTIC),0.0,10,URGENCIAS(2),3000278,0.0,0.0
3000278,CATETER PICC FR3 2L REF.650-03-50-D SILMAG (SILASTIC),0.0,10,INTERNADO(3),3000278,0.0,0.0
3000278,CATETER PICC FR3 2L REF.650-03-50-D SILMAG (SILASTIC),0.0,10,QUIROFANO(4),3000278,0.0,0.0
3000278,CATETER PICC FR3 2L REF.650-03-50-D SILMAG (SILASTIC),0.0,10,ADMINISTRACION,3000278,0.0,0.0
3000278,CATETER PICC FR3 2L REF.650-03-50-D SILMAG (SILASTIC),0.0,10,CARRO DE PARO,3000278,0.0,0.0
3000279,CATETER PICC FR4 2L REF.581-04-60-D SILMAG (SILASTIC),0.0,10,FARMACIA INTERNA(1),3000279,0.0,0.0
3000279,CATETER PICC FR4 2L REF.581-04-60-D SILMAG (SILASTIC),0.0,10,URGENCIAS(2),3000279,0.0,0.0
3000279,CATETER PICC FR4 2L REF.581-04-60-D SILMAG (SILASTIC),0.0,10,INTERNADO(3),3000279,0.0,0.0
3000279,CATETER PICC FR4 2L REF.581-04-60-D SILMAG (SILASTIC),0.0,10,QUIROFANO(4),3000279,0.0,0.0
3000279,CATETER PICC FR4 2L REF.581-04-60-D SILMAG (SILASTIC),0.0,10,ADMINISTRACION,3000279,0.0,0.0
3000279,CATETER PICC FR4 2L REF.581-04-60-D SILMAG (SILASTIC),0.0,10,CARRO DE PARO,3000279,0.0,0.0
3000280,CATETER PREMICATH 1 LUMEN FR 1 (SILASTIC),0.0,10,FARMACIA INTERNA(1),3000280,0.0,0.0
3000280,CATETER PREMICATH 1 LUMEN FR 1 (SILASTIC),0.0,10,URGENCIAS(2),3000280,0.0,0.0
3000280,CATETER PREMICATH 1 LUMEN FR 1 (SILASTIC),0.0,10,INTERNADO(3),3000280,0.0,0.0
3000280,CATETER PREMICATH 1 LUMEN FR 1 (SILASTIC),0.0,10,QUIROFANO(4),3000280,0.0,0.0
3000280,CATETER PREMICATH 1 LUMEN FR 1 (SILASTIC),0.0,10,ADMINISTRACION,3000280,0.0,0.0
3000280,CATETER PREMICATH 1 LUMEN FR 1 (SILASTIC),0.0,10,CARRO DE PARO,3000280,0.0,0.0
3000281,"CATETER UMBILICAL ARTERIAL 1 LUMEN FR 3,5",0.0,10,FARMACIA INTERNA(1),3000281,0.0,0.0
3000281,"CATETER UMBILICAL ARTERIAL 1 LUMEN FR 3,5",0.0,10,URGENCIAS(2),3000281,0.0,0.0
3000281,"CATETER UMBILICAL ARTERIAL 1 LUMEN FR 3,5",0.0,10,INTERNADO(3),3000281,0.0,0.0
3000281,"CATETER UMBILICAL ARTERIAL 1 LUMEN FR 3,5",0.0,10,QUIROFANO(4),3000281,0.0,0.0
3000281,"CATETER UMBILICAL ARTERIAL 1 LUMEN FR 3,5",0.0,10,ADMINISTRACION,3000281,0.0,0.0
3000281,"CATETER UMBILICAL ARTERIAL 1 LUMEN FR 3,5",0.0,10,CARRO DE PARO,3000281,0.0,0.0
3000282,CATETER UMBILICAL ARTERIAL 1 LUMEN FR,5.0,0,10 FARMACIA INTERNA(1),3000282,0.0,0.0
3000282,CATETER UMBILICAL ARTERIAL 1 LUMEN FR,5.0,0,10 URGENCIAS(2),3000282,0.0,0.0
3000282,CATETER UMBILICAL ARTERIAL 1 LUMEN FR,5.0,0,10 INTERNADO(3),3000282,0.0,0.0
3000282,CATETER UMBILICAL ARTERIAL 1 LUMEN FR,5.0,0,10 QUIROFANO(4),3000282,0.0,0.0
3000282,CATETER UMBILICAL ARTERIAL 1 LUMEN FR,5.0,0,10 ADMINISTRACION,3000282,0.0,0.0
3000282,CATETER UMBILICAL ARTERIAL 1 LUMEN FR,5.0,0,10 CARRO DE PARO,3000282,0.0,0.0
3000283,CATETER UMBILICAL SILIC 2 LUMEN FR 4 (VYGON),745000.0,10,FARMACIA INTERNA(1),3000283,0.0,2.0
3000283,CATETER UMBILICAL SILIC 2 LUMEN FR 4 (VYGON),745000.0,10,URGENCIAS(2),3000283,0.0,0.0
3000283,CATETER UMBILICAL SILIC 2 LUMEN FR 4 (VYGON),745000.0,10,INTERNADO(3),3000283,0.0,0.0
3000283,CATETER UMBILICAL SILIC 2 LUMEN FR 4 (VYGON),745000.0,10,QUIROFANO(4),3000283,0.0,0.0
3000283,CATETER UMBILICAL SILIC 2 LUMEN FR 4 (VYGON),745000.0,10,ADMINISTRACION,3000283,0.0,0.0
3000283,CATETER UMBILICAL SILIC 2 LUMEN FR 4 (VYGON),745000.0,10,CARRO DE PARO,3000283,0.0,0.0
3000284,"CATETER UMBILICAL VENOSO SILIC 2 LUMEN FR 3,5",0.0,10,FARMACIA INTERNA(1),3000284,0.0,0.0
3000284,"CATETER UMBILICAL VENOSO SILIC 2 LUMEN FR 3,5",0.0,10,URGENCIAS(2),3000284,0.0,0.0
3000284,"CATETER UMBILICAL VENOSO SILIC 2 LUMEN FR 3,5",0.0,10,INTERNADO(3),3000284,0.0,0.0
3000284,"CATETER UMBILICAL VENOSO SILIC 2 LUMEN FR 3,5",0.0,10,QUIROFANO(4),3000284,0.0,0.0
3000284,"CATETER UMBILICAL VENOSO SILIC 2 LUMEN FR 3,5",0.0,10,ADMINISTRACION,3000284,0.0,0.0
3000284,"CATETER UMBILICAL VENOSO SILIC 2 LUMEN FR 3,5",0.0,10,CARRO DE PARO,3000284,0.0,0.0
3000285,CATETER UMBILICAL VENOSO SILIC 2 LUMEN FR,5.0,0,10 FARMACIA INTERNA(1),3000285,0.0,0.0
3000285,CATETER UMBILICAL VENOSO SILIC 2 LUMEN FR,5.0,0,10 URGENCIAS(2),3000285,0.0,0.0
3000285,CATETER UMBILICAL VENOSO SILIC 2 LUMEN FR,5.0,0,10 INTERNADO(3),3000285,0.0,0.0
3000285,CATETER UMBILICAL VENOSO SILIC 2 LUMEN FR,5.0,0,10 QUIROFANO(4),3000285,0.0,0.0
3000285,CATETER UMBILICAL VENOSO SILIC 2 LUMEN FR,5.0,0,10 ADMINISTRACION,3000285,0.0,0.0
3000285,CATETER UMBILICAL VENOSO SILIC 2 LUMEN FR,5.0,0,10 CARRO DE PARO,3000285,0.0,0.0
3000286,CATETER VIA CENTRAL 2 LUMEN 5 FR,0.0,10,FARMACIA INTERNA(1),3000286,0.0,0.0
3000286,CATETER VIA CENTRAL 2 LUMEN 5 FR,0.0,10,URGENCIAS(2),3000286,0.0,0.0
3000286,CATETER VIA CENTRAL 2 LUMEN 5 FR,0.0,10,INTERNADO(3),3000286,0.0,0.0
3000286,CATETER VIA CENTRAL 2 LUMEN 5 FR,0.0,10,QUIROFANO(4),3000286,0.0,0.0
3000286,CATETER VIA CENTRAL 2 LUMEN 5 FR,0.0,10,ADMINISTRACION,3000286,0.0,0.0
3000286,CATETER VIA CENTRAL 2 LUMEN 5 FR,0.0,10,CARRO DE PARO,3000286,0.0,0.0
3000287,CATETER VIA CENTRAL 2 LUMEN 7 FR,0.0,10,FARMACIA INTERNA(1),3000287,0.0,0.0
3000287,CATETER VIA CENTRAL 2 LUMEN 7 FR,0.0,10,URGENCIAS(2),3000287,0.0,0.0
3000287,CATETER VIA CENTRAL 2 LUMEN 7 FR,0.0,10,INTERNADO(3),3000287,0.0,0.0
3000287,CATETER VIA CENTRAL 2 LUMEN 7 FR,0.0,10,QUIROFANO(4),3000287,0.0,0.0
3000287,CATETER VIA CENTRAL 2 LUMEN 7 FR,0.0,10,ADMINISTRACION,3000287,0.0,0.0
3000287,CATETER VIA CENTRAL 2 LUMEN 7 FR,0.0,10,CARRO DE PARO,3000287,0.0,0.0
3000288,"CATETER VIA CENTRAL 2 LUMEN FR 3,5",0.0,10,FARMACIA INTERNA(1),3000288,0.0,0.0
3000288,"CATETER VIA CENTRAL 2 LUMEN FR 3,5",0.0,10,URGENCIAS(2),3000288,0.0,0.0
3000288,"CATETER VIA CENTRAL 2 LUMEN FR 3,5",0.0,10,INTERNADO(3),3000288,0.0,0.0
3000288,"CATETER VIA CENTRAL 2 LUMEN FR 3,5",0.0,10,QUIROFANO(4),3000288,0.0,0.0
3000288,"CATETER VIA CENTRAL 2 LUMEN FR 3,5",0.0,10,ADMINISTRACION,3000288,0.0,0.0
3000288,"CATETER VIA CENTRAL 2 LUMEN FR 3,5",0.0,10,CARRO DE PARO,3000288,0.0,0.0
3000289,CATETER VIA CENTRAL 3 LUMEN FR,4.0,0,10 FARMACIA INTERNA(1),3000289,0.0,0.0
3000289,CATETER VIA CENTRAL 3 LUMEN FR,4.0,0,10 URGENCIAS(2),3000289,0.0,0.0
3000289,CATETER VIA CENTRAL 3 LUMEN FR,4.0,0,10 INTERNADO(3),3000289,0.0,0.0
3000289,CATETER VIA CENTRAL 3 LUMEN FR,4.0,0,10 QUIROFANO(4),3000289,0.0,0.0
3000289,CATETER VIA CENTRAL 3 LUMEN FR,4.0,0,10 ADMINISTRACION,3000289,0.0,0.0
3000289,CATETER VIA CENTRAL 3 LUMEN FR,4.0,0,10 CARRO DE PARO,3000289,0.0,0.0
3000290,"CATETER VIA CENTRAL 3 LUMEN FR 5,5",0.0,10,FARMACIA INTERNA(1),3000290,0.0,0.0
3000290,"CATETER VIA CENTRAL 3 LUMEN FR 5,5",0.0,10,URGENCIAS(2),3000290,0.0,0.0
3000290,"CATETER VIA CENTRAL 3 LUMEN FR 5,5",0.0,10,INTERNADO(3),3000290,0.0,0.0
3000290,"CATETER VIA CENTRAL 3 LUMEN FR 5,5",0.0,10,QUIROFANO(4),3000290,0.0,0.0
3000290,"CATETER VIA CENTRAL 3 LUMEN FR 5,5",0.0,10,ADMINISTRACION,3000290,0.0,0.0
3000290,"CATETER VIA CENTRAL 3 LUMEN FR 5,5",0.0,10,CARRO DE PARO,3000290,0.0,0.0
3000291,CATGUT CROMADO 2-0 75CM (SHALON),26200.0,10,FARMACIA INTERNA(1),3000291,0.0,24.0
3000291,CATGUT CROMADO 2-0 75CM (SHALON),26200.0,10,URGENCIAS(2),3000291,0.0,0.0
3000291,CATGUT CROMADO 2-0 75CM (SHALON),26200.0,10,INTERNADO(3),3000291,0.0,0.0
3000291,CATGUT CROMADO 2-0 75CM (SHALON),26200.0,10,QUIROFANO(4),3000291,0.0,0.0
3000291,CATGUT CROMADO 2-0 75CM (SHALON),26200.0,10,ADMINISTRACION,3000291,0.0,0.0
3000291,CATGUT CROMADO 2-0 75CM (SHALON),26200.0,10,CARRO DE PARO,3000291,0.0,0.0
3000292,CATGUT CROMADO 3-0 DTE 70 CM,0.0,10,FARMACIA INTERNA(1),3000292,0.0,0.0
3000292,CATGUT CROMADO 3-0 DTE 70 CM,0.0,10,URGENCIAS(2),3000292,0.0,0.0
3000292,CATGUT CROMADO 3-0 DTE 70 CM,0.0,10,INTERNADO(3),3000292,0.0,0.0
3000292,CATGUT CROMADO 3-0 DTE 70 CM,0.0,10,QUIROFANO(4),3000292,0.0,0.0
3000292,CATGUT CROMADO 3-0 DTE 70 CM,0.0,10,ADMINISTRACION,3000292,0.0,0.0
3000292,CATGUT CROMADO 3-0 DTE 70 CM,0.0,10,CARRO DE PARO,3000292,0.0,0.0
3000293,CATGUT SIMPLE 0 70CM (SHALON),25000.0,10,FARMACIA INTERNA(1),3000293,0.0,33.0
3000293,CATGUT SIMPLE 0 70CM (SHALON),25000.0,10,URGENCIAS(2),3000293,0.0,0.0
3000293,CATGUT SIMPLE 0 70CM (SHALON),25000.0,10,INTERNADO(3),3000293,0.0,0.0
3000293,CATGUT SIMPLE 0 70CM (SHALON),25000.0,10,QUIROFANO(4),3000293,0.0,0.0
3000293,CATGUT SIMPLE 0 70CM (SHALON),25000.0,10,ADMINISTRACION,3000293,0.0,0.0
3000293,CATGUT SIMPLE 0 70CM (SHALON),25000.0,10,CARRO DE PARO,3000293,0.0,0.0
3000294,CERTOFIX DUO (CATETER VIA CENTRAL) 2 LUMEN 7FR,0.0,10,FARMACIA INTERNA(1),3000294,0.0,0.0
3000294,CERTOFIX DUO (CATETER VIA CENTRAL) 2 LUMEN 7FR,0.0,10,URGENCIAS(2),3000294,0.0,0.0
3000294,CERTOFIX DUO (CATETER VIA CENTRAL) 2 LUMEN 7FR,0.0,10,INTERNADO(3),3000294,0.0,0.0
3000294,CERTOFIX DUO (CATETER VIA CENTRAL) 2 LUMEN 7FR,0.0,10,QUIROFANO(4),3000294,0.0,0.0
3000294,CERTOFIX DUO (CATETER VIA CENTRAL) 2 LUMEN 7FR,0.0,10,ADMINISTRACION,3000294,0.0,0.0
3000294,CERTOFIX DUO (CATETER VIA CENTRAL) 2 LUMEN 7FR,0.0,10,CARRO DE PARO,3000294,0.0,0.0
3000295,CERTOFIX TRIO (CATETER VIA CENTRAL) 3 LUMEN 7FR,0.0,10,FARMACIA INTERNA(1),3000295,0.0,0.0
3000295,CERTOFIX TRIO (CATETER VIA CENTRAL) 3 LUMEN 7FR,0.0,10,URGENCIAS(2),3000295,0.0,0.0
3000295,CERTOFIX TRIO (CATETER VIA CENTRAL) 3 LUMEN 7FR,0.0,10,INTERNADO(3),3000295,0.0,0.0
3000295,CERTOFIX TRIO (CATETER VIA CENTRAL) 3 LUMEN 7FR,0.0,10,QUIROFANO(4),3000295,0.0,0.0
3000295,CERTOFIX TRIO (CATETER VIA CENTRAL) 3 LUMEN 7FR,0.0,10,ADMINISTRACION,3000295,0.0,0.0
3000295,CERTOFIX TRIO (CATETER VIA CENTRAL) 3 LUMEN 7FR,0.0,10,CARRO DE PARO,3000295,0.0,0.0
3000296,COLECTOR DE ORINA C/ URINOMETRO,61000.0,10,FARMACIA INTERNA(1),3000296,0.0,6.0
3000296,COLECTOR DE ORINA C/ URINOMETRO,61000.0,10,URGENCIAS(2),3000296,0.0,1.0
3000296,COLECTOR DE ORINA C/ URINOMETRO,61000.0,10,INTERNADO(3),3000296,0.0,0.0
3000296,COLECTOR DE ORINA C/ URINOMETRO,61000.0,10,QUIROFANO(4),3000296,0.0,0.0
3000296,COLECTOR DE ORINA C/ URINOMETRO,61000.0,10,ADMINISTRACION,3000296,0.0,0.0
3000296,COLECTOR DE ORINA C/ URINOMETRO,61000.0,10,CARRO DE PARO,3000296,0.0,0.0
3000297,COLECTOR DE ORINA SIST. CERRADO PED N4,0.0,10,FARMACIA INTERNA(1),3000297,0.0,0.0
3000297,COLECTOR DE ORINA SIST. CERRADO PED N4,0.0,10,URGENCIAS(2),3000297,0.0,0.0
3000297,COLECTOR DE ORINA SIST. CERRADO PED N4,0.0,10,INTERNADO(3),3000297,0.0,0.0
3000297,COLECTOR DE ORINA SIST. CERRADO PED N4,0.0,10,QUIROFANO(4),3000297,0.0,0.0
3000297,COLECTOR DE ORINA SIST. CERRADO PED N4,0.0,10,ADMINISTRACION,3000297,0.0,0.0
3000297,COLECTOR DE ORINA SIST. CERRADO PED N4,0.0,10,CARRO DE PARO,3000297,0.0,0.0
3000298,COLECTOR DE ORINA SIST. CERRADO PED N6,0.0,10,FARMACIA INTERNA(1),3000298,0.0,0.0
3000298,COLECTOR DE ORINA SIST. CERRADO PED N6,0.0,10,URGENCIAS(2),3000298,0.0,0.0
3000298,COLECTOR DE ORINA SIST. CERRADO PED N6,0.0,10,INTERNADO(3),3000298,0.0,0.0
3000298,COLECTOR DE ORINA SIST. CERRADO PED N6,0.0,10,QUIROFANO(4),3000298,0.0,0.0
3000298,COLECTOR DE ORINA SIST. CERRADO PED N6,0.0,10,ADMINISTRACION,3000298,0.0,0.0
3000298,COLECTOR DE ORINA SIST. CERRADO PED N6,0.0,10,CARRO DE PARO,3000298,0.0,0.0
3000299,COLECTOR DE ORINA SIST. CERRADO PED N8,0.0,10,FARMACIA INTERNA(1),3000299,0.0,0.0
3000299,COLECTOR DE ORINA SIST. CERRADO PED N8,0.0,10,URGENCIAS(2),3000299,0.0,0.0
3000299,COLECTOR DE ORINA SIST. CERRADO PED N8,0.0,10,INTERNADO(3),3000299,0.0,0.0
3000299,COLECTOR DE ORINA SIST. CERRADO PED N8,0.0,10,QUIROFANO(4),3000299,0.0,0.0
3000299,COLECTOR DE ORINA SIST. CERRADO PED N8,0.0,10,ADMINISTRACION,3000299,0.0,0.0
3000299,COLECTOR DE ORINA SIST. CERRADO PED N8,0.0,10,CARRO DE PARO,3000299,0.0,0.0
3000300,DAFILON 2-0 75CM DS19 B BRAUN,40000.0,10,FARMACIA INTERNA(1),3000300,0.0,27.0
3000300,DAFILON 2-0 75CM DS19 B BRAUN,40000.0,10,URGENCIAS(2),3000300,0.0,1.0
3000300,DAFILON 2-0 75CM DS19 B BRAUN,40000.0,10,INTERNADO(3),3000300,0.0,0.0
3000300,DAFILON 2-0 75CM DS19 B BRAUN,40000.0,10,QUIROFANO(4),3000300,0.0,0.0
3000300,DAFILON 2-0 75CM DS19 B BRAUN,40000.0,10,ADMINISTRACION,3000300,0.0,0.0
3000300,DAFILON 2-0 75CM DS19 B BRAUN,40000.0,10,CARRO DE PARO,3000300,0.0,0.0
3000301,DAFILON 3-0 75CM DS19 B BRAUN,40000.0,10,FARMACIA INTERNA(1),3000301,0.0,48.0
3000301,DAFILON 3-0 75CM DS19 B BRAUN,40000.0,10,URGENCIAS(2),3000301,0.0,8.0
3000301,DAFILON 3-0 75CM DS19 B BRAUN,40000.0,10,INTERNADO(3),3000301,0.0,0.0
3000301,DAFILON 3-0 75CM DS19 B BRAUN,40000.0,10,QUIROFANO(4),3000301,0.0,0.0
3000301,DAFILON 3-0 75CM DS19 B BRAUN,40000.0,10,ADMINISTRACION,3000301,0.0,0.0
3000301,DAFILON 3-0 75CM DS19 B BRAUN,40000.0,10,CARRO DE PARO,3000301,0.0,0.0
3000302,DAFILON 5-0 45CM DS12 B BRAUN,0.0,10,FARMACIA INTERNA(1),3000302,0.0,0.0
3000302,DAFILON 5-0 45CM DS12 B BRAUN,0.0,10,URGENCIAS(2),3000302,0.0,0.0
3000302,DAFILON 5-0 45CM DS12 B BRAUN,0.0,10,INTERNADO(3),3000302,0.0,0.0
3000302,DAFILON 5-0 45CM DS12 B BRAUN,0.0,10,QUIROFANO(4),3000302,0.0,0.0
3000302,DAFILON 5-0 45CM DS12 B BRAUN,0.0,10,ADMINISTRACION,3000302,0.0,0.0
3000302,DAFILON 5-0 45CM DS12 B BRAUN,0.0,10,CARRO DE PARO,3000302,0.0,0.0
3000303,DAFILON 6-0 45CM DS12 B BRAUN,0.0,10,FARMACIA INTERNA(1),3000303,0.0,0.0
3000303,DAFILON 6-0 45CM DS12 B BRAUN,0.0,10,URGENCIAS(2),3000303,0.0,0.0
3000303,DAFILON 6-0 45CM DS12 B BRAUN,0.0,10,INTERNADO(3),3000303,0.0,0.0
3000303,DAFILON 6-0 45CM DS12 B BRAUN,0.0,10,QUIROFANO(4),3000303,0.0,0.0
3000303,DAFILON 6-0 45CM DS12 B BRAUN,0.0,10,ADMINISTRACION,3000303,0.0,0.0
3000303,DAFILON 6-0 45CM DS12 B BRAUN,0.0,10,CARRO DE PARO,3000303,0.0,0.0
3000304,DRENO TORAXICO FR,14.0,0,10 FARMACIA INTERNA(1),3000304,0.0,0.0
3000304,DRENO TORAXICO FR,14.0,0,10 URGENCIAS(2),3000304,0.0,0.0
3000304,DRENO TORAXICO FR,14.0,0,10 INTERNADO(3),3000304,0.0,0.0
3000304,DRENO TORAXICO FR,14.0,0,10 QUIROFANO(4),3000304,0.0,0.0
3000304,DRENO TORAXICO FR,14.0,0,10 ADMINISTRACION,3000304,0.0,0.0
3000304,DRENO TORAXICO FR,14.0,0,10 CARRO DE PARO,3000304,0.0,0.0
3000305,DRENO TORAXICO FR,22.0,0,10 FARMACIA INTERNA(1),3000305,0.0,0.0
3000305,DRENO TORAXICO FR,22.0,0,10 URGENCIAS(2),3000305,0.0,0.0
3000305,DRENO TORAXICO FR,22.0,0,10 INTERNADO(3),3000305,0.0,0.0
3000305,DRENO TORAXICO FR,22.0,0,10 QUIROFANO(4),3000305,0.0,0.0
3000305,DRENO TORAXICO FR,22.0,0,10 ADMINISTRACION,3000305,0.0,0.0
3000305,DRENO TORAXICO FR,22.0,0,10 CARRO DE PARO,3000305,0.0,0.0
3000306,DRENO TORAXICO FR,24.0,0,10 FARMACIA INTERNA(1),3000306,0.0,0.0
3000306,DRENO TORAXICO FR,24.0,0,10 URGENCIAS(2),3000306,0.0,0.0
3000306,DRENO TORAXICO FR,24.0,0,10 INTERNADO(3),3000306,0.0,0.0
3000306,DRENO TORAXICO FR,24.0,0,10 QUIROFANO(4),3000306,0.0,0.0
3000306,DRENO TORAXICO FR,24.0,0,10 ADMINISTRACION,3000306,0.0,0.0
3000306,DRENO TORAXICO FR,24.0,0,10 CARRO DE PARO,3000306,0.0,0.0
3000307,DRENO TORAXICO FR,26.0,0,10 FARMACIA INTERNA(1),3000307,0.0,0.0
3000307,DRENO TORAXICO FR,26.0,0,10 URGENCIAS(2),3000307,0.0,0.0
3000307,DRENO TORAXICO FR,26.0,0,10 INTERNADO(3),3000307,0.0,0.0
3000307,DRENO TORAXICO FR,26.0,0,10 QUIROFANO(4),3000307,0.0,0.0
3000307,DRENO TORAXICO FR,26.0,0,10 ADMINISTRACION,3000307,0.0,0.0
3000307,DRENO TORAXICO FR,26.0,0,10 CARRO DE PARO,3000307,0.0,0.0
3000308,DRENO TORAXICO FR,32.0,0,10 FARMACIA INTERNA(1),3000308,0.0,0.0
3000308,DRENO TORAXICO FR,32.0,0,10 URGENCIAS(2),3000308,0.0,0.0
3000308,DRENO TORAXICO FR,32.0,0,10 INTERNADO(3),3000308,0.0,0.0
3000308,DRENO TORAXICO FR,32.0,0,10 QUIROFANO(4),3000308,0.0,0.0
3000308,DRENO TORAXICO FR,32.0,0,10 ADMINISTRACION,3000308,0.0,0.0
3000308,DRENO TORAXICO FR,32.0,0,10 CARRO DE PARO,3000308,0.0,0.0
3000309,DRENO TORAXICO FR,36.0,0,10 FARMACIA INTERNA(1),3000309,0.0,0.0
3000309,DRENO TORAXICO FR,36.0,0,10 URGENCIAS(2),3000309,0.0,0.0
3000309,DRENO TORAXICO FR,36.0,0,10 INTERNADO(3),3000309,0.0,0.0
3000309,DRENO TORAXICO FR,36.0,0,10 QUIROFANO(4),3000309,0.0,0.0
3000309,DRENO TORAXICO FR,36.0,0,10 ADMINISTRACION,3000309,0.0,0.0
3000309,DRENO TORAXICO FR,36.0,0,10 CARRO DE PARO,3000309,0.0,0.0
3000310,DURAFIBER AG 10X10CM,0.0,10,FARMACIA INTERNA(1),3000310,0.0,0.0
3000310,DURAFIBER AG 10X10CM,0.0,10,URGENCIAS(2),3000310,0.0,0.0
3000310,DURAFIBER AG 10X10CM,0.0,10,INTERNADO(3),3000310,0.0,0.0
3000310,DURAFIBER AG 10X10CM,0.0,10,QUIROFANO(4),3000310,0.0,0.0
3000310,DURAFIBER AG 10X10CM,0.0,10,ADMINISTRACION,3000310,0.0,0.0
3000310,DURAFIBER AG 10X10CM,0.0,10,CARRO DE PARO,3000310,0.0,0.0
3000311,EASYPUMP II LT 125ML B/BRAUN,0.0,10,FARMACIA INTERNA(1),3000311,0.0,0.0
3000311,EASYPUMP II LT 125ML B/BRAUN,0.0,10,URGENCIAS(2),3000311,0.0,0.0
3000311,EASYPUMP II LT 125ML B/BRAUN,0.0,10,INTERNADO(3),3000311,0.0,0.0
3000311,EASYPUMP II LT 125ML B/BRAUN,0.0,10,QUIROFANO(4),3000311,0.0,0.0
3000311,EASYPUMP II LT 125ML B/BRAUN,0.0,10,ADMINISTRACION,3000311,0.0,0.0
3000311,EASYPUMP II LT 125ML B/BRAUN,0.0,10,CARRO DE PARO,3000311,0.0,0.0
3000312,ELECTRODO C/ESPUMA 3M,0.0,10,FARMACIA INTERNA(1),3000312,0.0,0.0
3000312,ELECTRODO C/ESPUMA 3M,0.0,10,URGENCIAS(2),3000312,0.0,0.0
3000312,ELECTRODO C/ESPUMA 3M,0.0,10,INTERNADO(3),3000312,0.0,0.0
3000312,ELECTRODO C/ESPUMA 3M,0.0,10,QUIROFANO(4),3000312,0.0,0.0
3000312,ELECTRODO C/ESPUMA 3M,0.0,10,ADMINISTRACION,3000312,0.0,0.0
3000312,ELECTRODO C/ESPUMA 3M,0.0,10,CARRO DE PARO,3000312,0.0,0.0
3000313,"EMPAPADOR HIGIFRAL 80CM X 1,50M X UNIDAD",0.0,10,FARMACIA INTERNA(1),3000313,0.0,0.0
3000313,"EMPAPADOR HIGIFRAL 80CM X 1,50M X UNIDAD",0.0,10,URGENCIAS(2),3000313,0.0,0.0
3000313,"EMPAPADOR HIGIFRAL 80CM X 1,50M X UNIDAD",0.0,10,INTERNADO(3),3000313,0.0,0.0
3000313,"EMPAPADOR HIGIFRAL 80CM X 1,50M X UNIDAD",0.0,10,QUIROFANO(4),3000313,0.0,0.0
3000313,"EMPAPADOR HIGIFRAL 80CM X 1,50M X UNIDAD",0.0,10,ADMINISTRACION,3000313,0.0,0.0
3000313,"EMPAPADOR HIGIFRAL 80CM X 1,50M X UNIDAD",0.0,10,CARRO DE PARO,3000313,0.0,0.0
3000314,EQUIPO DE IRRIGACION DOBLE VIA V109,0.0,10,FARMACIA INTERNA(1),3000314,0.0,0.0
3000314,EQUIPO DE IRRIGACION DOBLE VIA V109,0.0,10,URGENCIAS(2),3000314,0.0,0.0
3000314,EQUIPO DE IRRIGACION DOBLE VIA V109,0.0,10,INTERNADO(3),3000314,0.0,0.0
3000314,EQUIPO DE IRRIGACION DOBLE VIA V109,0.0,10,QUIROFANO(4),3000314,0.0,0.0
3000314,EQUIPO DE IRRIGACION DOBLE VIA V109,0.0,10,ADMINISTRACION,3000314,0.0,0.0
3000314,EQUIPO DE IRRIGACION DOBLE VIA V109,0.0,10,CARRO DE PARO,3000314,0.0,0.0
3000315,EQUIPO MACRO GOTAS INTRAFIX B/BRAUN SIMPLE,0.0,10,FARMACIA INTERNA(1),3000315,0.0,0.0
3000315,EQUIPO MACRO GOTAS INTRAFIX B/BRAUN SIMPLE,0.0,10,URGENCIAS(2),3000315,0.0,0.0
3000315,EQUIPO MACRO GOTAS INTRAFIX B/BRAUN SIMPLE,0.0,10,INTERNADO(3),3000315,0.0,0.0
3000315,EQUIPO MACRO GOTAS INTRAFIX B/BRAUN SIMPLE,0.0,10,QUIROFANO(4),3000315,0.0,0.0
3000315,EQUIPO MACRO GOTAS INTRAFIX B/BRAUN SIMPLE,0.0,10,ADMINISTRACION,3000315,0.0,0.0
3000315,EQUIPO MACRO GOTAS INTRAFIX B/BRAUN SIMPLE,0.0,10,CARRO DE PARO,3000315,0.0,0.0
3000316,EQUIPO VOLUTROL MACRO 150ML (PINMED),14000.0,10,FARMACIA INTERNA(1),3000316,0.0,0.0
3000316,EQUIPO VOLUTROL MACRO 150ML (PINMED),14000.0,10,URGENCIAS(2),3000316,0.0,0.0
3000316,EQUIPO VOLUTROL MACRO 150ML (PINMED),14000.0,10,INTERNADO(3),3000316,0.0,0.0
3000316,EQUIPO VOLUTROL MACRO 150ML (PINMED),14000.0,10,QUIROFANO(4),3000316,0.0,0.0
3000316,EQUIPO VOLUTROL MACRO 150ML (PINMED),14000.0,10,ADMINISTRACION,3000316,0.0,0.0
3000316,EQUIPO VOLUTROL MACRO 150ML (PINMED),14000.0,10,CARRO DE PARO,3000316,0.0,0.0
3000317,EQUIPO P/ TRANSFUSION DE SANGRE (NIPRO),20800.0,10,FARMACIA INTERNA(1),3000317,0.0,9.0
3000317,EQUIPO P/ TRANSFUSION DE SANGRE (NIPRO),20800.0,10,URGENCIAS(2),3000317,0.0,0.0
3000317,EQUIPO P/ TRANSFUSION DE SANGRE (NIPRO),20800.0,10,INTERNADO(3),3000317,0.0,0.0
3000317,EQUIPO P/ TRANSFUSION DE SANGRE (NIPRO),20800.0,10,QUIROFANO(4),3000317,0.0,0.0
3000317,EQUIPO P/ TRANSFUSION DE SANGRE (NIPRO),20800.0,10,ADMINISTRACION,3000317,0.0,0.0
3000317,EQUIPO P/ TRANSFUSION DE SANGRE (NIPRO),20800.0,10,CARRO DE PARO,3000317,0.0,0.0
3000318,EXTENSOFIX X 120 CM B BRAUN,0.0,10,FARMACIA INTERNA(1),3000318,0.0,0.0
3000318,EXTENSOFIX X 120 CM B BRAUN,0.0,10,URGENCIAS(2),3000318,0.0,0.0
3000318,EXTENSOFIX X 120 CM B BRAUN,0.0,10,INTERNADO(3),3000318,0.0,0.0
3000318,EXTENSOFIX X 120 CM B BRAUN,0.0,10,QUIROFANO(4),3000318,0.0,0.0
3000318,EXTENSOFIX X 120 CM B BRAUN,0.0,10,ADMINISTRACION,3000318,0.0,0.0
3000318,EXTENSOFIX X 120 CM B BRAUN,0.0,10,CARRO DE PARO,3000318,0.0,0.0
3000319,FILTRO ANTIBACTERIANO P/ ANESTESIA,61500.0,10,FARMACIA INTERNA(1),3000319,0.0,5.0
3000319,FILTRO ANTIBACTERIANO P/ ANESTESIA,61500.0,10,URGENCIAS(2),3000319,0.0,0.0
3000319,FILTRO ANTIBACTERIANO P/ ANESTESIA,61500.0,10,INTERNADO(3),3000319,0.0,0.0
3000319,FILTRO ANTIBACTERIANO P/ ANESTESIA,61500.0,10,QUIROFANO(4),3000319,0.0,0.0
3000319,FILTRO ANTIBACTERIANO P/ ANESTESIA,61500.0,10,ADMINISTRACION,3000319,0.0,0.0
3000319,FILTRO ANTIBACTERIANO P/ ANESTESIA,61500.0,10,CARRO DE PARO,3000319,0.0,0.0
3000320,FORMOL 40% 1 LITRO,40000.0,10,FARMACIA INTERNA(1),3000320,0.0,5.0
3000320,FORMOL 40% 1 LITRO,40000.0,10,URGENCIAS(2),3000320,0.0,0.0
3000320,FORMOL 40% 1 LITRO,40000.0,10,INTERNADO(3),3000320,0.0,0.0
3000320,FORMOL 40% 1 LITRO,40000.0,10,QUIROFANO(4),3000320,0.0,0.0
3000320,FORMOL 40% 1 LITRO,40000.0,10,ADMINISTRACION,3000320,0.0,0.0
3000320,FORMOL 40% 1 LITRO,40000.0,10,CARRO DE PARO,3000320,0.0,0.0
3000321,FRASCO P/ DRENAJE 500 ML,0.0,10,FARMACIA INTERNA(1),3000321,0.0,0.0
3000321,FRASCO P/ DRENAJE 500 ML,0.0,10,URGENCIAS(2),3000321,0.0,0.0
3000321,FRASCO P/ DRENAJE 500 ML,0.0,10,INTERNADO(3),3000321,0.0,0.0
3000321,FRASCO P/ DRENAJE 500 ML,0.0,10,QUIROFANO(4),3000321,0.0,0.0
3000321,FRASCO P/ DRENAJE 500 ML,0.0,10,ADMINISTRACION,3000321,0.0,0.0
3000321,FRASCO P/ DRENAJE 500 ML,0.0,10,CARRO DE PARO,3000321,0.0,0.0
3000322,FRASCO P/ HECES 60 ML,3000.0,10,FARMACIA INTERNA(1),3000322,0.0,8.0
3000322,FRASCO P/ HECES 60 ML,3000.0,10,URGENCIAS(2),3000322,0.0,0.0
3000322,FRASCO P/ HECES 60 ML,3000.0,10,INTERNADO(3),3000322,0.0,0.0
3000322,FRASCO P/ HECES 60 ML,3000.0,10,QUIROFANO(4),3000322,0.0,0.0
3000322,FRASCO P/ HECES 60 ML,3000.0,10,ADMINISTRACION,3000322,0.0,0.0
3000322,FRASCO P/ HECES 60 ML,3000.0,10,CARRO DE PARO,3000322,0.0,0.0
3000323,GUANTE DE NITRILO ESTERIL G (CURACION),0.0,10,FARMACIA INTERNA(1),3000323,0.0,0.0
3000323,GUANTE DE NITRILO ESTERIL G (CURACION),0.0,10,URGENCIAS(2),3000323,0.0,0.0
3000323,GUANTE DE NITRILO ESTERIL G (CURACION),0.0,10,INTERNADO(3),3000323,0.0,0.0
3000323,GUANTE DE NITRILO ESTERIL G (CURACION),0.0,10,QUIROFANO(4),3000323,0.0,0.0
3000323,GUANTE DE NITRILO ESTERIL G (CURACION),0.0,10,ADMINISTRACION,3000323,0.0,0.0
3000323,GUANTE DE NITRILO ESTERIL G (CURACION),0.0,10,CARRO DE PARO,3000323,0.0,0.0
3000324,GUANTE DE NITRILO ESTERIL M (CURACION),0.0,10,FARMACIA INTERNA(1),3000324,0.0,0.0
3000324,GUANTE DE NITRILO ESTERIL M (CURACION),0.0,10,URGENCIAS(2),3000324,0.0,0.0
3000324,GUANTE DE NITRILO ESTERIL M (CURACION),0.0,10,INTERNADO(3),3000324,0.0,0.0
3000324,GUANTE DE NITRILO ESTERIL M (CURACION),0.0,10,QUIROFANO(4),3000324,0.0,0.0
3000324,GUANTE DE NITRILO ESTERIL M (CURACION),0.0,10,ADMINISTRACION,3000324,0.0,0.0
3000324,GUANTE DE NITRILO ESTERIL M (CURACION),0.0,10,CARRO DE PARO,3000324,0.0,0.0
3000325,GUANTE DE NITRILO G,0.0,10,FARMACIA INTERNA(1),3000325,0.0,0.0
3000325,GUANTE DE NITRILO G,0.0,10,URGENCIAS(2),3000325,0.0,0.0
3000325,GUANTE DE NITRILO G,0.0,10,INTERNADO(3),3000325,0.0,0.0
3000325,GUANTE DE NITRILO G,0.0,10,QUIROFANO(4),3000325,0.0,0.0
3000325,GUANTE DE NITRILO G,0.0,10,ADMINISTRACION,3000325,0.0,0.0
3000325,GUANTE DE NITRILO G,0.0,10,CARRO DE PARO,3000325,0.0,0.0
3000326,GUANTE DE NITRILO P,54000.0,10,FARMACIA INTERNA(1),3000326,0.0,1.0
3000326,GUANTE DE NITRILO P,54000.0,10,URGENCIAS(2),3000326,0.0,0.0
3000326,GUANTE DE NITRILO P,54000.0,10,INTERNADO(3),3000326,0.0,0.0
3000326,GUANTE DE NITRILO P,54000.0,10,QUIROFANO(4),3000326,0.0,0.0
3000326,GUANTE DE NITRILO P,54000.0,10,ADMINISTRACION,3000326,0.0,0.0
3000326,GUANTE DE NITRILO P,54000.0,10,CARRO DE PARO,3000326,0.0,0.0
3000327,GUANTE DE PROCEDIMIENTO CHICO X CAJA,55500.0,10,FARMACIA INTERNA(1),3000327,0.0,0.0
3000327,GUANTE DE PROCEDIMIENTO CHICO X CAJA,55500.0,10,URGENCIAS(2),3000327,0.0,0.0
3000327,GUANTE DE PROCEDIMIENTO CHICO X CAJA,55500.0,10,INTERNADO(3),3000327,0.0,0.0
3000327,GUANTE DE PROCEDIMIENTO CHICO X CAJA,55500.0,10,QUIROFANO(4),3000327,0.0,0.0
3000327,GUANTE DE PROCEDIMIENTO CHICO X CAJA,55500.0,10,ADMINISTRACION,3000327,0.0,0.0
3000327,GUANTE DE PROCEDIMIENTO CHICO X CAJA,55500.0,10,CARRO DE PARO,3000327,0.0,0.0
3000328,GUANTE DE PROCEDIMIENTO GRANDE X CAJA,55500.0,10,FARMACIA INTERNA(1),3000328,0.0,0.0
3000328,GUANTE DE PROCEDIMIENTO GRANDE X CAJA,55500.0,10,URGENCIAS(2),3000328,0.0,0.0
3000328,GUANTE DE PROCEDIMIENTO GRANDE X CAJA,55500.0,10,INTERNADO(3),3000328,0.0,0.0
3000328,GUANTE DE PROCEDIMIENTO GRANDE X CAJA,55500.0,10,QUIROFANO(4),3000328,0.0,0.0
3000328,GUANTE DE PROCEDIMIENTO GRANDE X CAJA,55500.0,10,ADMINISTRACION,3000328,0.0,0.0
3000328,GUANTE DE PROCEDIMIENTO GRANDE X CAJA,55500.0,10,CARRO DE PARO,3000328,0.0,0.0
3000329,GUANTE DE PROCEDIMIENTO MEDIANO X CAJA,55500.0,10,FARMACIA INTERNA(1),3000329,0.0,7.0
3000329,GUANTE DE PROCEDIMIENTO MEDIANO X CAJA,55500.0,10,URGENCIAS(2),3000329,0.0,0.0
3000329,GUANTE DE PROCEDIMIENTO MEDIANO X CAJA,55500.0,10,INTERNADO(3),3000329,0.0,0.0
3000329,GUANTE DE PROCEDIMIENTO MEDIANO X CAJA,55500.0,10,QUIROFANO(4),3000329,0.0,0.0
3000329,GUANTE DE PROCEDIMIENTO MEDIANO X CAJA,55500.0,10,ADMINISTRACION,3000329,0.0,0.0
3000329,GUANTE DE PROCEDIMIENTO MEDIANO X CAJA,55500.0,10,CARRO DE PARO,3000329,0.0,0.0
3000330,GUANTE ESTERIL DUO SIN POLVO NRO 7.5 (SEMPERMED),0.0,10,FARMACIA INTERNA(1),3000330,0.0,0.0
3000330,GUANTE ESTERIL DUO SIN POLVO NRO 7.5 (SEMPERMED),0.0,10,URGENCIAS(2),3000330,0.0,0.0
3000330,GUANTE ESTERIL DUO SIN POLVO NRO 7.5 (SEMPERMED),0.0,10,INTERNADO(3),3000330,0.0,0.0
3000330,GUANTE ESTERIL DUO SIN POLVO NRO 7.5 (SEMPERMED),0.0,10,QUIROFANO(4),3000330,0.0,0.0
3000330,GUANTE ESTERIL DUO SIN POLVO NRO 7.5 (SEMPERMED),0.0,10,ADMINISTRACION,3000330,0.0,0.0
3000330,GUANTE ESTERIL DUO SIN POLVO NRO 7.5 (SEMPERMED),0.0,10,CARRO DE PARO,3000330,0.0,0.0
3000331,GUANTE ESTERIL DUO SIN POLVO NRO 8 (SEMPERMED),0.0,10,FARMACIA INTERNA(1),3000331,0.0,0.0
3000331,GUANTE ESTERIL DUO SIN POLVO NRO 8 (SEMPERMED),0.0,10,URGENCIAS(2),3000331,0.0,0.0
3000331,GUANTE ESTERIL DUO SIN POLVO NRO 8 (SEMPERMED),0.0,10,INTERNADO(3),3000331,0.0,0.0
3000331,GUANTE ESTERIL DUO SIN POLVO NRO 8 (SEMPERMED),0.0,10,QUIROFANO(4),3000331,0.0,0.0
3000331,GUANTE ESTERIL DUO SIN POLVO NRO 8 (SEMPERMED),0.0,10,ADMINISTRACION,3000331,0.0,0.0
3000331,GUANTE ESTERIL DUO SIN POLVO NRO 8 (SEMPERMED),0.0,10,CARRO DE PARO,3000331,0.0,0.0
3000332,GUANTE ESTERIL NRO 8 1/2,0.0,10,FARMACIA INTERNA(1),3000332,0.0,0.0
3000332,GUANTE ESTERIL NRO 8 1/2,0.0,10,URGENCIAS(2),3000332,0.0,0.0
3000332,GUANTE ESTERIL NRO 8 1/2,0.0,10,INTERNADO(3),3000332,0.0,0.0
3000332,GUANTE ESTERIL NRO 8 1/2,0.0,10,QUIROFANO(4),3000332,0.0,0.0
3000332,GUANTE ESTERIL NRO 8 1/2,0.0,10,ADMINISTRACION,3000332,0.0,0.0
3000332,GUANTE ESTERIL NRO 8 1/2,0.0,10,CARRO DE PARO,3000332,0.0,0.0
3000333,GUANTE ESTERIL SIN LATEX NRO 6.5 (SEMPERMED),0.0,10,FARMACIA INTERNA(1),3000333,0.0,0.0
3000333,GUANTE ESTERIL SIN LATEX NRO 6.5 (SEMPERMED),0.0,10,URGENCIAS(2),3000333,0.0,0.0
3000333,GUANTE ESTERIL SIN LATEX NRO 6.5 (SEMPERMED),0.0,10,INTERNADO(3),3000333,0.0,0.0
3000333,GUANTE ESTERIL SIN LATEX NRO 6.5 (SEMPERMED),0.0,10,QUIROFANO(4),3000333,0.0,0.0
3000333,GUANTE ESTERIL SIN LATEX NRO 6.5 (SEMPERMED),0.0,10,ADMINISTRACION,3000333,0.0,0.0
3000333,GUANTE ESTERIL SIN LATEX NRO 6.5 (SEMPERMED),0.0,10,CARRO DE PARO,3000333,0.0,0.0
3000334,GUANTE ESTERIL SIN LATEX NRO 7 (SEMPERMED),0.0,10,FARMACIA INTERNA(1),3000334,0.0,0.0
3000334,GUANTE ESTERIL SIN LATEX NRO 7 (SEMPERMED),0.0,10,URGENCIAS(2),3000334,0.0,0.0
3000334,GUANTE ESTERIL SIN LATEX NRO 7 (SEMPERMED),0.0,10,INTERNADO(3),3000334,0.0,0.0
3000334,GUANTE ESTERIL SIN LATEX NRO 7 (SEMPERMED),0.0,10,QUIROFANO(4),3000334,0.0,0.0
3000334,GUANTE ESTERIL SIN LATEX NRO 7 (SEMPERMED),0.0,10,ADMINISTRACION,3000334,0.0,0.0
3000334,GUANTE ESTERIL SIN LATEX NRO 7 (SEMPERMED),0.0,10,CARRO DE PARO,3000334,0.0,0.0
3000335,GUANTE ESTERIL SIN LATEX NRO 7.5 (SEMPERMED),0.0,10,FARMACIA INTERNA(1),3000335,0.0,0.0
3000335,GUANTE ESTERIL SIN LATEX NRO 7.5 (SEMPERMED),0.0,10,URGENCIAS(2),3000335,0.0,0.0
3000335,GUANTE ESTERIL SIN LATEX NRO 7.5 (SEMPERMED),0.0,10,INTERNADO(3),3000335,0.0,0.0
3000335,GUANTE ESTERIL SIN LATEX NRO 7.5 (SEMPERMED),0.0,10,QUIROFANO(4),3000335,0.0,0.0
3000335,GUANTE ESTERIL SIN LATEX NRO 7.5 (SEMPERMED),0.0,10,ADMINISTRACION,3000335,0.0,0.0
3000335,GUANTE ESTERIL SIN LATEX NRO 7.5 (SEMPERMED),0.0,10,CARRO DE PARO,3000335,0.0,0.0
3000336,GUANTE ESTERIL SIN LATEX NRO 8 (SEMPERMED),0.0,10,FARMACIA INTERNA(1),3000336,0.0,0.0
3000336,GUANTE ESTERIL SIN LATEX NRO 8 (SEMPERMED),0.0,10,URGENCIAS(2),3000336,0.0,0.0
3000336,GUANTE ESTERIL SIN LATEX NRO 8 (SEMPERMED),0.0,10,INTERNADO(3),3000336,0.0,0.0
3000336,GUANTE ESTERIL SIN LATEX NRO 8 (SEMPERMED),0.0,10,QUIROFANO(4),3000336,0.0,0.0
3000336,GUANTE ESTERIL SIN LATEX NRO 8 (SEMPERMED),0.0,10,ADMINISTRACION,3000336,0.0,0.0
3000336,GUANTE ESTERIL SIN LATEX NRO 8 (SEMPERMED),0.0,10,CARRO DE PARO,3000336,0.0,0.0
3000337,GUANTE ESTERIL SIN POLVO NRO 6.5 (SEMPERMED),0.0,10,FARMACIA INTERNA(1),3000337,0.0,0.0
3000337,GUANTE ESTERIL SIN POLVO NRO 6.5 (SEMPERMED),0.0,10,URGENCIAS(2),3000337,0.0,0.0
3000337,GUANTE ESTERIL SIN POLVO NRO 6.5 (SEMPERMED),0.0,10,INTERNADO(3),3000337,0.0,0.0
3000337,GUANTE ESTERIL SIN POLVO NRO 6.5 (SEMPERMED),0.0,10,QUIROFANO(4),3000337,0.0,0.0
3000337,GUANTE ESTERIL SIN POLVO NRO 6.5 (SEMPERMED),0.0,10,ADMINISTRACION,3000337,0.0,0.0
3000337,GUANTE ESTERIL SIN POLVO NRO 6.5 (SEMPERMED),0.0,10,CARRO DE PARO,3000337,0.0,0.0
3000338,ANTE ESTERIL SIN POLVO NRO 7 (SEMPERMED),0.0,10,FARMACIA INTERNA(1),3000338,0.0,0.0
3000338,ANTE ESTERIL SIN POLVO NRO 7 (SEMPERMED),0.0,10,URGENCIAS(2),3000338,0.0,0.0
3000338,ANTE ESTERIL SIN POLVO NRO 7 (SEMPERMED),0.0,10,INTERNADO(3),3000338,0.0,0.0
3000338,ANTE ESTERIL SIN POLVO NRO 7 (SEMPERMED),0.0,10,QUIROFANO(4),3000338,0.0,0.0
3000338,ANTE ESTERIL SIN POLVO NRO 7 (SEMPERMED),0.0,10,ADMINISTRACION,3000338,0.0,0.0
3000338,ANTE ESTERIL SIN POLVO NRO 7 (SEMPERMED),0.0,10,CARRO DE PARO,3000338,0.0,0.0
3000339,GUANTE ESTERIL SIN POLVO NRO 7.5 (SEMPERMED),0.0,10,FARMACIA INTERNA(1),3000339,0.0,0.0
3000339,GUANTE ESTERIL SIN POLVO NRO 7.5 (SEMPERMED),0.0,10,URGENCIAS(2),3000339,0.0,0.0
3000339,GUANTE ESTERIL SIN POLVO NRO 7.5 (SEMPERMED),0.0,10,INTERNADO(3),3000339,0.0,0.0
3000339,GUANTE ESTERIL SIN POLVO NRO 7.5 (SEMPERMED),0.0,10,QUIROFANO(4),3000339,0.0,0.0
3000339,GUANTE ESTERIL SIN POLVO NRO 7.5 (SEMPERMED),0.0,10,ADMINISTRACION,3000339,0.0,0.0
3000339,GUANTE ESTERIL SIN POLVO NRO 7.5 (SEMPERMED),0.0,10,CARRO DE PARO,3000339,0.0,0.0
3000340,GUANTE ESTERIL SIN POLVO NRO 8 (SEMPERMED),0.0,10,FARMACIA INTERNA(1),3000340,0.0,0.0
3000340,GUANTE ESTERIL SIN POLVO NRO 8 (SEMPERMED),0.0,10,URGENCIAS(2),3000340,0.0,0.0
3000340,GUANTE ESTERIL SIN POLVO NRO 8 (SEMPERMED),0.0,10,INTERNADO(3),3000340,0.0,0.0
3000340,GUANTE ESTERIL SIN POLVO NRO 8 (SEMPERMED),0.0,10,QUIROFANO(4),3000340,0.0,0.0
3000340,GUANTE ESTERIL SIN POLVO NRO 8 (SEMPERMED),0.0,10,ADMINISTRACION,3000340,0.0,0.0
3000340,GUANTE ESTERIL SIN POLVO NRO 8 (SEMPERMED),0.0,10,CARRO DE PARO,3000340,0.0,0.0
3000341,HEMO SUC 400CC 12 FR,0.0,10,FARMACIA INTERNA(1),3000341,0.0,0.0
3000341,HEMO SUC 400CC 12 FR,0.0,10,URGENCIAS(2),3000341,0.0,0.0
3000341,HEMO SUC 400CC 12 FR,0.0,10,INTERNADO(3),3000341,0.0,0.0
3000341,HEMO SUC 400CC 12 FR,0.0,10,QUIROFANO(4),3000341,0.0,0.0
3000341,HEMO SUC 400CC 12 FR,0.0,10,ADMINISTRACION,3000341,0.0,0.0
3000341,HEMO SUC 400CC 12 FR,0.0,10,CARRO DE PARO,3000341,0.0,0.0
3000342,JERINGA 20ML 21GX1 1/2 A PRESION,0.0,10,FARMACIA INTERNA(1),3000342,0.0,0.0
3000342,JERINGA 20ML 21GX1 1/2 A PRESION,0.0,10,URGENCIAS(2),3000342,0.0,0.0
3000342,JERINGA 20ML 21GX1 1/2 A PRESION,0.0,10,INTERNADO(3),3000342,0.0,0.0
3000342,JERINGA 20ML 21GX1 1/2 A PRESION,0.0,10,QUIROFANO(4),3000342,0.0,0.0
3000342,JERINGA 20ML 21GX1 1/2 A PRESION,0.0,10,ADMINISTRACION,3000342,0.0,0.0
3000342,JERINGA 20ML 21GX1 1/2 A PRESION,0.0,10,CARRO DE PARO,3000342,0.0,0.0
3000343,JERINGA 50 ML PICO FINO,0.0,10,FARMACIA INTERNA(1),3000343,0.0,0.0
3000343,JERINGA 50 ML PICO FINO,0.0,10,URGENCIAS(2),3000343,0.0,2.0
3000343,JERINGA 50 ML PICO FINO,0.0,10,INTERNADO(3),3000343,0.0,0.0
3000343,JERINGA 50 ML PICO FINO,0.0,10,QUIROFANO(4),3000343,0.0,0.0
3000343,JERINGA 50 ML PICO FINO,0.0,10,ADMINISTRACION,3000343,0.0,0.0
3000343,JERINGA 50 ML PICO FINO,0.0,10,CARRO DE PARO,3000343,0.0,0.0
3000344,JERINGA 50 ML ROSCA S/AGUJA,0.0,10,FARMACIA INTERNA(1),3000344,0.0,0.0
3000344,JERINGA 50 ML ROSCA S/AGUJA,0.0,10,URGENCIAS(2),3000344,0.0,0.0
3000344,JERINGA 50 ML ROSCA S/AGUJA,0.0,10,INTERNADO(3),3000344,0.0,0.0
3000344,JERINGA 50 ML ROSCA S/AGUJA,0.0,10,QUIROFANO(4),3000344,0.0,0.0
3000344,JERINGA 50 ML ROSCA S/AGUJA,0.0,10,ADMINISTRACION,3000344,0.0,0.0
3000344,JERINGA 50 ML ROSCA S/AGUJA,0.0,10,CARRO DE PARO,3000344,0.0,0.0
3000345,JERINGA DESCARTABLE 3ML,1500.0,10,FARMACIA INTERNA(1),3000345,0.0,54.0
3000345,JERINGA DESCARTABLE 3ML,1500.0,10,URGENCIAS(2),3000345,0.0,164.0
3000345,JERINGA DESCARTABLE 3ML,1500.0,10,INTERNADO(3),3000345,0.0,0.0
3000345,JERINGA DESCARTABLE 3ML,1500.0,10,QUIROFANO(4),3000345,0.0,0.0
3000345,JERINGA DESCARTABLE 3ML,1500.0,10,ADMINISTRACION,3000345,0.0,0.0
3000345,JERINGA DESCARTABLE 3ML,1500.0,10,CARRO DE PARO,3000345,0.0,10.0
3000346,NEOTECH CANULA DE OXIGENO RAM INFANTE (NARANJA),0.0,10,FARMACIA INTERNA(1),3000346,0.0,0.0
3000346,NEOTECH CANULA DE OXIGENO RAM INFANTE (NARANJA),0.0,10,URGENCIAS(2),3000346,0.0,0.0
3000346,NEOTECH CANULA DE OXIGENO RAM INFANTE (NARANJA),0.0,10,INTERNADO(3),3000346,0.0,0.0
3000346,NEOTECH CANULA DE OXIGENO RAM INFANTE (NARANJA),0.0,10,QUIROFANO(4),3000346,0.0,0.0
3000346,NEOTECH CANULA DE OXIGENO RAM INFANTE (NARANJA),0.0,10,ADMINISTRACION,3000346,0.0,0.0
3000346,NEOTECH CANULA DE OXIGENO RAM INFANTE (NARANJA),0.0,10,CARRO DE PARO,3000346,0.0,0.0
3000347,NEOTECH CANULA DE OXIGENO RAM PREMATURO (VERDE),0.0,10,FARMACIA INTERNA(1),3000347,0.0,0.0
3000347,NEOTECH CANULA DE OXIGENO RAM PREMATURO (VERDE),0.0,10,URGENCIAS(2),3000347,0.0,0.0
3000347,NEOTECH CANULA DE OXIGENO RAM PREMATURO (VERDE),0.0,10,INTERNADO(3),3000347,0.0,0.0
3000347,NEOTECH CANULA DE OXIGENO RAM PREMATURO (VERDE),0.0,10,QUIROFANO(4),3000347,0.0,0.0
3000347,NEOTECH CANULA DE OXIGENO RAM PREMATURO (VERDE),0.0,10,ADMINISTRACION,3000347,0.0,0.0
3000347,NEOTECH CANULA DE OXIGENO RAM PREMATURO (VERDE),0.0,10,CARRO DE PARO,3000347,0.0,0.0
3000348,NEOTECH CANULA DE OXIGENO RAM RN (AZUL),0.0,10,FARMACIA INTERNA(1),3000348,0.0,0.0
3000348,NEOTECH CANULA DE OXIGENO RAM RN (AZUL),0.0,10,URGENCIAS(2),3000348,0.0,0.0
3000348,NEOTECH CANULA DE OXIGENO RAM RN (AZUL),0.0,10,INTERNADO(3),3000348,0.0,0.0
3000348,NEOTECH CANULA DE OXIGENO RAM RN (AZUL),0.0,10,QUIROFANO(4),3000348,0.0,0.0
3000348,NEOTECH CANULA DE OXIGENO RAM RN (AZUL),0.0,10,ADMINISTRACION,3000348,0.0,0.0
3000348,NEOTECH CANULA DE OXIGENO RAM RN (AZUL),0.0,10,CARRO DE PARO,3000348,0.0,0.0
3000349,NEOTECH CANULA DE OXIGENO RAM SMALL (AMARILLO),0.0,10,FARMACIA INTERNA(1),3000349,0.0,0.0
3000349,NEOTECH CANULA DE OXIGENO RAM SMALL (AMARILLO),0.0,10,URGENCIAS(2),3000349,0.0,0.0
3000349,NEOTECH CANULA DE OXIGENO RAM SMALL (AMARILLO),0.0,10,INTERNADO(3),3000349,0.0,0.0
3000349,NEOTECH CANULA DE OXIGENO RAM SMALL (AMARILLO),0.0,10,QUIROFANO(4),3000349,0.0,0.0
3000349,NEOTECH CANULA DE OXIGENO RAM SMALL (AMARILLO),0.0,10,ADMINISTRACION,3000349,0.0,0.0
3000349,NEOTECH CANULA DE OXIGENO RAM SMALL (AMARILLO),0.0,10,CARRO DE PARO,3000349,0.0,0.0
3000350,NEOTECH LITTLE SUCKER N225 NASAL TIP DISP DE SUCCION NASAL,3000.0,10,FARMACIA INTERNA(1),3000350,0.0,0.0
3000350,NEOTECH LITTLE SUCKER N225 NASAL TIP DISP DE SUCCION NASAL,3000.0,10,URGENCIAS(2),3000350,0.0,0.0
3000350,NEOTECH LITTLE SUCKER N225 NASAL TIP DISP DE SUCCION NASAL,3000.0,10,INTERNADO(3),3000350,0.0,0.0
3000350,NEOTECH LITTLE SUCKER N225 NASAL TIP DISP DE SUCCION NASAL,3000.0,10,QUIROFANO(4),3000350,0.0,0.0
3000350,NEOTECH LITTLE SUCKER N225 NASAL TIP DISP DE SUCCION NASAL,3000.0,10,ADMINISTRACION,3000350,0.0,0.0
3000350,NEOTECH LITTLE SUCKER N225 NASAL TIP DISP DE SUCCION NASAL,3000.0,10,CARRO DE PARO,3000350,0.0,0.0
3000351,PROTECTOR OCULAR P7 LUMINOTERAPIA,38500.0,10,FARMACIA INTERNA(1),3000351,0.0,2.0
3000351,PROTECTOR OCULAR P7 LUMINOTERAPIA,38500.0,10,URGENCIAS(2),3000351,0.0,0.0
3000351,PROTECTOR OCULAR P7 LUMINOTERAPIA,38500.0,10,INTERNADO(3),3000351,0.0,0.0
3000351,PROTECTOR OCULAR P7 LUMINOTERAPIA,38500.0,10,QUIROFANO(4),3000351,0.0,0.0
3000351,PROTECTOR OCULAR P7 LUMINOTERAPIA,38500.0,10,ADMINISTRACION,3000351,0.0,0.0
3000351,PROTECTOR OCULAR P7 LUMINOTERAPIA,38500.0,10,CARRO DE PARO,3000351,0.0,0.0
3000352,NEOTECH PROTECTOR P OCULAR P/ LUMINOTERAPIA N727,0.0,10,FARMACIA INTERNA(1),3000352,0.0,0.0
3000352,NEOTECH PROTECTOR P OCULAR P/ LUMINOTERAPIA N727,0.0,10,URGENCIAS(2),3000352,0.0,0.0
3000352,NEOTECH PROTECTOR P OCULAR P/ LUMINOTERAPIA N727,0.0,10,INTERNADO(3),3000352,0.0,0.0
3000352,NEOTECH PROTECTOR P OCULAR P/ LUMINOTERAPIA N727,0.0,10,QUIROFANO(4),3000352,0.0,0.0
3000352,NEOTECH PROTECTOR P OCULAR P/ LUMINOTERAPIA N727,0.0,10,ADMINISTRACION,3000352,0.0,0.0
3000352,NEOTECH PROTECTOR P OCULAR P/ LUMINOTERAPIA N727,0.0,10,CARRO DE PARO,3000352,0.0,0.0
3000353,RASURADOR DESCARTABLE,0.0,10,FARMACIA INTERNA(1),3000353,0.0,0.0
3000353,RASURADOR DESCARTABLE,0.0,10,URGENCIAS(2),3000353,0.0,0.0
3000353,RASURADOR DESCARTABLE,0.0,10,INTERNADO(3),3000353,0.0,0.0
3000353,RASURADOR DESCARTABLE,0.0,10,QUIROFANO(4),3000353,0.0,0.0
3000353,RASURADOR DESCARTABLE,0.0,10,ADMINISTRACION,3000353,0.0,0.0
3000353,RASURADOR DESCARTABLE,0.0,10,CARRO DE PARO,3000353,0.0,0.0
3000354,ROPA DESCARTABLE P/ OPERAR - TRAUMATO,0.0,10,FARMACIA INTERNA(1),3000354,0.0,0.0
3000354,ROPA DESCARTABLE P/ OPERAR - TRAUMATO,0.0,10,URGENCIAS(2),3000354,0.0,0.0
3000354,ROPA DESCARTABLE P/ OPERAR - TRAUMATO,0.0,10,INTERNADO(3),3000354,0.0,0.0
3000354,ROPA DESCARTABLE P/ OPERAR - TRAUMATO,0.0,10,QUIROFANO(4),3000354,0.0,0.0
3000354,ROPA DESCARTABLE P/ OPERAR - TRAUMATO,0.0,10,ADMINISTRACION,3000354,0.0,0.0
3000354,ROPA DESCARTABLE P/ OPERAR - TRAUMATO,0.0,10,CARRO DE PARO,3000354,0.0,0.0
3000355,ROPA DESCARTABLE P/ OPERAR (LEGRADO),0.0,10,FARMACIA INTERNA(1),3000355,0.0,0.0
3000355,ROPA DESCARTABLE P/ OPERAR (LEGRADO),0.0,10,URGENCIAS(2),3000355,0.0,0.0
3000355,ROPA DESCARTABLE P/ OPERAR (LEGRADO),0.0,10,INTERNADO(3),3000355,0.0,0.0
3000355,ROPA DESCARTABLE P/ OPERAR (LEGRADO),0.0,10,QUIROFANO(4),3000355,0.0,0.0
3000355,ROPA DESCARTABLE P/ OPERAR (LEGRADO),0.0,10,ADMINISTRACION,3000355,0.0,0.0
3000355,ROPA DESCARTABLE P/ OPERAR (LEGRADO),0.0,10,CARRO DE PARO,3000355,0.0,0.0
3000356,ROPA DESCARTABLE P/ OPERAR CVL,0.0,10,FARMACIA INTERNA(1),3000356,0.0,0.0
3000356,ROPA DESCARTABLE P/ OPERAR CVL,0.0,10,URGENCIAS(2),3000356,0.0,0.0
3000356,ROPA DESCARTABLE P/ OPERAR CVL,0.0,10,INTERNADO(3),3000356,0.0,0.0
3000356,ROPA DESCARTABLE P/ OPERAR CVL,0.0,10,QUIROFANO(4),3000356,0.0,0.0
3000356,ROPA DESCARTABLE P/ OPERAR CVL,0.0,10,ADMINISTRACION,3000356,0.0,0.0
3000356,ROPA DESCARTABLE P/ OPERAR CVL,0.0,10,CARRO DE PARO,3000356,0.0,0.0
3000357,ROPA DESCARTABLE P/ OPERAR CX OFTALMO,0.0,10,FARMACIA INTERNA(1),3000357,0.0,0.0
3000357,ROPA DESCARTABLE P/ OPERAR CX OFTALMO,0.0,10,URGENCIAS(2),3000357,0.0,0.0
3000357,ROPA DESCARTABLE P/ OPERAR CX OFTALMO,0.0,10,INTERNADO(3),3000357,0.0,0.0
3000357,ROPA DESCARTABLE P/ OPERAR CX OFTALMO,0.0,10,QUIROFANO(4),3000357,0.0,0.0
3000357,ROPA DESCARTABLE P/ OPERAR CX OFTALMO,0.0,10,ADMINISTRACION,3000357,0.0,0.0
3000357,ROPA DESCARTABLE P/ OPERAR CX OFTALMO,0.0,10,CARRO DE PARO,3000357,0.0,0.0
3000358,ROPA DESCARTABLE P/ OPERAR GRAL,0.0,10,FARMACIA INTERNA(1),3000358,0.0,0.0
3000358,ROPA DESCARTABLE P/ OPERAR GRAL,0.0,10,URGENCIAS(2),3000358,0.0,0.0
3000358,ROPA DESCARTABLE P/ OPERAR GRAL,0.0,10,INTERNADO(3),3000358,0.0,0.0
3000358,ROPA DESCARTABLE P/ OPERAR GRAL,0.0,10,QUIROFANO(4),3000358,0.0,0.0
3000358,ROPA DESCARTABLE P/ OPERAR GRAL,0.0,10,ADMINISTRACION,3000358,0.0,0.0
3000358,ROPA DESCARTABLE P/ OPERAR GRAL,0.0,10,CARRO DE PARO,3000358,0.0,0.0
3000359,SABANA P/ ESTARELIZACION 160X160,13000.0,10,FARMACIA INTERNA(1),3000359,0.0,0.0
3000359,SABANA P/ ESTARELIZACION 160X160,13000.0,10,URGENCIAS(2),3000359,0.0,0.0
3000359,SABANA P/ ESTARELIZACION 160X160,13000.0,10,INTERNADO(3),3000359,0.0,0.0
3000359,SABANA P/ ESTARELIZACION 160X160,13000.0,10,QUIROFANO(4),3000359,0.0,0.0
3000359,SABANA P/ ESTARELIZACION 160X160,13000.0,10,ADMINISTRACION,3000359,0.0,30.0
3000359,SABANA P/ ESTARELIZACION 160X160,13000.0,10,CARRO DE PARO,3000359,0.0,0.0
3000360,SIST. DE DRENAJE VENTRICULAR PIC - ADULTO,0.0,10,FARMACIA INTERNA(1),3000360,0.0,0.0
3000360,SIST. DE DRENAJE VENTRICULAR PIC - ADULTO,0.0,10,URGENCIAS(2),3000360,0.0,0.0
3000360,SIST. DE DRENAJE VENTRICULAR PIC - ADULTO,0.0,10,INTERNADO(3),3000360,0.0,0.0
3000360,SIST. DE DRENAJE VENTRICULAR PIC - ADULTO,0.0,10,QUIROFANO(4),3000360,0.0,0.0
3000360,SIST. DE DRENAJE VENTRICULAR PIC - ADULTO,0.0,10,ADMINISTRACION,3000360,0.0,0.0
3000360,SIST. DE DRENAJE VENTRICULAR PIC - ADULTO,0.0,10,CARRO DE PARO,3000360,0.0,0.0
3000361,SIST. DE DRENAJE VENTRICULAR PIC - PED,0.0,10,FARMACIA INTERNA(1),3000361,0.0,0.0
3000361,SIST. DE DRENAJE VENTRICULAR PIC - PED,0.0,10,URGENCIAS(2),3000361,0.0,0.0
3000361,SIST. DE DRENAJE VENTRICULAR PIC - PED,0.0,10,INTERNADO(3),3000361,0.0,0.0
3000361,SIST. DE DRENAJE VENTRICULAR PIC - PED,0.0,10,QUIROFANO(4),3000361,0.0,0.0
3000361,SIST. DE DRENAJE VENTRICULAR PIC - PED,0.0,10,ADMINISTRACION,3000361,0.0,0.0
3000361,SIST. DE DRENAJE VENTRICULAR PIC - PED,0.0,10,CARRO DE PARO,3000361,0.0,0.0
3000362,SISTEMA CERRADO DE ASPIRACION FR,14.0,0,10 FARMACIA INTERNA(1),3000362,0.0,0.0
3000362,SISTEMA CERRADO DE ASPIRACION FR,14.0,0,10 URGENCIAS(2),3000362,0.0,0.0
3000362,SISTEMA CERRADO DE ASPIRACION FR,14.0,0,10 INTERNADO(3),3000362,0.0,0.0
3000362,SISTEMA CERRADO DE ASPIRACION FR,14.0,0,10 QUIROFANO(4),3000362,0.0,0.0
3000362,SISTEMA CERRADO DE ASPIRACION FR,14.0,0,10 ADMINISTRACION,3000362,0.0,0.0
3000362,SISTEMA CERRADO DE ASPIRACION FR,14.0,0,10 CARRO DE PARO,3000362,0.0,0.0
3000363,SISTEMA CERRADO DE ASPIRACION FR,16.0,0,10 FARMACIA INTERNA(1),3000363,0.0,0.0
3000363,SISTEMA CERRADO DE ASPIRACION FR,16.0,0,10 URGENCIAS(2),3000363,0.0,0.0
3000363,SISTEMA CERRADO DE ASPIRACION FR,16.0,0,10 INTERNADO(3),3000363,0.0,0.0
3000363,SISTEMA CERRADO DE ASPIRACION FR,16.0,0,10 QUIROFANO(4),3000363,0.0,0.0
3000363,SISTEMA CERRADO DE ASPIRACION FR,16.0,0,10 ADMINISTRACION,3000363,0.0,0.0
3000363,SISTEMA CERRADO DE ASPIRACION FR,16.0,0,10 CARRO DE PARO,3000363,0.0,0.0
3000364,SISTEMA CERRADO DE ASPIRACION FR,8.0,0,10 FARMACIA INTERNA(1),3000364,0.0,0.0
3000364,SISTEMA CERRADO DE ASPIRACION FR,8.0,0,10 URGENCIAS(2),3000364,0.0,0.0
3000364,SISTEMA CERRADO DE ASPIRACION FR,8.0,0,10 INTERNADO(3),3000364,0.0,0.0
3000364,SISTEMA CERRADO DE ASPIRACION FR,8.0,0,10 QUIROFANO(4),3000364,0.0,0.0
3000364,SISTEMA CERRADO DE ASPIRACION FR,8.0,0,10 ADMINISTRACION,3000364,0.0,0.0
3000364,SISTEMA CERRADO DE ASPIRACION FR,8.0,0,10 CARRO DE PARO,3000364,0.0,0.0
3000365,SISTEMA DE PRESION NEGATIVA PICO 20 X,20.0,0,10 FARMACIA INTERNA(1),3000365,0.0,0.0
3000365,SISTEMA DE PRESION NEGATIVA PICO 20 X,20.0,0,10 URGENCIAS(2),3000365,0.0,0.0
3000365,SISTEMA DE PRESION NEGATIVA PICO 20 X,20.0,0,10 INTERNADO(3),3000365,0.0,0.0
3000365,SISTEMA DE PRESION NEGATIVA PICO 20 X,20.0,0,10 QUIROFANO(4),3000365,0.0,0.0
3000365,SISTEMA DE PRESION NEGATIVA PICO 20 X,20.0,0,10 ADMINISTRACION,3000365,0.0,0.0
3000365,SISTEMA DE PRESION NEGATIVA PICO 20 X,20.0,0,10 CARRO DE PARO,3000365,0.0,0.0
3000366,SOBRE P/ ESTERILIZAR 135 X 260 (GASA),0.0,10,FARMACIA INTERNA(1),3000366,0.0,0.0
3000366,SOBRE P/ ESTERILIZAR 135 X 260 (GASA),0.0,10,URGENCIAS(2),3000366,0.0,0.0
3000366,SOBRE P/ ESTERILIZAR 135 X 260 (GASA),0.0,10,INTERNADO(3),3000366,0.0,0.0
3000366,SOBRE P/ ESTERILIZAR 135 X 260 (GASA),0.0,10,QUIROFANO(4),3000366,0.0,0.0
3000366,SOBRE P/ ESTERILIZAR 135 X 260 (GASA),0.0,10,ADMINISTRACION,3000366,0.0,0.0
3000366,SOBRE P/ ESTERILIZAR 135 X 260 (GASA),0.0,10,CARRO DE PARO,3000366,0.0,0.0
3000367,SOBRE P/ ESTERILIZAR 135X300 (C.V),0.0,10,FARMACIA INTERNA(1),3000367,0.0,0.0
3000367,SOBRE P/ ESTERILIZAR 135X300 (C.V),0.0,10,URGENCIAS(2),3000367,0.0,0.0
3000367,SOBRE P/ ESTERILIZAR 135X300 (C.V),0.0,10,INTERNADO(3),3000367,0.0,0.0
3000367,SOBRE P/ ESTERILIZAR 135X300 (C.V),0.0,10,QUIROFANO(4),3000367,0.0,0.0
3000367,SOBRE P/ ESTERILIZAR 135X300 (C.V),0.0,10,ADMINISTRACION,3000367,0.0,0.0
3000367,SOBRE P/ ESTERILIZAR 135X300 (C.V),0.0,10,CARRO DE PARO,3000367,0.0,0.0
3000368,SOBRE P/ ESTERILIZAR 190 X,360.0,0,10 FARMACIA INTERNA(1),3000368,0.0,0.0
3000368,SOBRE P/ ESTERILIZAR 190 X,360.0,0,10 URGENCIAS(2),3000368,0.0,0.0
3000368,SOBRE P/ ESTERILIZAR 190 X,360.0,0,10 INTERNADO(3),3000368,0.0,0.0
3000368,SOBRE P/ ESTERILIZAR 190 X,360.0,0,10 QUIROFANO(4),3000368,0.0,0.0
3000368,SOBRE P/ ESTERILIZAR 190 X,360.0,0,10 ADMINISTRACION,3000368,0.0,0.0
3000368,SOBRE P/ ESTERILIZAR 190 X,360.0,0,10 CARRO DE PARO,3000368,0.0,0.0
3000369,SONDA FOLEY 2 VIAS FR 12,30000.0,10,FARMACIA INTERNA(1),3000369,0.0,9.0
3000369,SONDA FOLEY 2 VIAS FR 12,30000.0,10,URGENCIAS(2),3000369,0.0,1.0
3000369,SONDA FOLEY 2 VIAS FR 12,30000.0,10,INTERNADO(3),3000369,0.0,0.0
3000369,SONDA FOLEY 2 VIAS FR 12,30000.0,10,QUIROFANO(4),3000369,0.0,0.0
3000369,SONDA FOLEY 2 VIAS FR 12,30000.0,10,ADMINISTRACION,3000369,0.0,0.0
3000369,SONDA FOLEY 2 VIAS FR 12,30000.0,10,CARRO DE PARO,3000369,0.0,0.0
3000370,SONDA FOLEY 2 VIAS FR 12 RUSCH,0.0,10,FARMACIA INTERNA(1),3000370,0.0,0.0
3000370,SONDA FOLEY 2 VIAS FR 12 RUSCH,0.0,10,URGENCIAS(2),3000370,0.0,0.0
3000370,SONDA FOLEY 2 VIAS FR 12 RUSCH,0.0,10,INTERNADO(3),3000370,0.0,0.0
3000370,SONDA FOLEY 2 VIAS FR 12 RUSCH,0.0,10,QUIROFANO(4),3000370,0.0,0.0
3000370,SONDA FOLEY 2 VIAS FR 12 RUSCH,0.0,10,ADMINISTRACION,3000370,0.0,0.0
3000370,SONDA FOLEY 2 VIAS FR 12 RUSCH,0.0,10,CARRO DE PARO,3000370,0.0,0.0
3000371,SONDA FOLEY 2 VIAS FR,14.0,0,10 FARMACIA INTERNA(1),3000371,0.0,0.0
3000371,SONDA FOLEY 2 VIAS FR,14.0,0,10 URGENCIAS(2),3000371,0.0,0.0
3000371,SONDA FOLEY 2 VIAS FR,14.0,0,10 INTERNADO(3),3000371,0.0,0.0
3000371,SONDA FOLEY 2 VIAS FR,14.0,0,10 QUIROFANO(4),3000371,0.0,0.0
3000371,SONDA FOLEY 2 VIAS FR,14.0,0,10 ADMINISTRACION,3000371,0.0,0.0
3000371,SONDA FOLEY 2 VIAS FR,14.0,0,10 CARRO DE PARO,3000371,0.0,0.0
3000372,SONDA FOLEY 2 VIAS SILIC FR,10.0,0,10 FARMACIA INTERNA(1),3000372,0.0,0.0
3000372,SONDA FOLEY 2 VIAS SILIC FR,10.0,0,10 URGENCIAS(2),3000372,0.0,0.0
3000372,SONDA FOLEY 2 VIAS SILIC FR,10.0,0,10 INTERNADO(3),3000372,0.0,0.0
3000372,SONDA FOLEY 2 VIAS SILIC FR,10.0,0,10 QUIROFANO(4),3000372,0.0,0.0
3000372,SONDA FOLEY 2 VIAS SILIC FR,10.0,0,10 ADMINISTRACION,3000372,0.0,0.0
3000372,SONDA FOLEY 2 VIAS SILIC FR,10.0,0,10 CARRO DE PARO,3000372,0.0,0.0
3000373,SONDA FOLEY 2 VIAS SILIC FR,12.0,0,10 FARMACIA INTERNA(1),3000373,0.0,0.0
3000373,SONDA FOLEY 2 VIAS SILIC FR,12.0,0,10 URGENCIAS(2),3000373,0.0,0.0
3000373,SONDA FOLEY 2 VIAS SILIC FR,12.0,0,10 INTERNADO(3),3000373,0.0,0.0
3000373,SONDA FOLEY 2 VIAS SILIC FR,12.0,0,10 QUIROFANO(4),3000373,0.0,0.0
3000373,SONDA FOLEY 2 VIAS SILIC FR,12.0,0,10 ADMINISTRACION,3000373,0.0,0.0
3000373,SONDA FOLEY 2 VIAS SILIC FR,12.0,0,10 CARRO DE PARO,3000373,0.0,0.0
3000374,SONDA FOLEY 2 VIAS SILIC FR 18 RUSCH,0.0,10,FARMACIA INTERNA(1),3000374,0.0,0.0
3000374,SONDA FOLEY 2 VIAS SILIC FR 18 RUSCH,0.0,10,URGENCIAS(2),3000374,0.0,0.0
3000374,SONDA FOLEY 2 VIAS SILIC FR 18 RUSCH,0.0,10,INTERNADO(3),3000374,0.0,0.0
3000374,SONDA FOLEY 2 VIAS SILIC FR 18 RUSCH,0.0,10,QUIROFANO(4),3000374,0.0,0.0
3000374,SONDA FOLEY 2 VIAS SILIC FR 18 RUSCH,0.0,10,ADMINISTRACION,3000374,0.0,0.0
3000374,SONDA FOLEY 2 VIAS SILIC FR 18 RUSCH,0.0,10,CARRO DE PARO,3000374,0.0,0.0
3000375,SONDA FOLEY 2 VIAS SILIC FR,24.0,0,10 FARMACIA INTERNA(1),3000375,0.0,0.0
3000375,SONDA FOLEY 2 VIAS SILIC FR,24.0,0,10 URGENCIAS(2),3000375,0.0,0.0
3000375,SONDA FOLEY 2 VIAS SILIC FR,24.0,0,10 INTERNADO(3),3000375,0.0,0.0
3000375,SONDA FOLEY 2 VIAS SILIC FR,24.0,0,10 QUIROFANO(4),3000375,0.0,0.0
3000375,SONDA FOLEY 2 VIAS SILIC FR,24.0,0,10 ADMINISTRACION,3000375,0.0,0.0
3000375,SONDA FOLEY 2 VIAS SILIC FR,24.0,0,10 CARRO DE PARO,3000375,0.0,0.0
3000376,SONDA FOLEY 2 VIAS SILIC FR,6.0,0,10 FARMACIA INTERNA(1),3000376,0.0,0.0
3000376,SONDA FOLEY 2 VIAS SILIC FR,6.0,0,10 URGENCIAS(2),3000376,0.0,0.0
3000376,SONDA FOLEY 2 VIAS SILIC FR,6.0,0,10 INTERNADO(3),3000376,0.0,0.0
3000376,SONDA FOLEY 2 VIAS SILIC FR,6.0,0,10 QUIROFANO(4),3000376,0.0,0.0
3000376,SONDA FOLEY 2 VIAS SILIC FR,6.0,0,10 ADMINISTRACION,3000376,0.0,0.0
3000376,SONDA FOLEY 2 VIAS SILIC FR,6.0,0,10 CARRO DE PARO,3000376,0.0,0.0
3000377,SONDA FOLEY 2 VIAS SILIC FR,8.0,0,10 FARMACIA INTERNA(1),3000377,0.0,0.0
3000377,SONDA FOLEY 2 VIAS SILIC FR,8.0,0,10 URGENCIAS(2),3000377,0.0,0.0
3000377,SONDA FOLEY 2 VIAS SILIC FR,8.0,0,10 INTERNADO(3),3000377,0.0,0.0
3000377,SONDA FOLEY 2 VIAS SILIC FR,8.0,0,10 QUIROFANO(4),3000377,0.0,0.0
3000377,SONDA FOLEY 2 VIAS SILIC FR,8.0,0,10 ADMINISTRACION,3000377,0.0,0.0
3000377,SONDA FOLEY 2 VIAS SILIC FR,8.0,0,10 CARRO DE PARO,3000377,0.0,0.0
3000378,SONDA FOLEY 3 VIAS FR,22.0,0,10 FARMACIA INTERNA(1),3000378,0.0,0.0
3000378,SONDA FOLEY 3 VIAS FR,22.0,0,10 URGENCIAS(2),3000378,0.0,0.0
3000378,SONDA FOLEY 3 VIAS FR,22.0,0,10 INTERNADO(3),3000378,0.0,0.0
3000378,SONDA FOLEY 3 VIAS FR,22.0,0,10 QUIROFANO(4),3000378,0.0,0.0
3000378,SONDA FOLEY 3 VIAS FR,22.0,0,10 ADMINISTRACION,3000378,0.0,0.0
3000378,SONDA FOLEY 3 VIAS FR,22.0,0,10 CARRO DE PARO,3000378,0.0,0.0
3000379,SONDA FOLEY 3 VIAS FR 24 LATEX,18000.0,10,FARMACIA INTERNA(1),3000379,0.0,2.0
3000379,SONDA FOLEY 3 VIAS FR 24 LATEX,18000.0,10,URGENCIAS(2),3000379,0.0,1.0
3000379,SONDA FOLEY 3 VIAS FR 24 LATEX,18000.0,10,INTERNADO(3),3000379,0.0,0.0
3000379,SONDA FOLEY 3 VIAS FR 24 LATEX,18000.0,10,QUIROFANO(4),3000379,0.0,0.0
3000379,SONDA FOLEY 3 VIAS FR 24 LATEX,18000.0,10,ADMINISTRACION,3000379,0.0,0.0
3000379,SONDA FOLEY 3 VIAS FR 24 LATEX,18000.0,10,CARRO DE PARO,3000379,0.0,0.0
3000380,SONDA FOLEY 3 VIAS FR 22 LATEX,16500.0,10,FARMACIA INTERNA(1),3000380,0.0,2.0
3000380,SONDA FOLEY 3 VIAS FR 22 LATEX,16500.0,10,URGENCIAS(2),3000380,0.0,1.0
3000380,SONDA FOLEY 3 VIAS FR 22 LATEX,16500.0,10,INTERNADO(3),3000380,0.0,0.0
3000380,SONDA FOLEY 3 VIAS FR 22 LATEX,16500.0,10,QUIROFANO(4),3000380,0.0,0.0
3000380,SONDA FOLEY 3 VIAS FR 22 LATEX,16500.0,10,ADMINISTRACION,3000380,0.0,0.0
3000380,SONDA FOLEY 3 VIAS FR 22 LATEX,16500.0,10,CARRO DE PARO,3000380,0.0,0.0
3000381,SONDA NASOGASTRICA 100% SILIC. FR,4.0,0,10 FARMACIA INTERNA(1),3000381,0.0,0.0
3000381,SONDA NASOGASTRICA 100% SILIC. FR,4.0,0,10 URGENCIAS(2),3000381,0.0,1.0
3000381,SONDA NASOGASTRICA 100% SILIC. FR,4.0,0,10 INTERNADO(3),3000381,0.0,0.0
3000381,SONDA NASOGASTRICA 100% SILIC. FR,4.0,0,10 QUIROFANO(4),3000381,0.0,0.0
3000381,SONDA NASOGASTRICA 100% SILIC. FR,4.0,0,10 ADMINISTRACION,3000381,0.0,0.0
3000381,SONDA NASOGASTRICA 100% SILIC. FR,4.0,0,10 CARRO DE PARO,3000381,0.0,0.0
3000382,SONDA NASOGASTRICA 100% SILIC. FR,6.0,0,10 FARMACIA INTERNA(1),3000382,0.0,0.0
3000382,SONDA NASOGASTRICA 100% SILIC. FR,6.0,0,10 URGENCIAS(2),3000382,0.0,0.0
3000382,SONDA NASOGASTRICA 100% SILIC. FR,6.0,0,10 INTERNADO(3),3000382,0.0,0.0
3000382,SONDA NASOGASTRICA 100% SILIC. FR,6.0,0,10 QUIROFANO(4),3000382,0.0,0.0
3000382,SONDA NASOGASTRICA 100% SILIC. FR,6.0,0,10 ADMINISTRACION,3000382,0.0,0.0
3000382,SONDA NASOGASTRICA 100% SILIC. FR,6.0,0,10 CARRO DE PARO,3000382,0.0,0.0
3000383,SONDA NASOGASTRICA 100% SILIC. FR,7.0,0,10 FARMACIA INTERNA(1),3000383,0.0,0.0
3000383,SONDA NASOGASTRICA 100% SILIC. FR,7.0,0,10 URGENCIAS(2),3000383,0.0,1.0
3000383,SONDA NASOGASTRICA 100% SILIC. FR,7.0,0,10 INTERNADO(3),3000383,0.0,0.0
3000383,SONDA NASOGASTRICA 100% SILIC. FR,7.0,0,10 QUIROFANO(4),3000383,0.0,0.0
3000383,SONDA NASOGASTRICA 100% SILIC. FR,7.0,0,10 ADMINISTRACION,3000383,0.0,0.0
3000383,SONDA NASOGASTRICA 100% SILIC. FR,7.0,0,10 CARRO DE PARO,3000383,0.0,0.0
3000384,SONDA NASOGASTRICA 100% SILIC. FR,9.0,0,10 FARMACIA INTERNA(1),3000384,0.0,0.0
3000384,SONDA NASOGASTRICA 100% SILIC. FR,9.0,0,10 URGENCIAS(2),3000384,0.0,0.0
3000384,SONDA NASOGASTRICA 100% SILIC. FR,9.0,0,10 INTERNADO(3),3000384,0.0,0.0
3000384,SONDA NASOGASTRICA 100% SILIC. FR,9.0,0,10 QUIROFANO(4),3000384,0.0,0.0
3000384,SONDA NASOGASTRICA 100% SILIC. FR,9.0,0,10 ADMINISTRACION,3000384,0.0,0.0
3000384,SONDA NASOGASTRICA 100% SILIC. FR,9.0,0,10 CARRO DE PARO,3000384,0.0,0.0
3000385,SONDA NASOGASTRICA FR12 (K-9),4000.0,10,FARMACIA INTERNA(1),3000385,0.0,6.0
3000385,SONDA NASOGASTRICA FR12 (K-9),4000.0,10,URGENCIAS(2),3000385,0.0,1.0
3000385,SONDA NASOGASTRICA FR12 (K-9),4000.0,10,INTERNADO(3),3000385,0.0,0.0
3000385,SONDA NASOGASTRICA FR12 (K-9),4000.0,10,QUIROFANO(4),3000385,0.0,0.0
3000385,SONDA NASOGASTRICA FR12 (K-9),4000.0,10,ADMINISTRACION,3000385,0.0,0.0
3000385,SONDA NASOGASTRICA FR12 (K-9),4000.0,10,CARRO DE PARO,3000385,0.0,1.0
3000386,SONDA NASOGASTRICA FR14,0.0,10,FARMACIA INTERNA(1),3000386,0.0,0.0
3000386,SONDA NASOGASTRICA FR14,0.0,10,URGENCIAS(2),3000386,0.0,0.0
3000386,SONDA NASOGASTRICA FR14,0.0,10,INTERNADO(3),3000386,0.0,0.0
3000386,SONDA NASOGASTRICA FR14,0.0,10,QUIROFANO(4),3000386,0.0,0.0
3000386,SONDA NASOGASTRICA FR14,0.0,10,ADMINISTRACION,3000386,0.0,0.0
3000386,SONDA NASOGASTRICA FR14,0.0,10,CARRO DE PARO,3000386,0.0,0.0
3000387,SONDA NASOGASTRICA FR16 (K-10),4500.0,10,FARMACIA INTERNA(1),3000387,0.0,6.0
3000387,SONDA NASOGASTRICA FR16 (K-10),4500.0,10,URGENCIAS(2),3000387,0.0,0.0
3000387,SONDA NASOGASTRICA FR16 (K-10),4500.0,10,INTERNADO(3),3000387,0.0,0.0
3000387,SONDA NASOGASTRICA FR16 (K-10),4500.0,10,QUIROFANO(4),3000387,0.0,0.0
3000387,SONDA NASOGASTRICA FR16 (K-10),4500.0,10,ADMINISTRACION,3000387,0.0,0.0
3000387,SONDA NASOGASTRICA FR16 (K-10),4500.0,10,CARRO DE PARO,3000387,0.0,1.0
3000388,SONDA NASOGASTRICA FR14 (K-11),5500.0,10,FARMACIA INTERNA(1),3000388,0.0,2.0
3000388,SONDA NASOGASTRICA FR14 (K-11),5500.0,10,URGENCIAS(2),3000388,0.0,0.0
3000388,SONDA NASOGASTRICA FR14 (K-11),5500.0,10,INTERNADO(3),3000388,0.0,0.0
3000388,SONDA NASOGASTRICA FR14 (K-11),5500.0,10,QUIROFANO(4),3000388,0.0,0.0
3000388,SONDA NASOGASTRICA FR14 (K-11),5500.0,10,ADMINISTRACION,3000388,0.0,0.0
3000388,SONDA NASOGASTRICA FR14 (K-11),5500.0,10,CARRO DE PARO,3000388,0.0,0.0
3000389,SONDA NASOGASTRICA FR5 (K-35),4000.0,10,FARMACIA INTERNA(1),3000389,0.0,12.0
3000389,SONDA NASOGASTRICA FR5 (K-35),4000.0,10,URGENCIAS(2),3000389,0.0,2.0
3000389,SONDA NASOGASTRICA FR5 (K-35),4000.0,10,INTERNADO(3),3000389,0.0,0.0
3000389,SONDA NASOGASTRICA FR5 (K-35),4000.0,10,QUIROFANO(4),3000389,0.0,0.0
3000389,SONDA NASOGASTRICA FR5 (K-35),4000.0,10,ADMINISTRACION,3000389,0.0,0.0
3000389,SONDA NASOGASTRICA FR5 (K-35),4000.0,10,CARRO DE PARO,3000389,0.0,2.0
3000390,SONDA NASOGASTRICA FR6 (K-33),5500.0,10,FARMACIA INTERNA(1),3000390,0.0,8.0
3000390,SONDA NASOGASTRICA FR6 (K-33),5500.0,10,URGENCIAS(2),3000390,0.0,0.0
3000390,SONDA NASOGASTRICA FR6 (K-33),5500.0,10,INTERNADO(3),3000390,0.0,0.0
3000390,SONDA NASOGASTRICA FR6 (K-33),5500.0,10,QUIROFANO(4),3000390,0.0,0.0
3000390,SONDA NASOGASTRICA FR6 (K-33),5500.0,10,ADMINISTRACION,3000390,0.0,0.0
3000390,SONDA NASOGASTRICA FR6 (K-33),5500.0,10,CARRO DE PARO,3000390,0.0,2.0
3000391,SONDA NASOGASTRICA FR7 K,31.0,0,10 FARMACIA INTERNA(1),3000391,0.0,0.0
3000391,SONDA NASOGASTRICA FR7 K,31.0,0,10 URGENCIAS(2),3000391,0.0,0.0
3000391,SONDA NASOGASTRICA FR7 K,31.0,0,10 INTERNADO(3),3000391,0.0,0.0
3000391,SONDA NASOGASTRICA FR7 K,31.0,0,10 QUIROFANO(4),3000391,0.0,0.0
3000391,SONDA NASOGASTRICA FR7 K,31.0,0,10 ADMINISTRACION,3000391,0.0,0.0
3000391,SONDA NASOGASTRICA FR7 K,31.0,0,10 CARRO DE PARO,3000391,0.0,0.0
3000392,SONDA NASOGASTRICA FR10 (K-30),4000.0,10,FARMACIA INTERNA(1),3000392,0.0,7.0
3000392,SONDA NASOGASTRICA FR10 (K-30),4000.0,10,URGENCIAS(2),3000392,0.0,1.0
3000392,SONDA NASOGASTRICA FR10 (K-30),4000.0,10,INTERNADO(3),3000392,0.0,0.0
3000392,SONDA NASOGASTRICA FR10 (K-30),4000.0,10,QUIROFANO(4),3000392,0.0,0.0
3000392,SONDA NASOGASTRICA FR10 (K-30),4000.0,10,ADMINISTRACION,3000392,0.0,0.0
3000392,SONDA NASOGASTRICA FR10 (K-30),4000.0,10,CARRO DE PARO,3000392,0.0,0.0
3000393,SONDA NASOGASTRICA K10 100% SILIC. FR16,0.0,10,FARMACIA INTERNA(1),3000393,0.0,0.0
3000393,SONDA NASOGASTRICA K10 100% SILIC. FR16,0.0,10,URGENCIAS(2),3000393,0.0,0.0
3000393,SONDA NASOGASTRICA K10 100% SILIC. FR16,0.0,10,INTERNADO(3),3000393,0.0,0.0
3000393,SONDA NASOGASTRICA K10 100% SILIC. FR16,0.0,10,QUIROFANO(4),3000393,0.0,0.0
3000393,SONDA NASOGASTRICA K10 100% SILIC. FR16,0.0,10,ADMINISTRACION,3000393,0.0,0.0
3000393,SONDA NASOGASTRICA K10 100% SILIC. FR16,0.0,10,CARRO DE PARO,3000393,0.0,0.0
3000394,SONDA NASOGASTRICA K11 100% SILIC FR,18.0,0,10 FARMACIA INTERNA(1),3000394,0.0,0.0
3000394,SONDA NASOGASTRICA K11 100% SILIC FR,18.0,0,10 URGENCIAS(2),3000394,0.0,0.0
3000394,SONDA NASOGASTRICA K11 100% SILIC FR,18.0,0,10 INTERNADO(3),3000394,0.0,0.0
3000394,SONDA NASOGASTRICA K11 100% SILIC FR,18.0,0,10 QUIROFANO(4),3000394,0.0,0.0
3000394,SONDA NASOGASTRICA K11 100% SILIC FR,18.0,0,10 ADMINISTRACION,3000394,0.0,0.0
3000394,SONDA NASOGASTRICA K11 100% SILIC FR,18.0,0,10 CARRO DE PARO,3000394,0.0,0.0
3000395,SONDA NASOGASTRICA K9 100% SILIC.FR,12.0,0,10 FARMACIA INTERNA(1),3000395,0.0,0.0
3000395,SONDA NASOGASTRICA K9 100% SILIC.FR,12.0,0,10 URGENCIAS(2),3000395,0.0,0.0
3000395,SONDA NASOGASTRICA K9 100% SILIC.FR,12.0,0,10 INTERNADO(3),3000395,0.0,0.0
3000395,SONDA NASOGASTRICA K9 100% SILIC.FR,12.0,0,10 QUIROFANO(4),3000395,0.0,0.0
3000395,SONDA NASOGASTRICA K9 100% SILIC.FR,12.0,0,10 ADMINISTRACION,3000395,0.0,0.0
3000395,SONDA NASOGASTRICA K9 100% SILIC.FR,12.0,0,10 CARRO DE PARO,3000395,0.0,0.0
3000396,SONDA NELATON NRO,14.0,0,10 FARMACIA INTERNA(1),3000396,0.0,0.0
3000396,SONDA NELATON NRO,14.0,0,10 URGENCIAS(2),3000396,0.0,0.0
3000396,SONDA NELATON NRO,14.0,0,10 INTERNADO(3),3000396,0.0,0.0
3000396,SONDA NELATON NRO,14.0,0,10 QUIROFANO(4),3000396,0.0,0.0
3000396,SONDA NELATON NRO,14.0,0,10 ADMINISTRACION,3000396,0.0,0.0
3000396,SONDA NELATON NRO,14.0,0,10 CARRO DE PARO,3000396,0.0,0.0
3000397,SONDA P/ ASPIRACION NRO,18.0,0,10 FARMACIA INTERNA(1),3000397,0.0,0.0
3000397,SONDA P/ ASPIRACION NRO,18.0,0,10 URGENCIAS(2),3000397,0.0,0.0
3000397,SONDA P/ ASPIRACION NRO,18.0,0,10 INTERNADO(3),3000397,0.0,0.0
3000397,SONDA P/ ASPIRACION NRO,18.0,0,10 QUIROFANO(4),3000397,0.0,0.0
3000397,SONDA P/ ASPIRACION NRO,18.0,0,10 ADMINISTRACION,3000397,0.0,0.0
3000397,SONDA P/ ASPIRACION NRO,18.0,0,10 CARRO DE PARO,3000397,0.0,0.0
3000398,SONDA PEZZER FR 24 RUSCH,0.0,10,FARMACIA INTERNA(1),3000398,0.0,0.0
3000398,SONDA PEZZER FR 24 RUSCH,0.0,10,URGENCIAS(2),3000398,0.0,0.0
3000398,SONDA PEZZER FR 24 RUSCH,0.0,10,INTERNADO(3),3000398,0.0,0.0
3000398,SONDA PEZZER FR 24 RUSCH,0.0,10,QUIROFANO(4),3000398,0.0,0.0
3000398,SONDA PEZZER FR 24 RUSCH,0.0,10,ADMINISTRACION,3000398,0.0,0.0
3000398,SONDA PEZZER FR 24 RUSCH,0.0,10,CARRO DE PARO,3000398,0.0,0.0
3000399,SONDA PEZZER FR 26 RUSCH,0.0,10,FARMACIA INTERNA(1),3000399,0.0,0.0
3000399,SONDA PEZZER FR 26 RUSCH,0.0,10,URGENCIAS(2),3000399,0.0,0.0
3000399,SONDA PEZZER FR 26 RUSCH,0.0,10,INTERNADO(3),3000399,0.0,0.0
3000399,SONDA PEZZER FR 26 RUSCH,0.0,10,QUIROFANO(4),3000399,0.0,0.0
3000399,SONDA PEZZER FR 26 RUSCH,0.0,10,ADMINISTRACION,3000399,0.0,0.0
3000399,SONDA PEZZER FR 26 RUSCH,0.0,10,CARRO DE PARO,3000399,0.0,0.0
3000400,SONDA PEZZER FR 30 RUSCH,0.0,10,FARMACIA INTERNA(1),3000400,0.0,0.0
3000400,SONDA PEZZER FR 30 RUSCH,0.0,10,URGENCIAS(2),3000400,0.0,0.0
3000400,SONDA PEZZER FR 30 RUSCH,0.0,10,INTERNADO(3),3000400,0.0,0.0
3000400,SONDA PEZZER FR 30 RUSCH,0.0,10,QUIROFANO(4),3000400,0.0,0.0
3000400,SONDA PEZZER FR 30 RUSCH,0.0,10,ADMINISTRACION,3000400,0.0,0.0
3000400,SONDA PEZZER FR 30 RUSCH,0.0,10,CARRO DE PARO,3000400,0.0,0.0
3000401,SONDA PEZZER FR 32 RUSCH,0.0,10,FARMACIA INTERNA(1),3000401,0.0,0.0
3000401,SONDA PEZZER FR 32 RUSCH,0.0,10,URGENCIAS(2),3000401,0.0,0.0
3000401,SONDA PEZZER FR 32 RUSCH,0.0,10,INTERNADO(3),3000401,0.0,0.0
3000401,SONDA PEZZER FR 32 RUSCH,0.0,10,QUIROFANO(4),3000401,0.0,0.0
3000401,SONDA PEZZER FR 32 RUSCH,0.0,10,ADMINISTRACION,3000401,0.0,0.0
3000401,SONDA PEZZER FR 32 RUSCH,0.0,10,CARRO DE PARO,3000401,0.0,0.0
3000402,SONDA PEZZER FR 34 RUSCH,0.0,10,FARMACIA INTERNA(1),3000402,0.0,0.0
3000402,SONDA PEZZER FR 34 RUSCH,0.0,10,URGENCIAS(2),3000402,0.0,0.0
3000402,SONDA PEZZER FR 34 RUSCH,0.0,10,INTERNADO(3),3000402,0.0,0.0
3000402,SONDA PEZZER FR 34 RUSCH,0.0,10,QUIROFANO(4),3000402,0.0,0.0
3000402,SONDA PEZZER FR 34 RUSCH,0.0,10,ADMINISTRACION,3000402,0.0,0.0
3000402,SONDA PEZZER FR 34 RUSCH,0.0,10,CARRO DE PARO,3000402,0.0,0.0
3000403,SONDA PEZZER FR 36 RUSCH,0.0,10,FARMACIA INTERNA(1),3000403,0.0,0.0
3000403,SONDA PEZZER FR 36 RUSCH,0.0,10,URGENCIAS(2),3000403,0.0,0.0
3000403,SONDA PEZZER FR 36 RUSCH,0.0,10,INTERNADO(3),3000403,0.0,0.0
3000403,SONDA PEZZER FR 36 RUSCH,0.0,10,QUIROFANO(4),3000403,0.0,0.0
3000403,SONDA PEZZER FR 36 RUSCH,0.0,10,ADMINISTRACION,3000403,0.0,0.0
3000403,SONDA PEZZER FR 36 RUSCH,0.0,10,CARRO DE PARO,3000403,0.0,0.0
3000404,SONDA PEZZER LATEX NRO,24.0,0,10 FARMACIA INTERNA(1),3000404,0.0,0.0
3000404,SONDA PEZZER LATEX NRO,24.0,0,10 URGENCIAS(2),3000404,0.0,0.0
3000404,SONDA PEZZER LATEX NRO,24.0,0,10 INTERNADO(3),3000404,0.0,0.0
3000404,SONDA PEZZER LATEX NRO,24.0,0,10 QUIROFANO(4),3000404,0.0,0.0
3000404,SONDA PEZZER LATEX NRO,24.0,0,10 ADMINISTRACION,3000404,0.0,0.0
3000404,SONDA PEZZER LATEX NRO,24.0,0,10 CARRO DE PARO,3000404,0.0,0.0
3000405,SONDA PEZZER LATEX NRO,26.0,0,10 FARMACIA INTERNA(1),3000405,0.0,0.0
3000405,SONDA PEZZER LATEX NRO,26.0,0,10 URGENCIAS(2),3000405,0.0,0.0
3000405,SONDA PEZZER LATEX NRO,26.0,0,10 INTERNADO(3),3000405,0.0,0.0
3000405,SONDA PEZZER LATEX NRO,26.0,0,10 QUIROFANO(4),3000405,0.0,0.0
3000405,SONDA PEZZER LATEX NRO,26.0,0,10 ADMINISTRACION,3000405,0.0,0.0
3000405,SONDA PEZZER LATEX NRO,26.0,0,10 CARRO DE PARO,3000405,0.0,0.0
3000406,SONDA PEZZER LATEX NRO,30.0,0,10 FARMACIA INTERNA(1),3000406,0.0,0.0
3000406,SONDA PEZZER LATEX NRO,30.0,0,10 URGENCIAS(2),3000406,0.0,0.0
3000406,SONDA PEZZER LATEX NRO,30.0,0,10 INTERNADO(3),3000406,0.0,0.0
3000406,SONDA PEZZER LATEX NRO,30.0,0,10 QUIROFANO(4),3000406,0.0,0.0
3000406,SONDA PEZZER LATEX NRO,30.0,0,10 ADMINISTRACION,3000406,0.0,0.0
3000406,SONDA PEZZER LATEX NRO,30.0,0,10 CARRO DE PARO,3000406,0.0,0.0
3000407,SONDA PEZZER LATEX NRO,32.0,0,10 FARMACIA INTERNA(1),3000407,0.0,0.0
3000407,SONDA PEZZER LATEX NRO,32.0,0,10 URGENCIAS(2),3000407,0.0,0.0
3000407,SONDA PEZZER LATEX NRO,32.0,0,10 INTERNADO(3),3000407,0.0,0.0
3000407,SONDA PEZZER LATEX NRO,32.0,0,10 QUIROFANO(4),3000407,0.0,0.0
3000407,SONDA PEZZER LATEX NRO,32.0,0,10 ADMINISTRACION,3000407,0.0,0.0
3000407,SONDA PEZZER LATEX NRO,32.0,0,10 CARRO DE PARO,3000407,0.0,0.0
3000408,SONDA PEZZER NRO 34 NIGUS,0.0,10,FARMACIA INTERNA(1),3000408,0.0,0.0
3000408,SONDA PEZZER NRO 34 NIGUS,0.0,10,URGENCIAS(2),3000408,0.0,0.0
3000408,SONDA PEZZER NRO 34 NIGUS,0.0,10,INTERNADO(3),3000408,0.0,0.0
3000408,SONDA PEZZER NRO 34 NIGUS,0.0,10,QUIROFANO(4),3000408,0.0,0.0
3000408,SONDA PEZZER NRO 34 NIGUS,0.0,10,ADMINISTRACION,3000408,0.0,0.0
3000408,SONDA PEZZER NRO 34 NIGUS,0.0,10,CARRO DE PARO,3000408,0.0,0.0
3000409,SONDA TRANSPILORICA FR 14 100% SILIC.,0.0,10,FARMACIA INTERNA(1),3000409,0.0,0.0
3000409,SONDA TRANSPILORICA FR 14 100% SILIC.,0.0,10,URGENCIAS(2),3000409,0.0,0.0
3000409,SONDA TRANSPILORICA FR 14 100% SILIC.,0.0,10,INTERNADO(3),3000409,0.0,0.0
3000409,SONDA TRANSPILORICA FR 14 100% SILIC.,0.0,10,QUIROFANO(4),3000409,0.0,0.0
3000409,SONDA TRANSPILORICA FR 14 100% SILIC.,0.0,10,ADMINISTRACION,3000409,0.0,0.0
3000409,SONDA TRANSPILORICA FR 14 100% SILIC.,0.0,10,CARRO DE PARO,3000409,0.0,0.0
3000410,SONDA TRANSPILORICA FR 8 100% SILIC.,0.0,10,FARMACIA INTERNA(1),3000410,0.0,0.0
3000410,SONDA TRANSPILORICA FR 8 100% SILIC.,0.0,10,URGENCIAS(2),3000410,0.0,0.0
3000410,SONDA TRANSPILORICA FR 8 100% SILIC.,0.0,10,INTERNADO(3),3000410,0.0,0.0
3000410,SONDA TRANSPILORICA FR 8 100% SILIC.,0.0,10,QUIROFANO(4),3000410,0.0,0.0
3000410,SONDA TRANSPILORICA FR 8 100% SILIC.,0.0,10,ADMINISTRACION,3000410,0.0,0.0
3000410,SONDA TRANSPILORICA FR 8 100% SILIC.,0.0,10,CARRO DE PARO,3000410,0.0,0.0
3000411,SOPORTE P/ COLOSTOMIA 60/ 15-55 MM B BRAUN,0.0,10,FARMACIA INTERNA(1),3000411,0.0,0.0
3000411,SOPORTE P/ COLOSTOMIA 60/ 15-55 MM B BRAUN,0.0,10,URGENCIAS(2),3000411,0.0,0.0
3000411,SOPORTE P/ COLOSTOMIA 60/ 15-55 MM B BRAUN,0.0,10,INTERNADO(3),3000411,0.0,0.0
3000411,SOPORTE P/ COLOSTOMIA 60/ 15-55 MM B BRAUN,0.0,10,QUIROFANO(4),3000411,0.0,0.0
3000411,SOPORTE P/ COLOSTOMIA 60/ 15-55 MM B BRAUN,0.0,10,ADMINISTRACION,3000411,0.0,0.0
3000411,SOPORTE P/ COLOSTOMIA 60/ 15-55 MM B BRAUN,0.0,10,CARRO DE PARO,3000411,0.0,0.0
3000412,SPONGOSTAN STANDARD 7X5X1CM,183000.0,10,FARMACIA INTERNA(1),3000412,0.0,2.0
3000412,SPONGOSTAN STANDARD 7X5X1CM,183000.0,10,URGENCIAS(2),3000412,0.0,0.0
3000412,SPONGOSTAN STANDARD 7X5X1CM,183000.0,10,INTERNADO(3),3000412,0.0,0.0
3000412,SPONGOSTAN STANDARD 7X5X1CM,183000.0,10,QUIROFANO(4),3000412,0.0,0.0
3000412,SPONGOSTAN STANDARD 7X5X1CM,183000.0,10,ADMINISTRACION,3000412,0.0,0.0
3000412,SPONGOSTAN STANDARD 7X5X1CM,183000.0,10,CARRO DE PARO,3000412,0.0,0.0
3000413,"VYGON 2 LUMEN MULTICATH 1,05MM-3FR (CATETER VIA CENTRAL)",0.0,10,FARMACIA INTERNA(1),3000413,0.0,0.0
3000413,"VYGON 2 LUMEN MULTICATH 1,05MM-3FR (CATETER VIA CENTRAL)",0.0,10,URGENCIAS(2),3000413,0.0,0.0
3000413,"VYGON 2 LUMEN MULTICATH 1,05MM-3FR (CATETER VIA CENTRAL)",0.0,10,INTERNADO(3),3000413,0.0,0.0
3000413,"VYGON 2 LUMEN MULTICATH 1,05MM-3FR (CATETER VIA CENTRAL)",0.0,10,QUIROFANO(4),3000413,0.0,0.0
3000413,"VYGON 2 LUMEN MULTICATH 1,05MM-3FR (CATETER VIA CENTRAL)",0.0,10,ADMINISTRACION,3000413,0.0,0.0
3000413,"VYGON 2 LUMEN MULTICATH 1,05MM-3FR (CATETER VIA CENTRAL)",0.0,10,CARRO DE PARO,3000413,0.0,0.0
3000414,"VYGON 2 LUMEN MULTICATH 1,5MM-4,5FR (CATETER VIA CENTRAL)",0.0,10,FARMACIA INTERNA(1),3000414,0.0,0.0
3000414,"VYGON 2 LUMEN MULTICATH 1,5MM-4,5FR (CATETER VIA CENTRAL)",0.0,10,URGENCIAS(2),3000414,0.0,0.0
3000414,"VYGON 2 LUMEN MULTICATH 1,5MM-4,5FR (CATETER VIA CENTRAL)",0.0,10,INTERNADO(3),3000414,0.0,0.0
3000414,"VYGON 2 LUMEN MULTICATH 1,5MM-4,5FR (CATETER VIA CENTRAL)",0.0,10,QUIROFANO(4),3000414,0.0,0.0
3000414,"VYGON 2 LUMEN MULTICATH 1,5MM-4,5FR (CATETER VIA CENTRAL)",0.0,10,ADMINISTRACION,3000414,0.0,0.0
3000414,"VYGON 2 LUMEN MULTICATH 1,5MM-4,5FR (CATETER VIA CENTRAL)",0.0,10,CARRO DE PARO,3000414,0.0,0.0
3000415,"VYGON 2 LUMEN MULTICATH 2,5MM-7,5FR (CATETER VIA CENTRAL)",0.0,10,FARMACIA INTERNA(1),3000415,0.0,0.0
3000415,"VYGON 2 LUMEN MULTICATH 2,5MM-7,5FR (CATETER VIA CENTRAL)",0.0,10,URGENCIAS(2),3000415,0.0,0.0
3000415,"VYGON 2 LUMEN MULTICATH 2,5MM-7,5FR (CATETER VIA CENTRAL)",0.0,10,INTERNADO(3),3000415,0.0,0.0
3000415,"VYGON 2 LUMEN MULTICATH 2,5MM-7,5FR (CATETER VIA CENTRAL)",0.0,10,QUIROFANO(4),3000415,0.0,0.0
3000415,"VYGON 2 LUMEN MULTICATH 2,5MM-7,5FR (CATETER VIA CENTRAL)",0.0,10,ADMINISTRACION,3000415,0.0,0.0
3000415,"VYGON 2 LUMEN MULTICATH 2,5MM-7,5FR (CATETER VIA CENTRAL)",0.0,10,CARRO DE PARO,3000415,0.0,0.0
3000416,"VYGON 3 LUMEN MULTICATH 1,5MM-4,5FR (CATETER VIA CENTRAL)",0.0,10,FARMACIA INTERNA(1),3000416,0.0,0.0
3000416,"VYGON 3 LUMEN MULTICATH 1,5MM-4,5FR (CATETER VIA CENTRAL)",0.0,10,URGENCIAS(2),3000416,0.0,0.0
3000416,"VYGON 3 LUMEN MULTICATH 1,5MM-4,5FR (CATETER VIA CENTRAL)",0.0,10,INTERNADO(3),3000416,0.0,0.0
3000416,"VYGON 3 LUMEN MULTICATH 1,5MM-4,5FR (CATETER VIA CENTRAL)",0.0,10,QUIROFANO(4),3000416,0.0,0.0
3000416,"VYGON 3 LUMEN MULTICATH 1,5MM-4,5FR (CATETER VIA CENTRAL)",0.0,10,ADMINISTRACION,3000416,0.0,0.0
3000416,"VYGON 3 LUMEN MULTICATH 1,5MM-4,5FR (CATETER VIA CENTRAL)",0.0,10,CARRO DE PARO,3000416,0.0,0.0
3000417,"VYGON 3 LUMEN MULTICATH 2,5MM-7,5FR (CATETER VIA CENTRAL)",0.0,10,FARMACIA INTERNA(1),3000417,0.0,0.0
3000417,"VYGON 3 LUMEN MULTICATH 2,5MM-7,5FR (CATETER VIA CENTRAL)",0.0,10,URGENCIAS(2),3000417,0.0,0.0
3000417,"VYGON 3 LUMEN MULTICATH 2,5MM-7,5FR (CATETER VIA CENTRAL)",0.0,10,INTERNADO(3),3000417,0.0,0.0
3000417,"VYGON 3 LUMEN MULTICATH 2,5MM-7,5FR (CATETER VIA CENTRAL)",0.0,10,QUIROFANO(4),3000417,0.0,0.0
3000417,"VYGON 3 LUMEN MULTICATH 2,5MM-7,5FR (CATETER VIA CENTRAL)",0.0,10,ADMINISTRACION,3000417,0.0,0.0
3000417,"VYGON 3 LUMEN MULTICATH 2,5MM-7,5FR (CATETER VIA CENTRAL)",0.0,10,CARRO DE PARO,3000417,0.0,0.0
3000418,WEL ENDOBAG BOLSA DE EXTRACCION 200ML,0.0,10,FARMACIA INTERNA(1),3000418,0.0,0.0
3000418,WEL ENDOBAG BOLSA DE EXTRACCION 200ML,0.0,10,URGENCIAS(2),3000418,0.0,0.0
3000418,WEL ENDOBAG BOLSA DE EXTRACCION 200ML,0.0,10,INTERNADO(3),3000418,0.0,0.0
3000418,WEL ENDOBAG BOLSA DE EXTRACCION 200ML,0.0,10,QUIROFANO(4),3000418,0.0,0.0
3000418,WEL ENDOBAG BOLSA DE EXTRACCION 200ML,0.0,10,ADMINISTRACION,3000418,0.0,0.0
3000418,WEL ENDOBAG BOLSA DE EXTRACCION 200ML,0.0,10,CARRO DE PARO,3000418,0.0,0.0
3000419,MASCARILLA DE OXIGENO TAM S (BELMED),10300.0,10,FARMACIA INTERNA(1),3000419,0.0,13.0
3000419,MASCARILLA DE OXIGENO TAM S (BELMED),10300.0,10,URGENCIAS(2),3000419,0.0,0.0
3000419,MASCARILLA DE OXIGENO TAM S (BELMED),10300.0,10,INTERNADO(3),3000419,0.0,0.0
3000419,MASCARILLA DE OXIGENO TAM S (BELMED),10300.0,10,QUIROFANO(4),3000419,0.0,0.0
3000419,MASCARILLA DE OXIGENO TAM S (BELMED),10300.0,10,ADMINISTRACION,3000419,0.0,0.0
3000419,MASCARILLA DE OXIGENO TAM S (BELMED),10300.0,10,CARRO DE PARO,3000419,0.0,0.0
3000420,MASCARILLA DE OXIGENO TAM L (BELMED),10300.0,10,FARMACIA INTERNA(1),3000420,0.0,13.0
3000420,MASCARILLA DE OXIGENO TAM L (BELMED),10300.0,10,URGENCIAS(2),3000420,0.0,0.0
3000420,MASCARILLA DE OXIGENO TAM L (BELMED),10300.0,10,INTERNADO(3),3000420,0.0,0.0
3000420,MASCARILLA DE OXIGENO TAM L (BELMED),10300.0,10,QUIROFANO(4),3000420,0.0,0.0
3000420,MASCARILLA DE OXIGENO TAM L (BELMED),10300.0,10,ADMINISTRACION,3000420,0.0,0.0
3000420,MASCARILLA DE OXIGENO TAM L (BELMED),10300.0,10,CARRO DE PARO,3000420,0.0,0.0
3000421,MASCARA MICRONEBULIZADOR INFANTIL (PROTEC),45000.0,10,FARMACIA INTERNA(1),3000421,0.0,0.0
3000421,MASCARA MICRONEBULIZADOR INFANTIL (PROTEC),45000.0,10,URGENCIAS(2),3000421,0.0,4.0
3000421,MASCARA MICRONEBULIZADOR INFANTIL (PROTEC),45000.0,10,INTERNADO(3),3000421,0.0,0.0
3000421,MASCARA MICRONEBULIZADOR INFANTIL (PROTEC),45000.0,10,QUIROFANO(4),3000421,0.0,0.0
3000421,MASCARA MICRONEBULIZADOR INFANTIL (PROTEC),45000.0,10,ADMINISTRACION,3000421,0.0,0.0
3000421,MASCARA MICRONEBULIZADOR INFANTIL (PROTEC),45000.0,10,CARRO DE PARO,3000421,0.0,0.0
3000422,MASCARA NEBULIZADORA ADULTO (OMRON),45000.0,10,FARMACIA INTERNA(1),3000422,0.0,0.0
3000422,MASCARA NEBULIZADORA ADULTO (OMRON),45000.0,10,URGENCIAS(2),3000422,0.0,0.0
3000422,MASCARA NEBULIZADORA ADULTO (OMRON),45000.0,10,INTERNADO(3),3000422,0.0,0.0
3000422,MASCARA NEBULIZADORA ADULTO (OMRON),45000.0,10,QUIROFANO(4),3000422,0.0,0.0
3000422,MASCARA NEBULIZADORA ADULTO (OMRON),45000.0,10,ADMINISTRACION,3000422,0.0,0.0
3000422,MASCARA NEBULIZADORA ADULTO (OMRON),45000.0,10,CARRO DE PARO,3000422,0.0,0.0
3000423,MASCARA MICRO NEBULIZADORA PEDIATRICO (POLYMED),13900.0,10,FARMACIA INTERNA(1),3000423,0.0,13.0
3000423,MASCARA MICRO NEBULIZADORA PEDIATRICO (POLYMED),13900.0,10,URGENCIAS(2),3000423,0.0,0.0
3000423,MASCARA MICRO NEBULIZADORA PEDIATRICO (POLYMED),13900.0,10,INTERNADO(3),3000423,0.0,0.0
3000423,MASCARA MICRO NEBULIZADORA PEDIATRICO (POLYMED),13900.0,10,QUIROFANO(4),3000423,0.0,0.0
3000423,MASCARA MICRO NEBULIZADORA PEDIATRICO (POLYMED),13900.0,10,ADMINISTRACION,3000423,0.0,0.0
3000423,MASCARA MICRO NEBULIZADORA PEDIATRICO (POLYMED),13900.0,10,CARRO DE PARO,3000423,0.0,0.0
3000424,CATETER DE SUCCION NRO 6 (STERILLE),3000.0,10,FARMACIA INTERNA(1),3000424,0.0,5.0
3000424,CATETER DE SUCCION NRO 6 (STERILLE),3000.0,10,URGENCIAS(2),3000424,0.0,0.0
3000424,CATETER DE SUCCION NRO 6 (STERILLE),3000.0,10,INTERNADO(3),3000424,0.0,0.0
3000424,CATETER DE SUCCION NRO 6 (STERILLE),3000.0,10,QUIROFANO(4),3000424,0.0,0.0
3000424,CATETER DE SUCCION NRO 6 (STERILLE),3000.0,10,ADMINISTRACION,3000424,0.0,0.0
3000424,CATETER DE SUCCION NRO 6 (STERILLE),3000.0,10,CARRO DE PARO,3000424,0.0,2.0
3000425,CATETER DE SUCCION NRO 8 (STERILLE),3000.0,10,FARMACIA INTERNA(1),3000425,0.0,4.0
3000425,CATETER DE SUCCION NRO 8 (STERILLE),3000.0,10,URGENCIAS(2),3000425,0.0,0.0
3000425,CATETER DE SUCCION NRO 8 (STERILLE),3000.0,10,INTERNADO(3),3000425,0.0,0.0
3000425,CATETER DE SUCCION NRO 8 (STERILLE),3000.0,10,QUIROFANO(4),3000425,0.0,0.0
3000425,CATETER DE SUCCION NRO 8 (STERILLE),3000.0,10,ADMINISTRACION,3000425,0.0,0.0
3000425,CATETER DE SUCCION NRO 8 (STERILLE),3000.0,10,CARRO DE PARO,3000425,0.0,2.0
3000426,CATETER DE SUCCION NRO 10 (BELMED),3000.0,10,FARMACIA INTERNA(1),3000426,0.0,4.0
3000426,CATETER DE SUCCION NRO 10 (BELMED),3000.0,10,URGENCIAS(2),3000426,0.0,0.0
3000426,CATETER DE SUCCION NRO 10 (BELMED),3000.0,10,INTERNADO(3),3000426,0.0,0.0
3000426,CATETER DE SUCCION NRO 10 (BELMED),3000.0,10,QUIROFANO(4),3000426,0.0,0.0
3000426,CATETER DE SUCCION NRO 10 (BELMED),3000.0,10,ADMINISTRACION,3000426,0.0,0.0
3000426,CATETER DE SUCCION NRO 10 (BELMED),3000.0,10,CARRO DE PARO,3000426,0.0,2.0
3000427,CATETER DE SUCCION NRO 12 (BELMED),3000.0,10,FARMACIA INTERNA(1),3000427,0.0,4.0
3000427,CATETER DE SUCCION NRO 12 (BELMED),3000.0,10,URGENCIAS(2),3000427,0.0,0.0
3000427,CATETER DE SUCCION NRO 12 (BELMED),3000.0,10,INTERNADO(3),3000427,0.0,0.0
3000427,CATETER DE SUCCION NRO 12 (BELMED),3000.0,10,QUIROFANO(4),3000427,0.0,0.0
3000427,CATETER DE SUCCION NRO 12 (BELMED),3000.0,10,ADMINISTRACION,3000427,0.0,0.0
3000427,CATETER DE SUCCION NRO 12 (BELMED),3000.0,10,CARRO DE PARO,3000427,0.0,2.0
3000428,CATETER DE SUCCION NRO 14 (BELMED),3000.0,10,FARMACIA INTERNA(1),3000428,0.0,4.0
3000428,CATETER DE SUCCION NRO 14 (BELMED),3000.0,10,URGENCIAS(2),3000428,0.0,0.0
3000428,CATETER DE SUCCION NRO 14 (BELMED),3000.0,10,INTERNADO(3),3000428,0.0,0.0
3000428,CATETER DE SUCCION NRO 14 (BELMED),3000.0,10,QUIROFANO(4),3000428,0.0,0.0
3000428,CATETER DE SUCCION NRO 14 (BELMED),3000.0,10,ADMINISTRACION,3000428,0.0,0.0
3000428,CATETER DE SUCCION NRO 14 (BELMED),3000.0,10,CARRO DE PARO,3000428,0.0,2.0
3000429,CATETER DE SUCCION NRO 16 (BELMED),3000.0,10,FARMACIA INTERNA(1),3000429,0.0,4.0
3000429,CATETER DE SUCCION NRO 16 (BELMED),3000.0,10,URGENCIAS(2),3000429,0.0,0.0
3000429,CATETER DE SUCCION NRO 16 (BELMED),3000.0,10,INTERNADO(3),3000429,0.0,0.0
3000429,CATETER DE SUCCION NRO 16 (BELMED),3000.0,10,QUIROFANO(4),3000429,0.0,0.0
3000429,CATETER DE SUCCION NRO 16 (BELMED),3000.0,10,ADMINISTRACION,3000429,0.0,0.0
3000429,CATETER DE SUCCION NRO 16 (BELMED),3000.0,10,CARRO DE PARO,3000429,0.0,2.0
3000430,MACACO DE PROT. CONTRA RIESGOS QUIM. TAM GG,0.0,10,FARMACIA INTERNA(1),3000430,0.0,3.0
3000430,MACACO DE PROT. CONTRA RIESGOS QUIM. TAM GG,0.0,10,URGENCIAS(2),3000430,0.0,0.0
3000430,MACACO DE PROT. CONTRA RIESGOS QUIM. TAM GG,0.0,10,INTERNADO(3),3000430,0.0,0.0
3000430,MACACO DE PROT. CONTRA RIESGOS QUIM. TAM GG,0.0,10,QUIROFANO(4),3000430,0.0,0.0
3000430,MACACO DE PROT. CONTRA RIESGOS QUIM. TAM GG,0.0,10,ADMINISTRACION,3000430,0.0,0.0
3000430,MACACO DE PROT. CONTRA RIESGOS QUIM. TAM GG,0.0,10,CARRO DE PARO,3000430,0.0,0.0
3000431,ELECTRODO DE COPA ECG,0.0,10,FARMACIA INTERNA(1),3000431,0.0,6.0
3000431,ELECTRODO DE COPA ECG,0.0,10,URGENCIAS(2),3000431,0.0,0.0
3000431,ELECTRODO DE COPA ECG,0.0,10,INTERNADO(3),3000431,0.0,0.0
3000431,ELECTRODO DE COPA ECG,0.0,10,QUIROFANO(4),3000431,0.0,0.0
3000431,ELECTRODO DE COPA ECG,0.0,10,ADMINISTRACION,3000431,0.0,0.0
3000431,ELECTRODO DE COPA ECG,0.0,10,CARRO DE PARO,3000431,0.0,0.0
3000432,JERINGA DESCARTABLE 10ML,1500.0,10,FARMACIA INTERNA(1),3000432,0.0,95.0
3000432,JERINGA DESCARTABLE 10ML,1500.0,10,URGENCIAS(2),3000432,0.0,15.0
3000432,JERINGA DESCARTABLE 10ML,1500.0,10,INTERNADO(3),3000432,0.0,0.0
3000432,JERINGA DESCARTABLE 10ML,1500.0,10,QUIROFANO(4),3000432,0.0,0.0
3000432,JERINGA DESCARTABLE 10ML,1500.0,10,ADMINISTRACION,3000432,0.0,0.0
3000432,JERINGA DESCARTABLE 10ML,1500.0,10,CARRO DE PARO,3000432,0.0,10.0
3000433,JERINGA DESCARTABLE 5ML,1500.0,10,FARMACIA INTERNA(1),3000433,0.0,65.0
3000433,JERINGA DESCARTABLE 5ML,1500.0,10,URGENCIAS(2),3000433,0.0,123.0
3000433,JERINGA DESCARTABLE 5ML,1500.0,10,INTERNADO(3),3000433,0.0,0.0
3000433,JERINGA DESCARTABLE 5ML,1500.0,10,QUIROFANO(4),3000433,0.0,0.0
3000433,JERINGA DESCARTABLE 5ML,1500.0,10,ADMINISTRACION,3000433,0.0,0.0
3000433,JERINGA DESCARTABLE 5ML,1500.0,10,CARRO DE PARO,3000433,0.0,10.0
3000434,JERINGA DESCARTABLE 50/60ML (PICO FINO),3800.0,10,FARMACIA INTERNA(1),3000434,0.0,42.0
3000434,JERINGA DESCARTABLE 50/60ML (PICO FINO),3800.0,10,URGENCIAS(2),3000434,0.0,4.0
3000434,JERINGA DESCARTABLE 50/60ML (PICO FINO),3800.0,10,INTERNADO(3),3000434,0.0,0.0
3000434,JERINGA DESCARTABLE 50/60ML (PICO FINO),3800.0,10,QUIROFANO(4),3000434,0.0,0.0
3000434,JERINGA DESCARTABLE 50/60ML (PICO FINO),3800.0,10,ADMINISTRACION,3000434,0.0,0.0
3000434,JERINGA DESCARTABLE 50/60ML (PICO FINO),3800.0,10,CARRO DE PARO,3000434,0.0,0.0
3000435,JERINGA DESCARTABLE 50/60ML (PICO GRUESO),3800.0,10,FARMACIA INTERNA(1),3000435,0.0,5.0
3000435,JERINGA DESCARTABLE 50/60ML (PICO GRUESO),3800.0,10,URGENCIAS(2),3000435,0.0,11.0
3000435,JERINGA DESCARTABLE 50/60ML (PICO GRUESO),3800.0,10,INTERNADO(3),3000435,0.0,0.0
3000435,JERINGA DESCARTABLE 50/60ML (PICO GRUESO),3800.0,10,QUIROFANO(4),3000435,0.0,0.0
3000435,JERINGA DESCARTABLE 50/60ML (PICO GRUESO),3800.0,10,ADMINISTRACION,3000435,0.0,0.0
3000435,JERINGA DESCARTABLE 50/60ML (PICO GRUESO),3800.0,10,CARRO DE PARO,3000435,0.0,3.0
3000436,JERINGA DESCARTABLE 1ML,1500.0,10,FARMACIA INTERNA(1),3000436,0.0,49.0
3000436,JERINGA DESCARTABLE 1ML,1500.0,10,URGENCIAS(2),3000436,0.0,108.0
3000436,JERINGA DESCARTABLE 1ML,1500.0,10,INTERNADO(3),3000436,0.0,0.0
3000436,JERINGA DESCARTABLE 1ML,1500.0,10,QUIROFANO(4),3000436,0.0,0.0
3000436,JERINGA DESCARTABLE 1ML,1500.0,10,ADMINISTRACION,3000436,0.0,0.0
3000436,JERINGA DESCARTABLE 1ML,1500.0,10,CARRO DE PARO,3000436,0.0,10.0
3000437,AEROCAMARA ADULTO (EASTMARK),65000.0,10,FARMACIA INTERNA(1),3000437,0.0,1.0
3000437,AEROCAMARA ADULTO (EASTMARK),65000.0,10,URGENCIAS(2),3000437,0.0,2.0
3000437,AEROCAMARA ADULTO (EASTMARK),65000.0,10,INTERNADO(3),3000437,0.0,0.0
3000437,AEROCAMARA ADULTO (EASTMARK),65000.0,10,QUIROFANO(4),3000437,0.0,0.0
3000437,AEROCAMARA ADULTO (EASTMARK),65000.0,10,ADMINISTRACION,3000437,0.0,0.0
3000437,AEROCAMARA ADULTO (EASTMARK),65000.0,10,CARRO DE PARO,3000437,0.0,0.0
3000438,HILO DE SUTURA NYLON 3/0 NEGRO 45CM (SHALON),18000.0,10,FARMACIA INTERNA(1),3000438,0.0,8.0
3000438,HILO DE SUTURA NYLON 3/0 NEGRO 45CM (SHALON),18000.0,10,URGENCIAS(2),3000438,0.0,0.0
3000438,HILO DE SUTURA NYLON 3/0 NEGRO 45CM (SHALON),18000.0,10,INTERNADO(3),3000438,0.0,0.0
3000438,HILO DE SUTURA NYLON 3/0 NEGRO 45CM (SHALON),18000.0,10,QUIROFANO(4),3000438,0.0,0.0
3000438,HILO DE SUTURA NYLON 3/0 NEGRO 45CM (SHALON),18000.0,10,ADMINISTRACION,3000438,0.0,0.0
3000438,HILO DE SUTURA NYLON 3/0 NEGRO 45CM (SHALON),18000.0,10,CARRO DE PARO,3000438,0.0,0.0
3000439,HILO DE SUTURA NYLON 3/0 AZUL 75CM (DAFILON),0.0,10,FARMACIA INTERNA(1),3000439,0.0,0.0
3000439,HILO DE SUTURA NYLON 3/0 AZUL 75CM (DAFILON),0.0,10,URGENCIAS(2),3000439,0.0,0.0
3000439,HILO DE SUTURA NYLON 3/0 AZUL 75CM (DAFILON),0.0,10,INTERNADO(3),3000439,0.0,0.0
3000439,HILO DE SUTURA NYLON 3/0 AZUL 75CM (DAFILON),0.0,10,QUIROFANO(4),3000439,0.0,0.0
3000439,HILO DE SUTURA NYLON 3/0 AZUL 75CM (DAFILON),0.0,10,ADMINISTRACION,3000439,0.0,0.0
3000439,HILO DE SUTURA NYLON 3/0 AZUL 75CM (DAFILON),0.0,10,CARRO DE PARO,3000439,0.0,0.0
3000440,LACENTAS ESTERILES,0.0,10,FARMACIA INTERNA(1),3000440,0.0,0.0
3000440,LACENTAS ESTERILES,0.0,10,URGENCIAS(2),3000440,0.0,0.0
3000440,LACENTAS ESTERILES,0.0,10,INTERNADO(3),3000440,0.0,0.0
3000440,LACENTAS ESTERILES,0.0,10,QUIROFANO(4),3000440,0.0,0.0
3000440,LACENTAS ESTERILES,0.0,10,ADMINISTRACION,3000440,0.0,0.0
3000440,LACENTAS ESTERILES,0.0,10,CARRO DE PARO,3000440,0.0,0.0
3000441,CURITAS/BAND REDONDAS CAJA X 100,28000.0,10,FARMACIA INTERNA(1),3000441,0.0,2.0
3000441,CURITAS/BAND REDONDAS CAJA X 100,28000.0,10,URGENCIAS(2),3000441,0.0,2.0
3000441,CURITAS/BAND REDONDAS CAJA X 100,28000.0,10,INTERNADO(3),3000441,0.0,0.0
3000441,CURITAS/BAND REDONDAS CAJA X 100,28000.0,10,QUIROFANO(4),3000441,0.0,0.0
3000441,CURITAS/BAND REDONDAS CAJA X 100,28000.0,10,ADMINISTRACION,3000441,0.0,0.0
3000441,CURITAS/BAND REDONDAS CAJA X 100,28000.0,10,CARRO DE PARO,3000441,0.0,0.0
3000442,"LEUKOPLAST 2,5CM X 4,6M",54000.0,10,FARMACIA INTERNA(1),3000442,0.0,6.0
3000442,"LEUKOPLAST 2,5CM X 4,6M",54000.0,10,URGENCIAS(2),3000442,0.0,0.0
3000442,"LEUKOPLAST 2,5CM X 4,6M",54000.0,10,INTERNADO(3),3000442,0.0,0.0
3000442,"LEUKOPLAST 2,5CM X 4,6M",54000.0,10,QUIROFANO(4),3000442,0.0,0.0
3000442,"LEUKOPLAST 2,5CM X 4,6M",54000.0,10,ADMINISTRACION,3000442,0.0,0.0
3000442,"LEUKOPLAST 2,5CM X 4,6M",54000.0,10,CARRO DE PARO,3000442,0.0,1.0
3000443,LEUKOPLAST 5CM X 5M,65000.0,10,FARMACIA INTERNA(1),3000443,0.0,8.0
3000443,LEUKOPLAST 5CM X 5M,65000.0,10,URGENCIAS(2),3000443,0.0,0.0
3000443,LEUKOPLAST 5CM X 5M,65000.0,10,INTERNADO(3),3000443,0.0,0.0
3000443,LEUKOPLAST 5CM X 5M,65000.0,10,QUIROFANO(4),3000443,0.0,0.0
3000443,LEUKOPLAST 5CM X 5M,65000.0,10,ADMINISTRACION,3000443,0.0,0.0
3000443,LEUKOPLAST 5CM X 5M,65000.0,10,CARRO DE PARO,3000443,0.0,1.0
3000444,VEND,0.0,10,FARMACIA INTERNA(1),3000444,0.0,0.0
3000444,VEND,0.0,10,URGENCIAS(2),3000444,0.0,0.0
3000444,VEND,0.0,10,INTERNADO(3),3000444,0.0,0.0
3000444,VEND,0.0,10,QUIROFANO(4),3000444,0.0,0.0
3000444,VEND,0.0,10,ADMINISTRACION,3000444,0.0,0.0
3000444,VEND,0.0,10,CARRO DE PARO,3000444,0.0,0.0
3000445,VENDA YESADA 15CM X 3M (CREMER),0.0,10,FARMACIA INTERNA(1),3000445,0.0,0.0
3000445,VENDA YESADA 15CM X 3M (CREMER),0.0,10,URGENCIAS(2),3000445,0.0,0.0
3000445,VENDA YESADA 15CM X 3M (CREMER),0.0,10,INTERNADO(3),3000445,0.0,0.0
3000445,VENDA YESADA 15CM X 3M (CREMER),0.0,10,QUIROFANO(4),3000445,0.0,0.0
3000445,VENDA YESADA 15CM X 3M (CREMER),0.0,10,ADMINISTRACION,3000445,0.0,0.0
3000445,VENDA YESADA 15CM X 3M (CREMER),0.0,10,CARRO DE PARO,3000445,0.0,0.0
3000446,VENDA YESADA 20CM X 4M (CREMER),0.0,10,FARMACIA INTERNA(1),3000446,0.0,0.0
3000446,VENDA YESADA 20CM X 4M (CREMER),0.0,10,URGENCIAS(2),3000446,0.0,0.0
3000446,VENDA YESADA 20CM X 4M (CREMER),0.0,10,INTERNADO(3),3000446,0.0,0.0
3000446,VENDA YESADA 20CM X 4M (CREMER),0.0,10,QUIROFANO(4),3000446,0.0,0.0
3000446,VENDA YESADA 20CM X 4M (CREMER),0.0,10,ADMINISTRACION,3000446,0.0,0.0
3000446,VENDA YESADA 20CM X 4M (CREMER),0.0,10,CARRO DE PARO,3000446,0.0,0.0
3000447,EQUIPO MICROGOTERO 60GOTAS 1ML (BELMED),12000.0,10,FARMACIA INTERNA(1),3000447,0.0,12.0
3000447,EQUIPO MICROGOTERO 60GOTAS 1ML (BELMED),12000.0,10,URGENCIAS(2),3000447,0.0,15.0
3000447,EQUIPO MICROGOTERO 60GOTAS 1ML (BELMED),12000.0,10,INTERNADO(3),3000447,0.0,0.0
3000447,EQUIPO MICROGOTERO 60GOTAS 1ML (BELMED),12000.0,10,QUIROFANO(4),3000447,0.0,0.0
3000447,EQUIPO MICROGOTERO 60GOTAS 1ML (BELMED),12000.0,10,ADMINISTRACION,3000447,0.0,0.0
3000447,EQUIPO MICROGOTERO 60GOTAS 1ML (BELMED),12000.0,10,CARRO DE PARO,3000447,0.0,5.0
3000448,"GORRO DESCARTABLE 21"" PAQ X 100",16300.0,10,FARMACIA INTERNA(1),3000448,0.0,1.0
3000448,"GORRO DESCARTABLE 21"" PAQ X 100",16300.0,10,URGENCIAS(2),3000448,0.0,75.0
3000448,"GORRO DESCARTABLE 21"" PAQ X 100",16300.0,10,INTERNADO(3),3000448,0.0,0.0
3000448,"GORRO DESCARTABLE 21"" PAQ X 100",16300.0,10,QUIROFANO(4),3000448,0.0,0.0
3000448,"GORRO DESCARTABLE 21"" PAQ X 100",16300.0,10,ADMINISTRACION,3000448,0.0,0.0
3000448,"GORRO DESCARTABLE 21"" PAQ X 100",16300.0,10,CARRO DE PARO,3000448,0.0,0.0
3000449,TAPA BOCAS BLANCO X UNIDAD,1000.0,10,INTERNADO(3),3000449,0.0,0.0
3000449,TAPA BOCAS BLANCO X UNIDAD,1000.0,10,QUIROFANO(4),3000449,0.0,0.0
3000449,TAPA BOCAS BLANCO X UNIDAD,1000.0,10,ADMINISTRACION,3000449,0.0,0.0
3000449,TAPA BOCAS BLANCO X UNIDAD,1000.0,10,CARRO DE PARO,3000449,0.0,0.0
3000450,KIT PAPA TAM P,17000.0,10,FARMACIA INTERNA(1),3000450,0.0,9.0
3000450,KIT PAPA TAM P,17000.0,10,URGENCIAS(2),3000450,0.0,0.0
3000450,KIT PAPA TAM P,17000.0,10,INTERNADO(3),3000450,0.0,0.0
3000450,KIT PAPA TAM P,17000.0,10,QUIROFANO(4),3000450,0.0,0.0
3000450,KIT PAPA TAM P,17000.0,10,ADMINISTRACION,3000450,0.0,0.0
3000450,KIT PAPA TAM P,17000.0,10,CARRO DE PARO,3000450,0.0,0.0
3000451,KIT PAPA TAM M,17000.0,10,FARMACIA INTERNA(1),3000451,0.0,3.0
3000451,KIT PAPA TAM M,17000.0,10,URGENCIAS(2),3000451,0.0,0.0
3000451,KIT PAPA TAM M,17000.0,10,INTERNADO(3),3000451,0.0,0.0
3000451,KIT PAPA TAM M,17000.0,10,QUIROFANO(4),3000451,0.0,0.0
3000451,KIT PAPA TAM M,17000.0,10,ADMINISTRACION,3000451,0.0,0.0
3000451,KIT PAPA TAM M,17000.0,10,CARRO DE PARO,3000451,0.0,0.0
3000452,KIT PAPA TAM G,17000.0,10,FARMACIA INTERNA(1),3000452,0.0,1.0
3000452,KIT PAPA TAM G,17000.0,10,URGENCIAS(2),3000452,0.0,0.0
3000452,KIT PAPA TAM G,17000.0,10,INTERNADO(3),3000452,0.0,0.0
3000452,KIT PAPA TAM G,17000.0,10,QUIROFANO(4),3000452,0.0,0.0
3000452,KIT PAPA TAM G,17000.0,10,ADMINISTRACION,3000452,0.0,0.0
3000452,KIT PAPA TAM G,17000.0,10,CARRO DE PARO,3000452,0.0,0.0
3000453,CANULA NASAL OXIGENO NIÑO (GNEX),8500.0,10,FARMACIA INTERNA(1),3000453,0.0,0.0
3000453,CANULA NASAL OXIGENO NIÑO (GNEX),8500.0,10,URGENCIAS(2),3000453,0.0,1.0
3000453,CANULA NASAL OXIGENO NIÑO (GNEX),8500.0,10,INTERNADO(3),3000453,0.0,0.0
3000453,CANULA NASAL OXIGENO NIÑO (GNEX),8500.0,10,QUIROFANO(4),3000453,0.0,0.0
3000453,CANULA NASAL OXIGENO NIÑO (GNEX),8500.0,10,ADMINISTRACION,3000453,0.0,0.0
3000453,CANULA NASAL OXIGENO NIÑO (GNEX),8500.0,10,CARRO DE PARO,3000453,0.0,2.0
3000454,CANULA NASAL PEDIATRICO (BELMED),8500.0,10,FARMACIA INTERNA(1),3000454,0.0,0.0
3000454,CANULA NASAL PEDIATRICO (BELMED),8500.0,10,URGENCIAS(2),3000454,0.0,0.0
3000454,CANULA NASAL PEDIATRICO (BELMED),8500.0,10,INTERNADO(3),3000454,0.0,0.0
3000454,CANULA NASAL PEDIATRICO (BELMED),8500.0,10,QUIROFANO(4),3000454,0.0,0.0
3000454,CANULA NASAL PEDIATRICO (BELMED),8500.0,10,ADMINISTRACION,3000454,0.0,0.0
3000454,CANULA NASAL PEDIATRICO (BELMED),8500.0,10,CARRO DE PARO,3000454,0.0,0.0
3000455,MASCARA DE NEBULIZACION PEDIATRICO (IMH),0.0,10,FARMACIA INTERNA(1),3000455,0.0,3.0
3000455,MASCARA DE NEBULIZACION PEDIATRICO (IMH),0.0,10,URGENCIAS(2),3000455,0.0,0.0
3000455,MASCARA DE NEBULIZACION PEDIATRICO (IMH),0.0,10,INTERNADO(3),3000455,0.0,0.0
3000455,MASCARA DE NEBULIZACION PEDIATRICO (IMH),0.0,10,QUIROFANO(4),3000455,0.0,0.0
3000455,MASCARA DE NEBULIZACION PEDIATRICO (IMH),0.0,10,ADMINISTRACION,3000455,0.0,0.0
3000455,MASCARA DE NEBULIZACION PEDIATRICO (IMH),0.0,10,CARRO DE PARO,3000455,0.0,0.0
3000456,TUBO YANKAUER K-66,25800.0,10,FARMACIA INTERNA(1),3000456,0.0,19.0
3000456,TUBO YANKAUER K-66,25800.0,10,URGENCIAS(2),3000456,0.0,1.0
3000456,TUBO YANKAUER K-66,25800.0,10,INTERNADO(3),3000456,0.0,0.0
3000456,TUBO YANKAUER K-66,25800.0,10,QUIROFANO(4),3000456,0.0,0.0
3000456,TUBO YANKAUER K-66,25800.0,10,ADMINISTRACION,3000456,0.0,0.0
3000456,TUBO YANKAUER K-66,25800.0,10,CARRO DE PARO,3000456,0.0,1.0
3000457,EQUIPO VOLUTROL MICRO 150ML,20000.0,10,FARMACIA INTERNA(1),3000457,0.0,9.0
3000457,EQUIPO VOLUTROL MICRO 150ML,20000.0,10,URGENCIAS(2),3000457,0.0,7.0
3000457,EQUIPO VOLUTROL MICRO 150ML,20000.0,10,INTERNADO(3),3000457,0.0,0.0
3000457,EQUIPO VOLUTROL MICRO 150ML,20000.0,10,QUIROFANO(4),3000457,0.0,0.0
3000457,EQUIPO VOLUTROL MICRO 150ML,20000.0,10,ADMINISTRACION,3000457,0.0,0.0
3000457,EQUIPO VOLUTROL MICRO 150ML,20000.0,10,CARRO DE PARO,3000457,0.0,0.0
3000458,EQUIPO VOLUTROL MACRO 150ML,20000.0,10,FARMACIA INTERNA(1),3000458,0.0,0.0
3000458,EQUIPO VOLUTROL MACRO 150ML,20000.0,10,URGENCIAS(2),3000458,0.0,0.0
3000458,EQUIPO VOLUTROL MACRO 150ML,20000.0,10,INTERNADO(3),3000458,0.0,0.0
3000458,EQUIPO VOLUTROL MACRO 150ML,20000.0,10,QUIROFANO(4),3000458,0.0,0.0
3000458,EQUIPO VOLUTROL MACRO 150ML,20000.0,10,ADMINISTRACION,3000458,0.0,0.0
3000458,EQUIPO VOLUTROL MACRO 150ML,20000.0,10,CARRO DE PARO,3000458,0.0,0.0
3000459,RECOLECTOR DE MUESTRA DE ORINA,0.0,10,FARMACIA INTERNA(1),3000459,0.0,0.0
3000459,RECOLECTOR DE MUESTRA DE ORINA,0.0,10,URGENCIAS(2),3000459,0.0,8.0
3000459,RECOLECTOR DE MUESTRA DE ORINA,0.0,10,INTERNADO(3),3000459,0.0,0.0
3000459,RECOLECTOR DE MUESTRA DE ORINA,0.0,10,QUIROFANO(4),3000459,0.0,0.0
3000459,RECOLECTOR DE MUESTRA DE ORINA,0.0,10,ADMINISTRACION,3000459,0.0,0.0
3000459,RECOLECTOR DE MUESTRA DE ORINA,0.0,10,CARRO DE PARO,3000459,0.0,0.0
3000460,EQUIPO MACRO (POLIFUSION),0.0,10,FARMACIA INTERNA(1),3000460,0.0,0.0
3000460,EQUIPO MACRO (POLIFUSION),0.0,10,URGENCIAS(2),3000460,0.0,0.0
3000460,EQUIPO MACRO (POLIFUSION),0.0,10,INTERNADO(3),3000460,0.0,0.0
3000460,EQUIPO MACRO (POLIFUSION),0.0,10,QUIROFANO(4),3000460,0.0,0.0
3000460,EQUIPO MACRO (POLIFUSION),0.0,10,ADMINISTRACION,3000460,0.0,0.0
3000460,EQUIPO MACRO (POLIFUSION),0.0,10,CARRO DE PARO,3000460,0.0,0.0
3000461,EQUIPO MACROGOTERO 20GOTAS,12000.0,10,FARMACIA INTERNA(1),3000461,0.0,0.0
3000461,EQUIPO MACROGOTERO 20GOTAS,12000.0,10,URGENCIAS(2),3000461,0.0,11.0
3000461,EQUIPO MACROGOTERO 20GOTAS,12000.0,10,INTERNADO(3),3000461,0.0,0.0
3000461,EQUIPO MACROGOTERO 20GOTAS,12000.0,10,QUIROFANO(4),3000461,0.0,0.0
3000461,EQUIPO MACROGOTERO 20GOTAS,12000.0,10,ADMINISTRACION,3000461,0.0,0.0
3000461,EQUIPO MACROGOTERO 20GOTAS,12000.0,10,CARRO DE PARO,3000461,0.0,5.0
3000462,TAPA PARA VIA AMARILLO (WEGO),1500.0,10,FARMACIA INTERNA(1),3000462,0.0,1.0
3000462,TAPA PARA VIA AMARILLO (WEGO),1500.0,10,URGENCIAS(2),3000462,0.0,0.0
3000462,TAPA PARA VIA AMARILLO (WEGO),1500.0,10,INTERNADO(3),3000462,0.0,0.0
3000462,TAPA PARA VIA AMARILLO (WEGO),1500.0,10,QUIROFANO(4),3000462,0.0,0.0
3000462,TAPA PARA VIA AMARILLO (WEGO),1500.0,10,ADMINISTRACION,3000462,0.0,0.0
3000462,TAPA PARA VIA AMARILLO (WEGO),1500.0,10,CARRO DE PARO,3000462,0.0,0.0
3000463,CATGUT CROMADO 0 75CM GINECOLOGICO (SHALON),24600.0,10,FARMACIA INTERNA(1),3000463,0.0,28.0
3000463,CATGUT CROMADO 0 75CM GINECOLOGICO (SHALON),24600.0,10,URGENCIAS(2),3000463,0.0,0.0
3000463,CATGUT CROMADO 0 75CM GINECOLOGICO (SHALON),24600.0,10,INTERNADO(3),3000463,0.0,0.0
3000463,CATGUT CROMADO 0 75CM GINECOLOGICO (SHALON),24600.0,10,QUIROFANO(4),3000463,0.0,0.0
3000463,CATGUT CROMADO 0 75CM GINECOLOGICO (SHALON),24600.0,10,ADMINISTRACION,3000463,0.0,0.0
3000463,CATGUT CROMADO 0 75CM GINECOLOGICO (SHALON),24600.0,10,CARRO DE PARO,3000463,0.0,0.0
3000464,ALGODON COTTON 0 S/ AGUJA 10X75CM (COVIDIEN),40000.0,10,FARMACIA INTERNA(1),3000464,0.0,61.0
3000464,ALGODON COTTON 0 S/ AGUJA 10X75CM (COVIDIEN),40000.0,10,URGENCIAS(2),3000464,0.0,5.0
3000464,ALGODON COTTON 0 S/ AGUJA 10X75CM (COVIDIEN),40000.0,10,INTERNADO(3),3000464,0.0,0.0
3000464,ALGODON COTTON 0 S/ AGUJA 10X75CM (COVIDIEN),40000.0,10,QUIROFANO(4),3000464,0.0,0.0
3000464,ALGODON COTTON 0 S/ AGUJA 10X75CM (COVIDIEN),40000.0,10,ADMINISTRACION,3000464,0.0,0.0
3000464,ALGODON COTTON 0 S/ AGUJA 10X75CM (COVIDIEN),40000.0,10,CARRO DE PARO,3000464,0.0,0.0
3000465,,0.0,10,FARMACIA INTERNA(1),3000465,0.0,0.0
3000465,,0.0,10,URGENCIAS(2),3000465,0.0,0.0
3000465,,0.0,10,INTERNADO(3),3000465,0.0,0.0
3000465,,0.0,10,QUIROFANO(4),3000465,0.0,0.0
3000465,,0.0,10,ADMINISTRACION,3000465,0.0,0.0
3000465,,0.0,10,CARRO DE PARO,3000465,0.0,0.0
3000466,CATGUT CROMADO 1 40 75CM GINECOLOGICO (SHALON),24600.0,10,FARMACIA INTERNA(1),3000466,0.0,12.0
3000466,CATGUT CROMADO 1 40 75CM GINECOLOGICO (SHALON),24600.0,10,URGENCIAS(2),3000466,0.0,5.0
3000466,CATGUT CROMADO 1 40 75CM GINECOLOGICO (SHALON),24600.0,10,INTERNADO(3),3000466,0.0,0.0
3000466,CATGUT CROMADO 1 40 75CM GINECOLOGICO (SHALON),24600.0,10,QUIROFANO(4),3000466,0.0,0.0
3000466,CATGUT CROMADO 1 40 75CM GINECOLOGICO (SHALON),24600.0,10,ADMINISTRACION,3000466,0.0,0.0
3000466,CATGUT CROMADO 1 40 75CM GINECOLOGICO (SHALON),24600.0,10,CARRO DE PARO,3000466,0.0,0.0
3000467,AGUJA P/ RAQUIDEA PUNTA LAPIZ ADULTO 90MM,77000.0,10,FARMACIA INTERNA(1),3000467,0.0,1.0
3000467,AGUJA P/ RAQUIDEA PUNTA LAPIZ ADULTO 90MM,77000.0,10,URGENCIAS(2),3000467,0.0,0.0
3000467,AGUJA P/ RAQUIDEA PUNTA LAPIZ ADULTO 90MM,77000.0,10,INTERNADO(3),3000467,0.0,0.0
3000467,AGUJA P/ RAQUIDEA PUNTA LAPIZ ADULTO 90MM,77000.0,10,QUIROFANO(4),3000467,0.0,0.0
3000467,AGUJA P/ RAQUIDEA PUNTA LAPIZ ADULTO 90MM,77000.0,10,ADMINISTRACION,3000467,0.0,0.0
3000467,AGUJA P/ RAQUIDEA PUNTA LAPIZ ADULTO 90MM,77000.0,10,CARRO DE PARO,3000467,0.0,0.0
3000468,DEMEGUT 1 (SUTURA CROMADA) 70CM,0.0,10,FARMACIA INTERNA(1),3000468,0.0,0.0
3000468,DEMEGUT 1 (SUTURA CROMADA) 70CM,0.0,10,URGENCIAS(2),3000468,0.0,0.0
3000468,DEMEGUT 1 (SUTURA CROMADA) 70CM,0.0,10,INTERNADO(3),3000468,0.0,0.0
3000468,DEMEGUT 1 (SUTURA CROMADA) 70CM,0.0,10,QUIROFANO(4),3000468,0.0,0.0
3000468,DEMEGUT 1 (SUTURA CROMADA) 70CM,0.0,10,ADMINISTRACION,3000468,0.0,0.0
3000468,DEMEGUT 1 (SUTURA CROMADA) 70CM,0.0,10,CARRO DE PARO,3000468,0.0,0.0
3000469,BOLSA PARA ANESTESIA DE LATEX 1LTS,169000.0,10,FARMACIA INTERNA(1),3000469,0.0,3.0
3000469,BOLSA PARA ANESTESIA DE LATEX 1LTS,169000.0,10,URGENCIAS(2),3000469,0.0,0.0
3000469,BOLSA PARA ANESTESIA DE LATEX 1LTS,169000.0,10,INTERNADO(3),3000469,0.0,0.0
3000469,BOLSA PARA ANESTESIA DE LATEX 1LTS,169000.0,10,QUIROFANO(4),3000469,0.0,0.0
3000469,BOLSA PARA ANESTESIA DE LATEX 1LTS,169000.0,10,ADMINISTRACION,3000469,0.0,0.0
3000469,BOLSA PARA ANESTESIA DE LATEX 1LTS,169000.0,10,CARRO DE PARO,3000469,0.0,0.0
3000470,ELECTRODO ADULTO,2000.0,10,FARMACIA INTERNA(1),3000470,0.0,52.0
3000470,ELECTRODO ADULTO,2000.0,10,URGENCIAS(2),3000470,0.0,0.0
3000470,ELECTRODO ADULTO,2000.0,10,INTERNADO(3),3000470,0.0,0.0
3000470,ELECTRODO ADULTO,2000.0,10,QUIROFANO(4),3000470,0.0,0.0
3000470,ELECTRODO ADULTO,2000.0,10,ADMINISTRACION,3000470,0.0,0.0
3000470,ELECTRODO ADULTO,2000.0,10,CARRO DE PARO,3000470,0.0,0.0
3000471,ELECTRODO PEDIATRICO,2000.0,10,FARMACIA INTERNA(1),3000471,0.0,47.0
3000471,ELECTRODO PEDIATRICO,2000.0,10,URGENCIAS(2),3000471,0.0,0.0
3000471,ELECTRODO PEDIATRICO,2000.0,10,INTERNADO(3),3000471,0.0,0.0
3000471,ELECTRODO PEDIATRICO,2000.0,10,QUIROFANO(4),3000471,0.0,0.0
3000471,ELECTRODO PEDIATRICO,2000.0,10,ADMINISTRACION,3000471,0.0,0.0
3000471,ELECTRODO PEDIATRICO,2000.0,10,CARRO DE PARO,3000471,0.0,0.0
3000472,DRENAJE JACSON PRATT 13FR (200CC),915000.0,10,FARMACIA INTERNA(1),3000472,0.0,1.0
3000472,DRENAJE JACSON PRATT 13FR (200CC),915000.0,10,URGENCIAS(2),3000472,0.0,0.0
3000472,DRENAJE JACSON PRATT 13FR (200CC),915000.0,10,INTERNADO(3),3000472,0.0,0.0
3000472,DRENAJE JACSON PRATT 13FR (200CC),915000.0,10,QUIROFANO(4),3000472,0.0,0.0
3000472,DRENAJE JACSON PRATT 13FR (200CC),915000.0,10,ADMINISTRACION,3000472,0.0,0.0
3000472,DRENAJE JACSON PRATT 13FR (200CC),915000.0,10,CARRO DE PARO,3000472,0.0,0.0
3000473,CANULA DE MAYO NRO 6,16200.0,10,FARMACIA INTERNA(1),3000473,0.0,5.0
3000473,CANULA DE MAYO NRO 6,16200.0,10,URGENCIAS(2),3000473,0.0,0.0
3000473,CANULA DE MAYO NRO 6,16200.0,10,INTERNADO(3),3000473,0.0,0.0
3000473,CANULA DE MAYO NRO 6,16200.0,10,QUIROFANO(4),3000473,0.0,0.0
3000473,CANULA DE MAYO NRO 6,16200.0,10,ADMINISTRACION,3000473,0.0,0.0
3000473,CANULA DE MAYO NRO 6,16200.0,10,CARRO DE PARO,3000473,0.0,0.0
3000474,PLACA PARA ELECTROCIRUGIA (ADULTO),54000.0,10,FARMACIA INTERNA(1),3000474,0.0,0.0
3000474,PLACA PARA ELECTROCIRUGIA (ADULTO),54000.0,10,URGENCIAS(2),3000474,0.0,0.0
3000474,PLACA PARA ELECTROCIRUGIA (ADULTO),54000.0,10,INTERNADO(3),3000474,0.0,0.0
3000474,PLACA PARA ELECTROCIRUGIA (ADULTO),54000.0,10,QUIROFANO(4),3000474,0.0,0.0
3000474,PLACA PARA ELECTROCIRUGIA (ADULTO),54000.0,10,ADMINISTRACION,3000474,0.0,0.0
3000474,PLACA PARA ELECTROCIRUGIA (ADULTO),54000.0,10,CARRO DE PARO,3000474,0.0,0.0
3000475,PLACA PARA ELECTROCIRUGIA (PEDIATRICO),54000.0,10,FARMACIA INTERNA(1),3000475,0.0,4.0
3000475,PLACA PARA ELECTROCIRUGIA (PEDIATRICO),54000.0,10,URGENCIAS(2),3000475,0.0,0.0
3000475,PLACA PARA ELECTROCIRUGIA (PEDIATRICO),54000.0,10,INTERNADO(3),3000475,0.0,0.0
3000475,PLACA PARA ELECTROCIRUGIA (PEDIATRICO),54000.0,10,QUIROFANO(4),3000475,0.0,0.0
3000475,PLACA PARA ELECTROCIRUGIA (PEDIATRICO),54000.0,10,ADMINISTRACION,3000475,0.0,0.0
3000475,PLACA PARA ELECTROCIRUGIA (PEDIATRICO),54000.0,10,CARRO DE PARO,3000475,0.0,0.0
3000476,BATA DESCARTABLE P/ PACIENTE M (PQ X 10),95000.0,10,FARMACIA INTERNA(1),3000476,0.0,0.0
3000476,BATA DESCARTABLE P/ PACIENTE M (PQ X 10),95000.0,10,URGENCIAS(2),3000476,0.0,0.0
3000476,BATA DESCARTABLE P/ PACIENTE M (PQ X 10),95000.0,10,INTERNADO(3),3000476,0.0,0.0
3000476,BATA DESCARTABLE P/ PACIENTE M (PQ X 10),95000.0,10,QUIROFANO(4),3000476,0.0,0.0
3000476,BATA DESCARTABLE P/ PACIENTE M (PQ X 10),95000.0,10,ADMINISTRACION,3000476,0.0,0.0
3000476,BATA DESCARTABLE P/ PACIENTE M (PQ X 10),95000.0,10,CARRO DE PARO,3000476,0.0,0.0
3000477,BATA DESCARTABLE P/ PACIENTE XL (PQ X 10),95000.0,10,FARMACIA INTERNA(1),3000477,0.0,0.0
3000477,BATA DESCARTABLE P/ PACIENTE XL (PQ X 10),95000.0,10,URGENCIAS(2),3000477,0.0,0.0
3000477,BATA DESCARTABLE P/ PACIENTE XL (PQ X 10),95000.0,10,INTERNADO(3),3000477,0.0,0.0
3000477,BATA DESCARTABLE P/ PACIENTE XL (PQ X 10),95000.0,10,QUIROFANO(4),3000477,0.0,0.0
3000477,BATA DESCARTABLE P/ PACIENTE XL (PQ X 10),95000.0,10,ADMINISTRACION,3000477,0.0,0.0
3000477,BATA DESCARTABLE P/ PACIENTE XL (PQ X 10),95000.0,10,CARRO DE PARO,3000477,0.0,0.0
3000478,EQUICEL HEMOSTATICO 5 X 75CM,148000.0,10,FARMACIA INTERNA(1),3000478,0.0,2.0
3000478,EQUICEL HEMOSTATICO 5 X 75CM,148000.0,10,URGENCIAS(2),3000478,0.0,0.0
3000478,EQUICEL HEMOSTATICO 5 X 75CM,148000.0,10,INTERNADO(3),3000478,0.0,0.0
3000478,EQUICEL HEMOSTATICO 5 X 75CM,148000.0,10,QUIROFANO(4),3000478,0.0,0.0
3000478,EQUICEL HEMOSTATICO 5 X 75CM,148000.0,10,ADMINISTRACION,3000478,0.0,0.0
3000478,EQUICEL HEMOSTATICO 5 X 75CM,148000.0,10,CARRO DE PARO,3000478,0.0,0.0
3000479,ACIDO POLIGLICOLICO 1/0,30700.0,10,FARMACIA INTERNA(1),3000479,0.0,4.0
3000479,ACIDO POLIGLICOLICO 1/0,30700.0,10,URGENCIAS(2),3000479,0.0,0.0
3000479,ACIDO POLIGLICOLICO 1/0,30700.0,10,INTERNADO(3),3000479,0.0,0.0
3000479,ACIDO POLIGLICOLICO 1/0,30700.0,10,QUIROFANO(4),3000479,0.0,0.0
3000479,ACIDO POLIGLICOLICO 1/0,30700.0,10,ADMINISTRACION,3000479,0.0,0.0
3000479,ACIDO POLIGLICOLICO 1/0,30700.0,10,CARRO DE PARO,3000479,0.0,0.0
3000480,ACIDO POLIGLICOLICO 3/0 VIOLET TRENZADO (SHALON),39800.0,10,FARMACIA INTERNA(1),3000480,0.0,3.0
3000480,ACIDO POLIGLICOLICO 3/0 VIOLET TRENZADO (SHALON),39800.0,10,URGENCIAS(2),3000480,0.0,0.0
3000480,ACIDO POLIGLICOLICO 3/0 VIOLET TRENZADO (SHALON),39800.0,10,INTERNADO(3),3000480,0.0,0.0
3000480,ACIDO POLIGLICOLICO 3/0 VIOLET TRENZADO (SHALON),39800.0,10,QUIROFANO(4),3000480,0.0,0.0
3000480,ACIDO POLIGLICOLICO 3/0 VIOLET TRENZADO (SHALON),39800.0,10,ADMINISTRACION,3000480,0.0,0.0
3000480,ACIDO POLIGLICOLICO 3/0 VIOLET TRENZADO (SHALON),39800.0,10,CARRO DE PARO,3000480,0.0,0.0
3000481,CATETER VIA CENTRAL 3 LUMEN FR 7,455000.0,10,FARMACIA INTERNA(1),3000481,0.0,1.0
3000481,CATETER VIA CENTRAL 3 LUMEN FR 7,455000.0,10,URGENCIAS(2),3000481,0.0,0.0
3000481,CATETER VIA CENTRAL 3 LUMEN FR 7,455000.0,10,INTERNADO(3),3000481,0.0,0.0
3000481,CATETER VIA CENTRAL 3 LUMEN FR 7,455000.0,10,QUIROFANO(4),3000481,0.0,0.0
3000481,CATETER VIA CENTRAL 3 LUMEN FR 7,455000.0,10,ADMINISTRACION,3000481,0.0,0.0
3000481,CATETER VIA CENTRAL 3 LUMEN FR 7,455000.0,10,CARRO DE PARO,3000481,0.0,0.0
3000482,HEMOSUC Nº 14,131000.0,10,FARMACIA INTERNA(1),3000482,0.0,2.0
3000482,HEMOSUC Nº 14,131000.0,10,URGENCIAS(2),3000482,0.0,0.0
3000482,HEMOSUC Nº 14,131000.0,10,INTERNADO(3),3000482,0.0,0.0
3000482,HEMOSUC Nº 14,131000.0,10,QUIROFANO(4),3000482,0.0,0.0
3000482,HEMOSUC Nº 14,131000.0,10,ADMINISTRACION,3000482,0.0,0.0
3000482,HEMOSUC Nº 14,131000.0,10,CARRO DE PARO,3000482,0.0,0.0
3000483,HEMOSUC Nº 16,131000.0,10,FARMACIA INTERNA(1),3000483,0.0,2.0
3000483,HEMOSUC Nº 16,131000.0,10,URGENCIAS(2),3000483,0.0,0.0
3000483,HEMOSUC Nº 16,131000.0,10,INTERNADO(3),3000483,0.0,0.0
3000483,HEMOSUC Nº 16,131000.0,10,QUIROFANO(4),3000483,0.0,0.0
3000483,HEMOSUC Nº 16,131000.0,10,ADMINISTRACION,3000483,0.0,0.0
3000483,HEMOSUC Nº 16,131000.0,10,CARRO DE PARO,3000483,0.0,0.0
3000484,SONDA FOLEY 3 VIAS FR 16 LATEX,18000.0,10,FARMACIA INTERNA(1),3000484,0.0,2.0
3000484,SONDA FOLEY 3 VIAS FR 16 LATEX,18000.0,10,URGENCIAS(2),3000484,0.0,0.0
3000484,SONDA FOLEY 3 VIAS FR 16 LATEX,18000.0,10,INTERNADO(3),3000484,0.0,0.0
3000484,SONDA FOLEY 3 VIAS FR 16 LATEX,18000.0,10,QUIROFANO(4),3000484,0.0,0.0
3000484,SONDA FOLEY 3 VIAS FR 16 LATEX,18000.0,10,ADMINISTRACION,3000484,0.0,0.0
3000484,SONDA FOLEY 3 VIAS FR 16 LATEX,18000.0,10,CARRO DE PARO,3000484,0.0,0.0
3000485,CEPILLITO P/ PAP ESTERIL,3000.0,10,FARMACIA INTERNA(1),3000485,0.0,0.0
3000485,CEPILLITO P/ PAP ESTERIL,3000.0,10,URGENCIAS(2),3000485,0.0,0.0
3000485,CEPILLITO P/ PAP ESTERIL,3000.0,10,INTERNADO(3),3000485,0.0,0.0
3000485,CEPILLITO P/ PAP ESTERIL,3000.0,10,QUIROFANO(4),3000485,0.0,0.0
3000485,CEPILLITO P/ PAP ESTERIL,3000.0,10,ADMINISTRACION,3000485,0.0,0.0
3000485,CEPILLITO P/ PAP ESTERIL,3000.0,10,CARRO DE PARO,3000485,0.0,0.0
3000486,LAMINA PORTA OBJETO ESMERILADO (CAJA X 50 UN),23100.0,10,FARMACIA INTERNA(1),3000486,0.0,1.0
3000486,LAMINA PORTA OBJETO ESMERILADO (CAJA X 50 UN),23100.0,10,URGENCIAS(2),3000486,0.0,0.0
3000486,LAMINA PORTA OBJETO ESMERILADO (CAJA X 50 UN),23100.0,10,INTERNADO(3),3000486,0.0,0.0
3000486,LAMINA PORTA OBJETO ESMERILADO (CAJA X 50 UN),23100.0,10,QUIROFANO(4),3000486,0.0,0.0
3000486,LAMINA PORTA OBJETO ESMERILADO (CAJA X 50 UN),23100.0,10,ADMINISTRACION,3000486,0.0,0.0
3000486,LAMINA PORTA OBJETO ESMERILADO (CAJA X 50 UN),23100.0,10,CARRO DE PARO,3000486,0.0,0.0
3000487,BOLSA PARA ANESTESIA DE LATEX 2LTS,169000.0,10,FARMACIA INTERNA(1),3000487,0.0,3.0
3000487,BOLSA PARA ANESTESIA DE LATEX 2LTS,169000.0,10,URGENCIAS(2),3000487,0.0,0.0
3000487,BOLSA PARA ANESTESIA DE LATEX 2LTS,169000.0,10,INTERNADO(3),3000487,0.0,0.0
3000487,BOLSA PARA ANESTESIA DE LATEX 2LTS,169000.0,10,QUIROFANO(4),3000487,0.0,0.0
3000487,BOLSA PARA ANESTESIA DE LATEX 2LTS,169000.0,10,ADMINISTRACION,3000487,0.0,0.0
3000487,BOLSA PARA ANESTESIA DE LATEX 2LTS,169000.0,10,CARRO DE PARO,3000487,0.0,0.0
3000488,BOLSA PARA ANESTESIA DE LATEX 3LTS,169000.0,10,FARMACIA INTERNA(1),3000488,0.0,3.0
3000488,BOLSA PARA ANESTESIA DE LATEX 3LTS,169000.0,10,URGENCIAS(2),3000488,0.0,0.0
3000488,BOLSA PARA ANESTESIA DE LATEX 3LTS,169000.0,10,INTERNADO(3),3000488,0.0,0.0
3000488,BOLSA PARA ANESTESIA DE LATEX 3LTS,169000.0,10,QUIROFANO(4),3000488,0.0,0.0
3000488,BOLSA PARA ANESTESIA DE LATEX 3LTS,169000.0,10,ADMINISTRACION,3000488,0.0,0.0
3000488,BOLSA PARA ANESTESIA DE LATEX 3LTS,169000.0,10,CARRO DE PARO,3000488,0.0,0.0
3000489,CURITAS/BAND REDONDAS KINDS CAJA X 100,37000.0,10,FARMACIA INTERNA(1),3000489,0.0,0.0
3000489,CURITAS/BAND REDONDAS KINDS CAJA X 100,37000.0,10,URGENCIAS(2),3000489,0.0,0.0
3000489,CURITAS/BAND REDONDAS KINDS CAJA X 100,37000.0,10,INTERNADO(3),3000489,0.0,0.0
3000489,CURITAS/BAND REDONDAS KINDS CAJA X 100,37000.0,10,QUIROFANO(4),3000489,0.0,0.0
3000489,CURITAS/BAND REDONDAS KINDS CAJA X 100,37000.0,10,ADMINISTRACION,3000489,0.0,0.0
3000489,CURITAS/BAND REDONDAS KINDS CAJA X 100,37000.0,10,CARRO DE PARO,3000489,0.0,0.0
3000490,HISOPO NO ESTERIL X 100 UNIDADES,12000.0,10,FARMACIA INTERNA(1),3000490,0.0,0.0
3000490,HISOPO NO ESTERIL X 100 UNIDADES,12000.0,10,URGENCIAS(2),3000490,0.0,0.0
3000490,HISOPO NO ESTERIL X 100 UNIDADES,12000.0,10,INTERNADO(3),3000490,0.0,0.0
3000490,HISOPO NO ESTERIL X 100 UNIDADES,12000.0,10,QUIROFANO(4),3000490,0.0,0.0
3000490,HISOPO NO ESTERIL X 100 UNIDADES,12000.0,10,ADMINISTRACION,3000490,0.0,0.0
3000490,HISOPO NO ESTERIL X 100 UNIDADES,12000.0,10,CARRO DE PARO,3000490,0.0,0.0
3000491,CANULA NASAL NEO FLUJO 1-8L/MIN (AMARILLO),159000.0,10,FARMACIA INTERNA(1),3000491,0.0,1.0
3000491,CANULA NASAL NEO FLUJO 1-8L/MIN (AMARILLO),159000.0,10,URGENCIAS(2),3000491,0.0,0.0
3000491,CANULA NASAL NEO FLUJO 1-8L/MIN (AMARILLO),159000.0,10,INTERNADO(3),3000491,0.0,0.0
3000491,CANULA NASAL NEO FLUJO 1-8L/MIN (AMARILLO),159000.0,10,QUIROFANO(4),3000491,0.0,0.0
3000491,CANULA NASAL NEO FLUJO 1-8L/MIN (AMARILLO),159000.0,10,ADMINISTRACION,3000491,0.0,0.0
3000491,CANULA NASAL NEO FLUJO 1-8L/MIN (AMARILLO),159000.0,10,CARRO DE PARO,3000491,0.0,0.0
3000492,CANULA NASAL NEO FLUJO 1-10L/MIN (MORADO),159000.0,10,FARMACIA INTERNA(1),3000492,0.0,0.0
3000492,CANULA NASAL NEO FLUJO 1-10L/MIN (MORADO),159000.0,10,URGENCIAS(2),3000492,0.0,0.0
3000492,CANULA NASAL NEO FLUJO 1-10L/MIN (MORADO),159000.0,10,INTERNADO(3),3000492,0.0,0.0
3000492,CANULA NASAL NEO FLUJO 1-10L/MIN (MORADO),159000.0,10,QUIROFANO(4),3000492,0.0,0.0
3000492,CANULA NASAL NEO FLUJO 1-10L/MIN (MORADO),159000.0,10,ADMINISTRACION,3000492,0.0,0.0
3000492,CANULA NASAL NEO FLUJO 1-10L/MIN (MORADO),159000.0,10,CARRO DE PARO,3000492,0.0,1.0
3000493,CANULA NASAL NEO FLUJO 1-13L/MIN (VERDE),159000.0,10,FARMACIA INTERNA(1),3000493,0.0,0.0
3000493,CANULA NASAL NEO FLUJO 1-13L/MIN (VERDE),159000.0,10,URGENCIAS(2),3000493,0.0,0.0
3000493,CANULA NASAL NEO FLUJO 1-13L/MIN (VERDE),159000.0,10,INTERNADO(3),3000493,0.0,0.0
3000493,CANULA NASAL NEO FLUJO 1-13L/MIN (VERDE),159000.0,10,QUIROFANO(4),3000493,0.0,0.0
3000493,CANULA NASAL NEO FLUJO 1-13L/MIN (VERDE),159000.0,10,ADMINISTRACION,3000493,0.0,0.0
3000493,CANULA NASAL NEO FLUJO 1-13L/MIN (VERDE),159000.0,10,CARRO DE PARO,3000493,0.0,0.0
3000494,ESPATULA PARA PAP X 100,42000.0,10,FARMACIA INTERNA(1),3000494,0.0,0.0
3000494,ESPATULA PARA PAP X 100,42000.0,10,URGENCIAS(2),3000494,0.0,0.0
3000494,ESPATULA PARA PAP X 100,42000.0,10,INTERNADO(3),3000494,0.0,0.0
3000494,ESPATULA PARA PAP X 100,42000.0,10,QUIROFANO(4),3000494,0.0,0.0
3000494,ESPATULA PARA PAP X 100,42000.0,10,ADMINISTRACION,3000494,0.0,0.0
3000494,ESPATULA PARA PAP X 100,42000.0,10,CARRO DE PARO,3000494,0.0,0.0
3000495,"KIT CX GENERAL TALLE ""L"" DESCARTABLE (ESTERILIZADO)",250000.0,10,FARMACIA INTERNA(1),3000495,0.0,9.0
3000495,"KIT CX GENERAL TALLE ""L"" DESCARTABLE (ESTERILIZADO)",250000.0,10,URGENCIAS(2),3000495,0.0,0.0
3000495,"KIT CX GENERAL TALLE ""L"" DESCARTABLE (ESTERILIZADO)",250000.0,10,INTERNADO(3),3000495,0.0,0.0
3000495,"KIT CX GENERAL TALLE ""L"" DESCARTABLE (ESTERILIZADO)",250000.0,10,QUIROFANO(4),3000495,0.0,0.0
3000495,"KIT CX GENERAL TALLE ""L"" DESCARTABLE (ESTERILIZADO)",250000.0,10,ADMINISTRACION,3000495,0.0,0.0
3000495,"KIT CX GENERAL TALLE ""L"" DESCARTABLE (ESTERILIZADO)",250000.0,10,CARRO DE PARO,3000495,0.0,0.0
3000496,"KIT CX MENOR TALLE ""L"" DESCARTABLE (ESTERILIZADO)",101500.0,10,FARMACIA INTERNA(1),3000496,0.0,0.0
3000496,"KIT CX MENOR TALLE ""L"" DESCARTABLE (ESTERILIZADO)",101500.0,10,URGENCIAS(2),3000496,0.0,0.0
3000496,"KIT CX MENOR TALLE ""L"" DESCARTABLE (ESTERILIZADO)",101500.0,10,INTERNADO(3),3000496,0.0,0.0
3000496,"KIT CX MENOR TALLE ""L"" DESCARTABLE (ESTERILIZADO)",101500.0,10,QUIROFANO(4),3000496,0.0,0.0
3000496,"KIT CX MENOR TALLE ""L"" DESCARTABLE (ESTERILIZADO)",101500.0,10,ADMINISTRACION,3000496,0.0,0.0
3000496,"KIT CX MENOR TALLE ""L"" DESCARTABLE (ESTERILIZADO)",101500.0,10,CARRO DE PARO,3000496,0.0,0.0
3000497,"KIT CX TRAUMATOLOGICA TALLE ""L"" DESCARTABLE (ESTERILIZADO)",338000.0,10,FARMACIA INTERNA(1),3000497,0.0,0.0
3000497,"KIT CX TRAUMATOLOGICA TALLE ""L"" DESCARTABLE (ESTERILIZADO)",338000.0,10,URGENCIAS(2),3000497,0.0,0.0
3000497,"KIT CX TRAUMATOLOGICA TALLE ""L"" DESCARTABLE (ESTERILIZADO)",338000.0,10,INTERNADO(3),3000497,0.0,0.0
3000497,"KIT CX TRAUMATOLOGICA TALLE ""L"" DESCARTABLE (ESTERILIZADO)",338000.0,10,QUIROFANO(4),3000497,0.0,0.0
3000497,"KIT CX TRAUMATOLOGICA TALLE ""L"" DESCARTABLE (ESTERILIZADO)",338000.0,10,ADMINISTRACION,3000497,0.0,0.0
3000497,"KIT CX TRAUMATOLOGICA TALLE ""L"" DESCARTABLE (ESTERILIZADO)",338000.0,10,CARRO DE PARO,3000497,0.0,0.0
3000498,"KIT CX OFTALMOLOGICA TALLE ""L"" DESCARTABLE (ESTERILIZADO)",186000.0,10,FARMACIA INTERNA(1),3000498,0.0,0.0
3000498,"KIT CX OFTALMOLOGICA TALLE ""L"" DESCARTABLE (ESTERILIZADO)",186000.0,10,URGENCIAS(2),3000498,0.0,0.0
3000498,"KIT CX OFTALMOLOGICA TALLE ""L"" DESCARTABLE (ESTERILIZADO)",186000.0,10,INTERNADO(3),3000498,0.0,0.0
3000498,"KIT CX OFTALMOLOGICA TALLE ""L"" DESCARTABLE (ESTERILIZADO)",186000.0,10,QUIROFANO(4),3000498,0.0,0.0
3000498,"KIT CX OFTALMOLOGICA TALLE ""L"" DESCARTABLE (ESTERILIZADO)",186000.0,10,ADMINISTRACION,3000498,0.0,0.0
3000498,"KIT CX OFTALMOLOGICA TALLE ""L"" DESCARTABLE (ESTERILIZADO)",186000.0,10,CARRO DE PARO,3000498,0.0,0.0
3000499,"KIT DE PROCEDIMIENTO TALLE ""L"" DESCARTABLE (ESTERILIZADO)",105000.0,10,FARMACIA INTERNA(1),3000499,0.0,0.0
3000499,"KIT DE PROCEDIMIENTO TALLE ""L"" DESCARTABLE (ESTERILIZADO)",105000.0,10,URGENCIAS(2),3000499,0.0,0.0
3000499,"KIT DE PROCEDIMIENTO TALLE ""L"" DESCARTABLE (ESTERILIZADO)",105000.0,10,INTERNADO(3),3000499,0.0,0.0
3000499,"KIT DE PROCEDIMIENTO TALLE ""L"" DESCARTABLE (ESTERILIZADO)",105000.0,10,QUIROFANO(4),3000499,0.0,0.0
3000499,"KIT DE PROCEDIMIENTO TALLE ""L"" DESCARTABLE (ESTERILIZADO)",105000.0,10,ADMINISTRACION,3000499,0.0,0.0
3000499,"KIT DE PROCEDIMIENTO TALLE ""L"" DESCARTABLE (ESTERILIZADO)",105000.0,10,CARRO DE PARO,3000499,0.0,0.0
3000500,BOLSA DE ORINA C/ MEDIDOR,39500.0,10,FARMACIA INTERNA(1),3000500,0.0,0.0
3000500,BOLSA DE ORINA C/ MEDIDOR,39500.0,10,URGENCIAS(2),3000500,0.0,0.0
3000500,BOLSA DE ORINA C/ MEDIDOR,39500.0,10,INTERNADO(3),3000500,0.0,0.0
3000500,BOLSA DE ORINA C/ MEDIDOR,39500.0,10,QUIROFANO(4),3000500,0.0,0.0
3000500,BOLSA DE ORINA C/ MEDIDOR,39500.0,10,ADMINISTRACION,3000500,0.0,0.0
3000500,BOLSA DE ORINA C/ MEDIDOR,39500.0,10,CARRO DE PARO,3000500,0.0,0.0
3000501,CANULA MAYO 40MM ESTERILIZADA,10500.0,10,FARMACIA INTERNA(1),3000501,0.0,0.0
3000501,CANULA MAYO 40MM ESTERILIZADA,10500.0,10,URGENCIAS(2),3000501,0.0,0.0
3000501,CANULA MAYO 40MM ESTERILIZADA,10500.0,10,INTERNADO(3),3000501,0.0,0.0
3000501,CANULA MAYO 40MM ESTERILIZADA,10500.0,10,QUIROFANO(4),3000501,0.0,0.0
3000501,CANULA MAYO 40MM ESTERILIZADA,10500.0,10,ADMINISTRACION,3000501,0.0,0.0
3000501,CANULA MAYO 40MM ESTERILIZADA,10500.0,10,CARRO DE PARO,3000501,0.0,0.0
3000502,CANULA MAYO 50 MM ESTERILIZADA,0.0,10,FARMACIA INTERNA(1),3000502,0.0,3.0
3000502,CANULA MAYO 50 MM ESTERILIZADA,0.0,10,URGENCIAS(2),3000502,0.0,0.0
3000502,CANULA MAYO 50 MM ESTERILIZADA,0.0,10,INTERNADO(3),3000502,0.0,0.0
3000502,CANULA MAYO 50 MM ESTERILIZADA,0.0,10,QUIROFANO(4),3000502,0.0,0.0
3000502,CANULA MAYO 50 MM ESTERILIZADA,0.0,10,ADMINISTRACION,3000502,0.0,0.0
3000502,CANULA MAYO 50 MM ESTERILIZADA,0.0,10,CARRO DE PARO,3000502,0.0,0.0
3000503,CANULA MAYO 120 MM ESTERILIZADA,0.0,10,FARMACIA INTERNA(1),3000503,0.0,5.0
3000503,CANULA MAYO 120 MM ESTERILIZADA,0.0,10,URGENCIAS(2),3000503,0.0,0.0
3000503,CANULA MAYO 120 MM ESTERILIZADA,0.0,10,INTERNADO(3),3000503,0.0,0.0
3000503,CANULA MAYO 120 MM ESTERILIZADA,0.0,10,QUIROFANO(4),3000503,0.0,0.0
3000503,CANULA MAYO 120 MM ESTERILIZADA,0.0,10,ADMINISTRACION,3000503,0.0,0.0
3000503,CANULA MAYO 120 MM ESTERILIZADA,0.0,10,CARRO DE PARO,3000503,0.0,0.0
3000504,ALMOHADILLA DE PUESTA A TIERRA PEDIATRICO,35000.0,10,FARMACIA INTERNA(1),3000504,0.0,0.0
3000504,ALMOHADILLA DE PUESTA A TIERRA PEDIATRICO,35000.0,10,URGENCIAS(2),3000504,0.0,0.0
3000504,ALMOHADILLA DE PUESTA A TIERRA PEDIATRICO,35000.0,10,INTERNADO(3),3000504,0.0,0.0
3000504,ALMOHADILLA DE PUESTA A TIERRA PEDIATRICO,35000.0,10,QUIROFANO(4),3000504,0.0,0.0
3000504,ALMOHADILLA DE PUESTA A TIERRA PEDIATRICO,35000.0,10,ADMINISTRACION,3000504,0.0,0.0
3000504,ALMOHADILLA DE PUESTA A TIERRA PEDIATRICO,35000.0,10,CARRO DE PARO,3000504,0.0,0.0
4000012,BUSHI CREMA P/PEZONES X 50GR,0.0,10,URGENCIAS(2),7793742004018,0.0,0.0
4000012,BUSHI CREMA P/PEZONES X 50GR,0.0,10,INTERNADO(3),7793742004018,0.0,0.0
4000012,BUSHI CREMA P/PEZONES X 50GR,0.0,10,QUIROFANO(4),7793742004018,0.0,0.0
4000013,BUSHI ESCUDOS X 2 UNIDADES,0.0,10,URGENCIAS(2),7793742004506,0.0,0.0
4000013,BUSHI ESCUDOS X 2 UNIDADES,0.0,10,INTERNADO(3),7793742004506,0.0,0.0
4000013,BUSHI ESCUDOS X 2 UNIDADES,0.0,10,QUIROFANO(4),7793742004506,0.0,0.0
4000014,BUSHI PEZONERAS X 2 UNID,0.0,10,URGENCIAS(2),7793742004308,0.0,0.0
4000014,BUSHI PEZONERAS X 2 UNID,0.0,10,INTERNADO(3),7793742004308,0.0,0.0
4000014,BUSHI PEZONERAS X 2 UNID,0.0,10,QUIROFANO(4),7793742004308,0.0,0.0
4000015,CABESTRILLO C/FAJA BANDER GREEN,0.0,10,URGENCIAS(2),7798148274553,0.0,0.0
4000015,CABESTRILLO C/FAJA BANDER GREEN,0.0,10,INTERNADO(3),7798148274553,0.0,0.0
4000015,CABESTRILLO C/FAJA BANDER GREEN,0.0,10,QUIROFANO(4),7798148274553,0.0,0.0
4000016,CABESTRILLO EXTRA GRANDE SC,0.0,10,URGENCIAS(2),8400000029124,0.0,0.0
4000016,CABESTRILLO EXTRA GRANDE SC,0.0,10,INTERNADO(3),8400000029124,0.0,0.0
4000016,CABESTRILLO EXTRA GRANDE SC,0.0,10,QUIROFANO(4),8400000029124,0.0,0.0
4000017,CABESTRILLO GRANDE SC,0.0,10,URGENCIAS(2),8400000029117,0.0,0.0
4000017,CABESTRILLO GRANDE SC,0.0,10,INTERNADO(3),8400000029117,0.0,0.0
4000017,CABESTRILLO GRANDE SC,0.0,10,QUIROFANO(4),8400000029117,0.0,0.0
4000018,CABESTRILLO MEDIANO SC,0.0,10,URGENCIAS(2),8400000029100,0.0,0.0
4000018,CABESTRILLO MEDIANO SC,0.0,10,INTERNADO(3),8400000029100,0.0,0.0
4000018,CABESTRILLO MEDIANO SC,0.0,10,QUIROFANO(4),8400000029100,0.0,0.0
4000019,CABESTRILLO MEDILAND TALLE 1 (N),0.0,10,URGENCIAS(2),8400000015875,0.0,0.0
4000019,CABESTRILLO MEDILAND TALLE 1 (N),0.0,10,INTERNADO(3),8400000015875,0.0,0.0
4000019,CABESTRILLO MEDILAND TALLE 1 (N),0.0,10,QUIROFANO(4),8400000015875,0.0,0.0
4000020,CABESTRILLO MEDILAND TALLE 2 (P),0.0,10,URGENCIAS(2),8400000015882,0.0,0.0
4000020,CABESTRILLO MEDILAND TALLE 2 (P),0.0,10,INTERNADO(3),8400000015882,0.0,0.0
4000020,CABESTRILLO MEDILAND TALLE 2 (P),0.0,10,QUIROFANO(4),8400000015882,0.0,0.0
4000021,CABESTRILLO PEQUEÑO SC,0.0,10,URGENCIAS(2),8400000051590,0.0,0.0
4000021,CABESTRILLO PEQUEÑO SC,0.0,10,INTERNADO(3),8400000051590,0.0,0.0
4000021,CABESTRILLO PEQUEÑO SC,0.0,10,QUIROFANO(4),8400000051590,0.0,0.0
4000022,CAL SODADA 1KG,134000.0,10,URGENCIAS(2),8400000001656,0.0,0.0
4000022,CAL SODADA 1KG,134000.0,10,INTERNADO(3),8400000001656,0.0,0.0
4000022,CAL SODADA 1KG,134000.0,10,QUIROFANO(4),8400000001656,0.0,0.0
4000023,CHALECO IMPERMEABLE,0.0,10,URGENCIAS(2),7897054728812,0.0,0.0
4000023,CHALECO IMPERMEABLE,0.0,10,INTERNADO(3),7897054728812,0.0,0.0
4000023,CHALECO IMPERMEABLE,0.0,10,QUIROFANO(4),7897054728812,0.0,0.0
4000024,7897877708756,0.0,10,URGENCIAS(2),7897877708756,0.0,0.0
4000024,7897877708756,0.0,10,INTERNADO(3),7897877708756,0.0,0.0
4000024,7897877708756,0.0,10,QUIROFANO(4),7897877708756,0.0,0.0
4000025,CONTROL PRESERVATIVO NON STOP X,3.0,0,10 URGENCIAS(2),8411134121011,0.0,0.0
4000025,CONTROL PRESERVATIVO NON STOP X,3.0,0,10 INTERNADO(3),8411134121011,0.0,0.0
4000025,CONTROL PRESERVATIVO NON STOP X,3.0,0,10 QUIROFANO(4),8411134121011,0.0,0.0
4000025,CONTROL PRESERVATIVO NON STOP X,3.0,0,10 CARRO DE PARO,8411134121011,0.0,0.0
4000026,MATERIAL,0.0,10,URGENCIAS(2),8400000008907,0.0,0.0
4000026,MATERIAL,0.0,10,INTERNADO(3),8400000008907,0.0,0.0
4000026,MATERIAL,0.0,10,QUIROFANO(4),8400000008907,0.0,0.0
4000027,DETERGENTE DESINFECTANTE ANIOSYME PRIME ANIOS 750 ML,0.0,10,URGENCIAS(2),3597610409707,0.0,0.0
4000027,DETERGENTE DESINFECTANTE ANIOSYME PRIME ANIOS 750 ML,0.0,10,INTERNADO(3),3597610409707,0.0,0.0
4000027,DETERGENTE DESINFECTANTE ANIOSYME PRIME ANIOS 750 ML,0.0,10,QUIROFANO(4),3597610409707,0.0,0.0
4000028,ENSURE ADVANCE SHAKE VAINILLA X 220 ML,0.0,10,URGENCIAS(2),8710428011473,0.0,0.0
4000028,ENSURE ADVANCE SHAKE VAINILLA X 220 ML,0.0,10,INTERNADO(3),8710428011473,0.0,0.0
4000028,ENSURE ADVANCE SHAKE VAINILLA X 220 ML,0.0,10,QUIROFANO(4),8710428011473,0.0,0.0
4000029,ENSURE PLUS DRINK VAINILLA X 220 ML,0.0,10,URGENCIAS(2),8710428018038,0.0,0.0
4000029,ENSURE PLUS DRINK VAINILLA X 220 ML,0.0,10,INTERNADO(3),8710428018038,0.0,0.0
4000029,ENSURE PLUS DRINK VAINILLA X 220 ML,0.0,10,QUIROFANO(4),8710428018038,0.0,0.0
4000030,ESBELT CINTA CALZA POST PARTO G,3140.0,0,10 URGENCIAS(2),7896426313854,0.0,0.0
4000030,ESBELT CINTA CALZA POST PARTO G,3140.0,0,10 INTERNADO(3),7896426313854,0.0,0.0
4000030,ESBELT CINTA CALZA POST PARTO G,3140.0,0,10 QUIROFANO(4),7896426313854,0.0,0.0
4000031,ESBELT CINTA CALZA POST PARTO M,3140.0,0,10 URGENCIAS(2),7896426313847,0.0,0.0
4000031,ESBELT CINTA CALZA POST PARTO M,3140.0,0,10 INTERNADO(3),7896426313847,0.0,0.0
4000031,ESBELT CINTA CALZA POST PARTO M,3140.0,0,10 QUIROFANO(4),7896426313847,0.0,0.0
4000032,"FAJA ABDOMINAL 4 BANDAS ""L"" (OPPO)",0.0,10,URGENCIAS(2),8400000009003,0.0,0.0
4000032,"FAJA ABDOMINAL 4 BANDAS ""L"" (OPPO)",0.0,10,INTERNADO(3),8400000009003,0.0,0.0
4000032,"FAJA ABDOMINAL 4 BANDAS ""L"" (OPPO)",0.0,10,QUIROFANO(4),8400000009003,0.0,0.0
4000033,FAJA DE TELA ABDOMINAL P,0.0,10,URGENCIAS(2),8400000056748,0.0,0.0
4000033,FAJA DE TELA ABDOMINAL P,0.0,10,INTERNADO(3),8400000056748,0.0,0.0
4000033,FAJA DE TELA ABDOMINAL P,0.0,10,QUIROFANO(4),8400000056748,0.0,0.0
4000034,FAJA DE TELA ABDOMINAL XG,0.0,10,URGENCIAS(2),8400000056779,0.0,0.0
4000034,FAJA DE TELA ABDOMINAL XG,0.0,10,INTERNADO(3),8400000056779,0.0,0.0
4000034,FAJA DE TELA ABDOMINAL XG,0.0,10,QUIROFANO(4),8400000056779,0.0,0.0
4000035,FAJA ELASTICA ALGODON SU TALLE 2 28CM,0.0,10,URGENCIAS(2),7798227840020,0.0,0.0
4000035,FAJA ELASTICA ALGODON SU TALLE 2 28CM,0.0,10,INTERNADO(3),7798227840020,0.0,0.0
4000035,FAJA ELASTICA ALGODON SU TALLE 2 28CM,0.0,10,QUIROFANO(4),7798227840020,0.0,0.0
4000036,FAJA ELASTICA ALGODON TALLE 1-S (BANDER GREEN),0.0,10,URGENCIAS(2),7798148270913,0.0,0.0
4000036,FAJA ELASTICA ALGODON TALLE 1-S (BANDER GREEN),0.0,10,INTERNADO(3),7798148270913,0.0,0.0
4000036,FAJA ELASTICA ALGODON TALLE 1-S (BANDER GREEN),0.0,10,QUIROFANO(4),7798148270913,0.0,0.0
4000037,FAJA ELASTICA ALGODON TALLE 2-M (BANDER GREEN),0.0,10,URGENCIAS(2),7798148270920,0.0,0.0
4000037,FAJA ELASTICA ALGODON TALLE 2-M (BANDER GREEN),0.0,10,INTERNADO(3),7798148270920,0.0,0.0
4000037,FAJA ELASTICA ALGODON TALLE 2-M (BANDER GREEN),0.0,10,QUIROFANO(4),7798148270920,0.0,0.0
4000038,FAJA ELASTICA ALGODON TALLE 3-L (BANDER GREEN),0.0,10,URGENCIAS(2),7798148278995,0.0,0.0
4000038,FAJA ELASTICA ALGODON TALLE 3-L (BANDER GREEN),0.0,10,INTERNADO(3),7798148278995,0.0,0.0
4000038,FAJA ELASTICA ALGODON TALLE 3-L (BANDER GREEN),0.0,10,QUIROFANO(4),7798148278995,0.0,0.0
4000039,FAJA ELASTICA ALGODON TALLE 4-XL(BANDER GREEN),0.0,10,URGENCIAS(2),7798148279008,0.0,0.0
4000039,FAJA ELASTICA ALGODON TALLE 4-XL(BANDER GREEN),0.0,10,INTERNADO(3),7798148279008,0.0,0.0
4000039,FAJA ELASTICA ALGODON TALLE 4-XL(BANDER GREEN),0.0,10,QUIROFANO(4),7798148279008,0.0,0.0
4000040,FAJA ELASTICA ALGODON TALLE 5-XXL (BANDER GREEN),0.0,10,URGENCIAS(2),7798148270951,0.0,0.0
4000040,FAJA ELASTICA ALGODON TALLE 5-XXL (BANDER GREEN),0.0,10,INTERNADO(3),7798148270951,0.0,0.0
4000040,FAJA ELASTICA ALGODON TALLE 5-XXL (BANDER GREEN),0.0,10,QUIROFANO(4),7798148270951,0.0,0.0
4000041,FAJA OSTOMIZADA DIAM 10CM TALLE,2.0,0,10 URGENCIAS(2),7798068202155,0.0,0.0
4000041,FAJA OSTOMIZADA DIAM 10CM TALLE,2.0,0,10 INTERNADO(3),7798068202155,0.0,0.0
4000041,FAJA OSTOMIZADA DIAM 10CM TALLE,2.0,0,10 QUIROFANO(4),7798068202155,0.0,0.0
4000042,FAJA OSTOMIZADA DIAM 10CM TALLE,4.0,0,10 URGENCIAS(2),7798068202179,0.0,0.0
4000042,FAJA OSTOMIZADA DIAM 10CM TALLE,4.0,0,10 INTERNADO(3),7798068202179,0.0,0.0
4000042,FAJA OSTOMIZADA DIAM 10CM TALLE,4.0,0,10 QUIROFANO(4),7798068202179,0.0,0.0
4000043,FAJA PTM FLEXBAND 3 BANDAS L,0.0,10,URGENCIAS(2),7798094541211,0.0,0.0
4000043,FAJA PTM FLEXBAND 3 BANDAS L,0.0,10,INTERNADO(3),7798094541211,0.0,0.0
4000043,FAJA PTM FLEXBAND 3 BANDAS L,0.0,10,QUIROFANO(4),7798094541211,0.0,0.0
4000044,FAJA PTM FLEXBAND 3 BANDAS M,0.0,10,URGENCIAS(2),7798094541204,0.0,0.0
4000044,FAJA PTM FLEXBAND 3 BANDAS M,0.0,10,INTERNADO(3),7798094541204,0.0,0.0
4000044,FAJA PTM FLEXBAND 3 BANDAS M,0.0,10,QUIROFANO(4),7798094541204,0.0,0.0
4000045,FAJA PTM FLEXBAND 3 BANDAS XL,0.0,10,URGENCIAS(2),7798094541228,0.0,0.0
4000045,FAJA PTM FLEXBAND 3 BANDAS XL,0.0,10,INTERNADO(3),7798094541228,0.0,0.0
4000045,FAJA PTM FLEXBAND 3 BANDAS XL,0.0,10,QUIROFANO(4),7798094541228,0.0,0.0
4000046,FAJA PTM FLEXBAND 3 BANDAS XXL,0.0,10,URGENCIAS(2),7798094547831,0.0,0.0
4000046,FAJA PTM FLEXBAND 3 BANDAS XXL,0.0,10,INTERNADO(3),7798094547831,0.0,0.0
4000046,FAJA PTM FLEXBAND 3 BANDAS XXL,0.0,10,QUIROFANO(4),7798094547831,0.0,0.0
4000047,"FAJA PTM FLEXBAND 4 BANDAS ""L""",0.0,10,URGENCIAS(2),7798094541259,0.0,0.0
4000047,"FAJA PTM FLEXBAND 4 BANDAS ""L""",0.0,10,INTERNADO(3),7798094541259,0.0,0.0
4000047,"FAJA PTM FLEXBAND 4 BANDAS ""L""",0.0,10,QUIROFANO(4),7798094541259,0.0,0.0
4000048,"FAJA PTM FLEXBAND 4 BANDAS ""M""",0.0,10,URGENCIAS(2),7798094541242,0.0,0.0
4000048,"FAJA PTM FLEXBAND 4 BANDAS ""M""",0.0,10,INTERNADO(3),7798094541242,0.0,0.0
4000048,"FAJA PTM FLEXBAND 4 BANDAS ""M""",0.0,10,QUIROFANO(4),7798094541242,0.0,0.0
4000049,"FAJA PTM FLEXBAND 4 BANDAS ""S""",0.0,10,URGENCIAS(2),7798094541235,0.0,0.0
4000049,"FAJA PTM FLEXBAND 4 BANDAS ""S""",0.0,10,INTERNADO(3),7798094541235,0.0,0.0
4000049,"FAJA PTM FLEXBAND 4 BANDAS ""S""",0.0,10,QUIROFANO(4),7798094541235,0.0,0.0
4000050,"FAJA PTM FLEXBAND 4 BANDAS ""XL""",0.0,10,URGENCIAS(2),7798094541266,0.0,0.0
4000050,"FAJA PTM FLEXBAND 4 BANDAS ""XL""",0.0,10,INTERNADO(3),7798094541266,0.0,0.0
4000050,"FAJA PTM FLEXBAND 4 BANDAS ""XL""",0.0,10,QUIROFANO(4),7798094541266,0.0,0.0
4000051,"FAJA PTM FLEXBAND 4 BANDAS ""XXL""",0.0,10,URGENCIAS(2),7798094547848,0.0,0.0
4000051,"FAJA PTM FLEXBAND 4 BANDAS ""XXL""",0.0,10,INTERNADO(3),7798094547848,0.0,0.0
4000051,"FAJA PTM FLEXBAND 4 BANDAS ""XXL""",0.0,10,QUIROFANO(4),7798094547848,0.0,0.0
4000052,FERULA DIGITAL GRANDE (TALA METALICA),0.0,10,URGENCIAS(2),8400000007580,0.0,0.0
4000052,FERULA DIGITAL GRANDE (TALA METALICA),0.0,10,INTERNADO(3),8400000007580,0.0,0.0
4000052,FERULA DIGITAL GRANDE (TALA METALICA),0.0,10,QUIROFANO(4),8400000007580,0.0,0.0
4000053,FERULA DIGITAL MEDIANA (TALA METALICA),0.0,10,URGENCIAS(2),8400000007573,0.0,0.0
4000053,FERULA DIGITAL MEDIANA (TALA METALICA),0.0,10,INTERNADO(3),8400000007573,0.0,0.0
4000053,FERULA DIGITAL MEDIANA (TALA METALICA),0.0,10,QUIROFANO(4),8400000007573,0.0,0.0
4000054,GILLETTE PRESTOBARBA AZUL X 1 (RASURADOR),0.0,10,URGENCIAS(2),7500435154420,0.0,0.0
4000054,GILLETTE PRESTOBARBA AZUL X 1 (RASURADOR),0.0,10,INTERNADO(3),7500435154420,0.0,0.0
4000054,GILLETTE PRESTOBARBA AZUL X 1 (RASURADOR),0.0,10,QUIROFANO(4),7500435154420,0.0,0.0
4000057,HUGGUIES SUPREM XXXG X,48.0,0,10 URGENCIAS(2),7794626013409,0.0,0.0
4000057,HUGGUIES SUPREM XXXG X,48.0,0,10 INTERNADO(3),7794626013409,0.0,0.0
4000057,HUGGUIES SUPREM XXXG X,48.0,0,10 QUIROFANO(4),7794626013409,0.0,0.0
4000058,HYPERSOL SPRAY NASAL X 45ML,0.0,10,URGENCIAS(2),7795373030633,0.0,0.0
4000058,HYPERSOL SPRAY NASAL X 45ML,0.0,10,INTERNADO(3),7795373030633,0.0,0.0
4000058,HYPERSOL SPRAY NASAL X 45ML,0.0,10,QUIROFANO(4),7795373030633,0.0,0.0
4000059,KUKA CHUPETE NRO1 CRISTAL AZUL,0.0,10,URGENCIAS(2),7896000620071,0.0,0.0
4000059,KUKA CHUPETE NRO1 CRISTAL AZUL,0.0,10,INTERNADO(3),7896000620071,0.0,0.0
4000059,KUKA CHUPETE NRO1 CRISTAL AZUL,0.0,10,QUIROFANO(4),7896000620071,0.0,0.0
4000060,KUKA CHUPETE NRO1 CRISTAL ROSA,0.0,10,URGENCIAS(2),7896000620125,0.0,0.0
4000060,KUKA CHUPETE NRO1 CRISTAL ROSA,0.0,10,INTERNADO(3),7896000620125,0.0,0.0
4000060,KUKA CHUPETE NRO1 CRISTAL ROSA,0.0,10,QUIROFANO(4),7896000620125,0.0,0.0
4000061,KUKA MAMADERA 250ML ROSA,0.0,10,URGENCIAS(2),7896000615428,0.0,0.0
4000061,KUKA MAMADERA 250ML ROSA,0.0,10,INTERNADO(3),7896000615428,0.0,0.0
4000061,KUKA MAMADERA 250ML ROSA,0.0,10,QUIROFANO(4),7896000615428,0.0,0.0
4000062,LECHE NUTRILON PREMIUM C-BIOTIK X 400GR,133000.0,10,URGENCIAS(2),8718117614110,0.0,0.0
4000062,LECHE NUTRILON PREMIUM C-BIOTIK X 400GR,133000.0,10,INTERNADO(3),8718117614110,0.0,0.0
4000062,LECHE NUTRILON PREMIUM C-BIOTIK X 400GR,133000.0,10,QUIROFANO(4),8718117614110,0.0,0.0
4000063,LECHE NUTRILON PREMIUM+ 1 X 400GR,120000.0,10,URGENCIAS(2),7795323774044,0.0,0.0
4000063,LECHE NUTRILON PREMIUM+ 1 X 400GR,120000.0,10,INTERNADO(3),7795323774044,0.0,0.0
4000063,LECHE NUTRILON PREMIUM+ 1 X 400GR,120000.0,10,QUIROFANO(4),7795323774044,0.0,0.0
4000064,LEUKOMED T PLUS 10 X 35CM (CURITON),43000.0,10,URGENCIAS(2),8400000003247,0.0,0.0
4000064,LEUKOMED T PLUS 10 X 35CM (CURITON),43000.0,10,INTERNADO(3),8400000003247,0.0,0.0
4000064,LEUKOMED T PLUS 10 X 35CM (CURITON),43000.0,10,QUIROFANO(4),8400000003247,0.0,0.0
4000065,LEUKOMED T PLUS 10 X 25CM (CURITON),37000.0,10,URGENCIAS(2),8400000004053,0.0,0.0
4000065,LEUKOMED T PLUS 10 X 25CM (CURITON),37000.0,10,INTERNADO(3),8400000004053,0.0,0.0
4000065,LEUKOMED T PLUS 10 X 25CM (CURITON),37000.0,10,QUIROFANO(4),8400000004053,0.0,0.0
4000066,LEUKOMED T PLUS 8 X 15 CM (CURITON),15400.0,10,URGENCIAS(2),8400000072892,0.0,2.0
4000066,LEUKOMED T PLUS 8 X 15 CM (CURITON),15400.0,10,INTERNADO(3),8400000072892,0.0,0.0
4000066,LEUKOMED T PLUS 8 X 15 CM (CURITON),15400.0,10,QUIROFANO(4),8400000072892,0.0,0.0
4000067,"LEUKOPLAST 1,25CM X 4,6M",22000.0,10,URGENCIAS(2),42079125,0.0,0.0
4000067,"LEUKOPLAST 1,25CM X 4,6M",22000.0,10,INTERNADO(3),42079125,0.0,0.0
4000067,"LEUKOPLAST 1,25CM X 4,6M",22000.0,10,QUIROFANO(4),42079125,0.0,0.0
4000067,"LEUKOPLAST 1,25CM X 4,6M",22000.0,10,ADMINISTRACION,42079125,0.0,0.0
4000067,"LEUKOPLAST 1,25CM X 4,6M",22000.0,10,CARRO DE PARO,42079125,0.0,0.0
4000069,"LEUKOPLAST 7,5CM X 5M",0.0,10,URGENCIAS(2),42078845,0.0,0.0
4000069,"LEUKOPLAST 7,5CM X 5M",0.0,10,INTERNADO(3),42078845,0.0,0.0
4000069,"LEUKOPLAST 7,5CM X 5M",0.0,10,QUIROFANO(4),42078845,0.0,0.0
4000069,"LEUKOPLAST 7,5CM X 5M",0.0,10,ADMINISTRACION,42078845,0.0,0.0
4000069,"LEUKOPLAST 7,5CM X 5M",0.0,10,CARRO DE PARO,42078845,0.0,0.0
4000070,MARIMER ASPIRADOR NASAL P/BEBES,72000.0,10,URGENCIAS(2),3518646673115,0.0,1.0
4000070,MARIMER ASPIRADOR NASAL P/BEBES,72000.0,10,INTERNADO(3),3518646673115,0.0,0.0
4000070,MARIMER ASPIRADOR NASAL P/BEBES,72000.0,10,QUIROFANO(4),3518646673115,0.0,0.0
4000071,MASCARA P/ NEBULIZAR ADULTO,45000.0,10,URGENCIAS(2),7896436900167,0.0,3.0
4000071,MASCARA P/ NEBULIZAR ADULTO,45000.0,10,INTERNADO(3),7896436900167,0.0,0.0
4000071,MASCARA P/ NEBULIZAR ADULTO,45000.0,10,QUIROFANO(4),7896436900167,0.0,0.0
4000072,MASCARA P/ NEBULIZAR PEDIATRICO,45000.0,10,INTERNADO(3),7896436900150,0.0,0.0
4000072,MASCARA P/ NEBULIZAR PEDIATRICO,45000.0,10,QUIROFANO(4),7896436900150,0.0,0.0
4000073,MASCARA P/ OXIGENO ADULTO,0.0,10,URGENCIAS(2),8400000000758,0.0,0.0
4000073,MASCARA P/ OXIGENO ADULTO,0.0,10,INTERNADO(3),8400000000758,0.0,0.0
4000073,MASCARA P/ OXIGENO ADULTO,0.0,10,QUIROFANO(4),8400000000758,0.0,0.0
4000074,MASCARA P/ OXIGENO C/ RESERVORIO ADULTO,32000.0,10,URGENCIAS(2),8400000000796,0.0,1.0
4000074,MASCARA P/ OXIGENO C/ RESERVORIO ADULTO,32000.0,10,INTERNADO(3),8400000000796,0.0,0.0
4000074,MASCARA P/ OXIGENO C/ RESERVORIO ADULTO,32000.0,10,QUIROFANO(4),8400000000796,0.0,0.0
4000075,MASCARA P/ OXIGENO C/ RESERVORIO PEDIATRICO,35000.0,10,URGENCIAS(2),8400000002288,0.0,0.0
4000075,MASCARA P/ OXIGENO C/ RESERVORIO PEDIATRICO,35000.0,10,INTERNADO(3),8400000002288,0.0,0.0
4000075,MASCARA P/ OXIGENO C/ RESERVORIO PEDIATRICO,35000.0,10,QUIROFANO(4),8400000002288,0.0,0.0
4000076,MASCARA P/ OXIGENO PEDIATRICO,0.0,10,URGENCIAS(2),8400000000765,0.0,0.0
4000076,MASCARA P/ OXIGENO PEDIATRICO,0.0,10,INTERNADO(3),8400000000765,0.0,0.0
4000076,MASCARA P/ OXIGENO PEDIATRICO,0.0,10,QUIROFANO(4),8400000000765,0.0,0.0
4000077,MEDIA ANTIEMBOLISMO COMPRINET TAM,1.0,0,10 URGENCIAS(2),4042809112344,0.0,0.0
4000077,MEDIA ANTIEMBOLISMO COMPRINET TAM,1.0,0,10 INTERNADO(3),4042809112344,0.0,0.0
4000077,MEDIA ANTIEMBOLISMO COMPRINET TAM,1.0,0,10 QUIROFANO(4),4042809112344,0.0,0.0
4000078,MEDIA ANTIEMBOLISMO COMPRINET TAM,2.0,0,10 URGENCIAS(2),4042809112375,0.0,0.0
4000078,MEDIA ANTIEMBOLISMO COMPRINET TAM,2.0,0,10 INTERNADO(3),4042809112375,0.0,0.0
4000078,MEDIA ANTIEMBOLISMO COMPRINET TAM,2.0,0,10 QUIROFANO(4),4042809112375,0.0,0.0
4000079,MEDIA ANTIEMBOLISMO COMPRINET TAM,3.0,0,10 URGENCIAS(2),4042809112405,0.0,0.0
4000079,MEDIA ANTIEMBOLISMO COMPRINET TAM,3.0,0,10 INTERNADO(3),4042809112405,0.0,0.0
4000079,MEDIA ANTIEMBOLISMO COMPRINET TAM,3.0,0,10 QUIROFANO(4),4042809112405,0.0,0.0
4000080,MEDIA ANTIEMBOLISMO COMPRINET TAM,4.0,0,10 URGENCIAS(2),4042809112436,0.0,0.0
4000080,MEDIA ANTIEMBOLISMO COMPRINET TAM,4.0,0,10 INTERNADO(3),4042809112436,0.0,0.0
4000080,MEDIA ANTIEMBOLISMO COMPRINET TAM,4.0,0,10 QUIROFANO(4),4042809112436,0.0,0.0
4000081,MEDIA ANTIEMBOLISMO COMPRINET TAM,5.0,0,10 URGENCIAS(2),4042809112467,0.0,0.0
4000081,MEDIA ANTIEMBOLISMO COMPRINET TAM,5.0,0,10 INTERNADO(3),4042809112467,0.0,0.0
4000081,MEDIA ANTIEMBOLISMO COMPRINET TAM,5.0,0,10 QUIROFANO(4),4042809112467,0.0,0.0
4000082,MEDIA ANTIEMBOLISMO COMPRINET TAM,6.0,0,10 URGENCIAS(2),4042809112498,0.0,0.0
4000082,MEDIA ANTIEMBOLISMO COMPRINET TAM,6.0,0,10 INTERNADO(3),4042809112498,0.0,0.0
4000082,MEDIA ANTIEMBOLISMO COMPRINET TAM,6.0,0,10 QUIROFANO(4),4042809112498,0.0,0.0
4000083,MEDIA ANTIEMBOLISMO P VENOSAN,0.0,10,URGENCIAS(2),7898360913466,0.0,0.0
4000083,MEDIA ANTIEMBOLISMO P VENOSAN,0.0,10,INTERNADO(3),7898360913466,0.0,0.0
4000083,MEDIA ANTIEMBOLISMO P VENOSAN,0.0,10,QUIROFANO(4),7898360913466,0.0,0.0
4000084,"MEDIA ANTIEMBOLISMO TED ""M""",0.0,10,URGENCIAS(2),8400000012355,0.0,0.0
4000084,"MEDIA ANTIEMBOLISMO TED ""M""",0.0,10,INTERNADO(3),8400000012355,0.0,0.0
4000084,"MEDIA ANTIEMBOLISMO TED ""M""",0.0,10,QUIROFANO(4),8400000012355,0.0,0.0
4000085,"MICROPORE 3M BLANCO 5CM X 9,1M",46000.0,10,URGENCIAS(2),7891040005819,0.0,0.0
4000085,"MICROPORE 3M BLANCO 5CM X 9,1M",46000.0,10,INTERNADO(3),7891040005819,0.0,0.0
4000085,"MICROPORE 3M BLANCO 5CM X 9,1M",46000.0,10,QUIROFANO(4),7891040005819,0.0,0.0
4000086,7891040005819,0.0,10,URGENCIAS(2),7891040005826,0.0,0.0
4000086,7891040005819,0.0,10,INTERNADO(3),7891040005826,0.0,0.0
4000086,7891040005819,0.0,10,QUIROFANO(4),7891040005826,0.0,0.0
4000087,MUNDIAL TIJERA PUNTO ROJO 663-7 1/2,0.0,10,URGENCIAS(2),7891060680768,0.0,0.0
4000087,MUNDIAL TIJERA PUNTO ROJO 663-7 1/2,0.0,10,INTERNADO(3),7891060680768,0.0,0.0
4000087,MUNDIAL TIJERA PUNTO ROJO 663-7 1/2,0.0,10,QUIROFANO(4),7891060680768,0.0,0.0
4000088,NEPRO AP VAINILLA LATA 237 ML,0.0,10,URGENCIAS(2),70074117195,0.0,0.0
4000088,NEPRO AP VAINILLA LATA 237 ML,0.0,10,INTERNADO(3),70074117195,0.0,0.0
4000088,NEPRO AP VAINILLA LATA 237 ML,0.0,10,QUIROFANO(4),70074117195,0.0,0.0
4000088,NEPRO AP VAINILLA LATA 237 ML,0.0,10,ADMINISTRACION,70074117195,0.0,0.0
4000088,NEPRO AP VAINILLA LATA 237 ML,0.0,10,CARRO DE PARO,70074117195,0.0,0.0
4000089,70074117195,0.0,10,URGENCIAS(2),4005808979813,0.0,0.0
4000089,70074117195,0.0,10,INTERNADO(3),4005808979813,0.0,0.0
4000089,70074117195,0.0,10,QUIROFANO(4),4005808979813,0.0,0.0
4000090,NIVEA DESODORANTE SPRAY STRESS PROTECT FEM 150ML,0.0,10,FARMACIA INTERNA(1),4000090,0.0,0.0
4000090,NIVEA DESODORANTE SPRAY STRESS PROTECT FEM 150ML,0.0,10,URGENCIAS(2),4000090,0.0,0.0
4000090,NIVEA DESODORANTE SPRAY STRESS PROTECT FEM 150ML,0.0,10,INTERNADO(3),4000090,0.0,0.0
4000090,NIVEA DESODORANTE SPRAY STRESS PROTECT FEM 150ML,0.0,10,QUIROFANO(4),4000090,0.0,0.0
4000090,NIVEA DESODORANTE SPRAY STRESS PROTECT FEM 150ML,0.0,10,ADMINISTRACION,4000090,0.0,0.0
4000090,NIVEA DESODORANTE SPRAY STRESS PROTECT FEM 150ML,0.0,10,CARRO DE PARO,4000090,0.0,0.0
4000091,NUTRIBABY 1 LATA X 400 GR,0.0,10,URGENCIAS(2),7798181640018,0.0,0.0
4000091,NUTRIBABY 1 LATA X 400 GR,0.0,10,INTERNADO(3),7798181640018,0.0,0.0
4000091,NUTRIBABY 1 LATA X 400 GR,0.0,10,QUIROFANO(4),7798181640018,0.0,0.0
4000092,NYLON DEMELON 3-0/DFSL-CU (SC-30),0.0,10,URGENCIAS(2),8400000088855,0.0,0.0
4000092,NYLON DEMELON 3-0/DFSL-CU (SC-30),0.0,10,INTERNADO(3),8400000088855,0.0,0.0
4000092,NYLON DEMELON 3-0/DFSL-CU (SC-30),0.0,10,QUIROFANO(4),8400000088855,0.0,0.0
4000093,NYLON DEMELON 4-0/DFS-2 CU (SC 20),0.0,10,URGENCIAS(2),8400000086851,0.0,0.0
4000093,NYLON DEMELON 4-0/DFS-2 CU (SC 20),0.0,10,INTERNADO(3),8400000086851,0.0,0.0
4000093,NYLON DEMELON 4-0/DFS-2 CU (SC 20),0.0,10,QUIROFANO(4),8400000086851,0.0,0.0
4000094,8400000086851,0.0,10,URGENCIAS(2),8400000086486,0.0,0.0
4000094,8400000086851,0.0,10,INTERNADO(3),8400000086486,0.0,0.0
4000094,8400000086851,0.0,10,QUIROFANO(4),8400000086486,0.0,0.0
4000095,PAÑAL AIDY ADULTO POR UNIDAD,12000.0,10,URGENCIAS(2),8400000043519,0.0,0.0
4000095,PAÑAL AIDY ADULTO POR UNIDAD,12000.0,10,INTERNADO(3),8400000043519,0.0,0.0
4000095,PAÑAL AIDY ADULTO POR UNIDAD,12000.0,10,QUIROFANO(4),8400000043519,0.0,0.0
4000096,PAÑAL HUGGIES PRIMEROS DIAS PREMAT X 30UNID,0.0,10,URGENCIAS(2),7794626007149,0.0,0.0
4000096,PAÑAL HUGGIES PRIMEROS DIAS PREMAT X 30UNID,0.0,10,INTERNADO(3),7794626007149,0.0,0.0
4000096,PAÑAL HUGGIES PRIMEROS DIAS PREMAT X 30UNID,0.0,10,QUIROFANO(4),7794626007149,0.0,0.0
4000097,PAPEL P/ ELECTRO 8 CM X 44 M ROLLO,380000.0,10,URGENCIAS(2),8400000098687,0.0,0.0
4000097,PAPEL P/ ELECTRO 8 CM X 44 M ROLLO,380000.0,10,INTERNADO(3),8400000098687,0.0,0.0
4000097,PAPEL P/ ELECTRO 8 CM X 44 M ROLLO,380000.0,10,QUIROFANO(4),8400000098687,0.0,0.0
4000098,PARSOL ASPIRADOR NASAL,0.0,10,URGENCIAS(2),8436542625135,0.0,0.0
4000098,PARSOL ASPIRADOR NASAL,0.0,10,INTERNADO(3),8436542625135,0.0,0.0
4000098,PARSOL ASPIRADOR NASAL,0.0,10,QUIROFANO(4),8436542625135,0.0,0.0
4000099,PLIE CONTROL TOP 50142 GG,0.0,10,URGENCIAS(2),7890856073241,0.0,0.0
4000099,PLIE CONTROL TOP 50142 GG,0.0,10,INTERNADO(3),7890856073241,0.0,0.0
4000099,PLIE CONTROL TOP 50142 GG,0.0,10,QUIROFANO(4),7890856073241,0.0,0.0
4000100,PLIE CONTROL TOP 50142 M,0.0,10,URGENCIAS(2),7890856073227,0.0,0.0
4000100,PLIE CONTROL TOP 50142 M,0.0,10,INTERNADO(3),7890856073227,0.0,0.0
4000100,PLIE CONTROL TOP 50142 M,0.0,10,QUIROFANO(4),7890856073227,0.0,0.0
4000101,PLIE CONTROL TOP 50142 P NUDE,0.0,10,URGENCIAS(2),7890856073210,0.0,0.0
4000101,PLIE CONTROL TOP 50142 P NUDE,0.0,10,INTERNADO(3),7890856073210,0.0,0.0
4000101,PLIE CONTROL TOP 50142 P NUDE,0.0,10,QUIROFANO(4),7890856073210,0.0,0.0
4000102,PLIE FAJA POST LIPO M,50324.0,0,10 URGENCIAS(2),7890856116023,0.0,0.0
4000102,PLIE FAJA POST LIPO M,50324.0,0,10 INTERNADO(3),7890856116023,0.0,0.0
4000102,PLIE FAJA POST LIPO M,50324.0,0,10 QUIROFANO(4),7890856116023,0.0,0.0
4000103,PLIE FAJA POST LIPO P,50324.0,0,10 URGENCIAS(2),7890856116016,0.0,0.0
4000103,PLIE FAJA POST LIPO P,50324.0,0,10 INTERNADO(3),7890856116016,0.0,0.0
4000103,PLIE FAJA POST LIPO P,50324.0,0,10 QUIROFANO(4),7890856116016,0.0,0.0
4000104,PLIE TOP POST CIRUG M,50319.0,0,10 URGENCIAS(2),7890856115576,0.0,0.0
4000104,PLIE TOP POST CIRUG M,50319.0,0,10 INTERNADO(3),7890856115576,0.0,0.0
4000104,PLIE TOP POST CIRUG M,50319.0,0,10 QUIROFANO(4),7890856115576,0.0,0.0
4000105,PRESERV. CONTROL EXTRA LUBE X 3 UNI,0.0,10,URGENCIAS(2),8411134102799,0.0,0.0
4000105,PRESERV. CONTROL EXTRA LUBE X 3 UNI,0.0,10,INTERNADO(3),8411134102799,0.0,0.0
4000105,PRESERV. CONTROL EXTRA LUBE X 3 UNI,0.0,10,QUIROFANO(4),8411134102799,0.0,0.0
4000106,PRESERV. CONTROL MENTA X 3 UNI,0.0,10,URGENCIAS(2),8411134102850,0.0,0.0
4000106,PRESERV. CONTROL MENTA X 3 UNI,0.0,10,INTERNADO(3),8411134102850,0.0,0.0
4000106,PRESERV. CONTROL MENTA X 3 UNI,0.0,10,QUIROFANO(4),8411134102850,0.0,0.0
4000107,PROLENE AZUL 3-0 ETHICON,0.0,10,URGENCIAS(2),8400000004350,0.0,0.0
4000107,PROLENE AZUL 3-0 ETHICON,0.0,10,INTERNADO(3),8400000004350,0.0,0.0
4000107,PROLENE AZUL 3-0 ETHICON,0.0,10,QUIROFANO(4),8400000004350,0.0,0.0
4000108,PROLENE AZUL 6-0 ETHICON,0.0,10,URGENCIAS(2),8400000004374,0.0,0.0
4000108,PROLENE AZUL 6-0 ETHICON,0.0,10,INTERNADO(3),8400000004374,0.0,0.0
4000108,PROLENE AZUL 6-0 ETHICON,0.0,10,QUIROFANO(4),8400000004374,0.0,0.0
4000109,PRONTOSAN GEL X 30 ML (B/BRAUN),0.0,10,URGENCIAS(2),4039239517993,0.0,0.0
4000109,PRONTOSAN GEL X 30 ML (B/BRAUN),0.0,10,INTERNADO(3),4039239517993,0.0,0.0
4000109,PRONTOSAN GEL X 30 ML (B/BRAUN),0.0,10,QUIROFANO(4),4039239517993,0.0,0.0
4000110,PRONTOSAN SOLUCION X 350 ML B/BRAUN,0.0,10,URGENCIAS(2),4039239517955,0.0,0.0
4000110,PRONTOSAN SOLUCION X 350 ML B/BRAUN,0.0,10,INTERNADO(3),4039239517955,0.0,0.0
4000110,PRONTOSAN SOLUCION X 350 ML B/BRAUN,0.0,10,QUIROFANO(4),4039239517955,0.0,0.0
4000111,QUITAESMALTE CAREY COTTON 65ML,0.0,10,URGENCIAS(2),7840508007117,0.0,0.0
4000111,QUITAESMALTE CAREY COTTON 65ML,0.0,10,INTERNADO(3),7840508007117,0.0,0.0
4000111,QUITAESMALTE CAREY COTTON 65ML,0.0,10,QUIROFANO(4),7840508007117,0.0,0.0
4000112,RESTORE CALCICARE 10CM X 10 CM (ALGINATO DE CALCIO),0.0,10,URGENCIAS(2),100610075099,0.0,0.0
4000112,RESTORE CALCICARE 10CM X 10 CM (ALGINATO DE CALCIO),0.0,10,INTERNADO(3),100610075099,0.0,0.0
4000112,RESTORE CALCICARE 10CM X 10 CM (ALGINATO DE CALCIO),0.0,10,QUIROFANO(4),100610075099,0.0,0.0
4000112,RESTORE CALCICARE 10CM X 10 CM (ALGINATO DE CALCIO),0.0,10,ADMINISTRACION,100610075099,0.0,0.0
4000112,RESTORE CALCICARE 10CM X 10 CM (ALGINATO DE CALCIO),0.0,10,CARRO DE PARO,100610075099,0.0,0.0
4000113,SABELLE ALCOHOL SANITIZANTE 1000CC CON DISPENSER,0.0,10,URGENCIAS(2),7840285607364,0.0,0.0
4000113,SABELLE ALCOHOL SANITIZANTE 1000CC CON DISPENSER,0.0,10,INTERNADO(3),7840285607364,0.0,0.0
4000113,SABELLE ALCOHOL SANITIZANTE 1000CC CON DISPENSER,0.0,10,QUIROFANO(4),7840285607364,0.0,0.0
4000114,SABELLE QUITA ESMALTE CELESTE,0.0,10,URGENCIAS(2),7840285606664,0.0,0.0
4000114,SABELLE QUITA ESMALTE CELESTE,0.0,10,INTERNADO(3),7840285606664,0.0,0.0
4000114,SABELLE QUITA ESMALTE CELESTE,0.0,10,QUIROFANO(4),7840285606664,0.0,0.0
4000115,SABELLE QUITA ESMALTE ROSADO,0.0,10,URGENCIAS(2),7840285606695,0.0,0.0
4000115,SABELLE QUITA ESMALTE ROSADO,0.0,10,INTERNADO(3),7840285606695,0.0,0.0
4000115,SABELLE QUITA ESMALTE ROSADO,0.0,10,QUIROFANO(4),7840285606695,0.0,0.0
4000116,SABELLE QUITA ESMALTE VERDE,0.0,10,URGENCIAS(2),7840285606671,0.0,0.0
4000116,SABELLE QUITA ESMALTE VERDE,0.0,10,INTERNADO(3),7840285606671,0.0,0.0
4000116,SABELLE QUITA ESMALTE VERDE,0.0,10,QUIROFANO(4),7840285606671,0.0,0.0
4000117,"SAFIL 0 HR40S 1/2C 3,5MET. AGUJA GRANDE",0.0,10,URGENCIAS(2),8400000005388,0.0,0.0
4000117,"SAFIL 0 HR40S 1/2C 3,5MET. AGUJA GRANDE",0.0,10,INTERNADO(3),8400000005388,0.0,0.0
4000117,"SAFIL 0 HR40S 1/2C 3,5MET. AGUJA GRANDE",0.0,10,QUIROFANO(4),8400000005388,0.0,0.0
4000118,"SCOTCHCAST PLUS 10,1 X 3,6 M",0.0,10,URGENCIAS(2),8400000008709,0.0,0.0
4000118,"SCOTCHCAST PLUS 10,1 X 3,6 M",0.0,10,INTERNADO(3),8400000008709,0.0,0.0
4000118,"SCOTCHCAST PLUS 10,1 X 3,6 M",0.0,10,QUIROFANO(4),8400000008709,0.0,0.0
4000119,"SCOTCHCAST PLUS 7 X 3,6 M",0.0,10,URGENCIAS(2),8400000008754,0.0,0.0
4000119,"SCOTCHCAST PLUS 7 X 3,6 M",0.0,10,INTERNADO(3),8400000008754,0.0,0.0
4000119,"SCOTCHCAST PLUS 7 X 3,6 M",0.0,10,QUIROFANO(4),8400000008754,0.0,0.0
4000120,SOPORTE ESCROTAL BLUNDING XL,0.0,10,URGENCIAS(2),7801001000326,0.0,0.0
4000120,SOPORTE ESCROTAL BLUNDING XL,0.0,10,INTERNADO(3),7801001000326,0.0,0.0
4000120,SOPORTE ESCROTAL BLUNDING XL,0.0,10,QUIROFANO(4),7801001000326,0.0,0.0
4000121,7801001000326,0.0,10,URGENCIAS(2),8400000006330,0.0,0.0
4000121,7801001000326,0.0,10,INTERNADO(3),8400000006330,0.0,0.0
4000121,7801001000326,0.0,10,QUIROFANO(4),8400000006330,0.0,0.0
4000122,SOPORTE P/ BOLSA TANDEM J 57MM,0.0,10,URGENCIAS(2),8400000006347,0.0,0.0
4000122,SOPORTE P/ BOLSA TANDEM J 57MM,0.0,10,INTERNADO(3),8400000006347,0.0,0.0
4000122,SOPORTE P/ BOLSA TANDEM J 57MM,0.0,10,QUIROFANO(4),8400000006347,0.0,0.0
4000123,SOPORTE P/ BOLSA TANDEM K 70MM,0.0,10,URGENCIAS(2),8400000006354,0.0,0.0
4000123,SOPORTE P/ BOLSA TANDEM K 70MM,0.0,10,INTERNADO(3),8400000006354,0.0,0.0
4000123,SOPORTE P/ BOLSA TANDEM K 70MM,0.0,10,QUIROFANO(4),8400000006354,0.0,0.0
4000124,TEGADERM + PAD GRANDE 9CM X 25CM,0.0,10,URGENCIAS(2),100707387435,0.0,0.0
4000124,TEGADERM + PAD GRANDE 9CM X 25CM,0.0,10,INTERNADO(3),100707387435,0.0,0.0
4000124,TEGADERM + PAD GRANDE 9CM X 25CM,0.0,10,QUIROFANO(4),100707387435,0.0,0.0
4000124,TEGADERM + PAD GRANDE 9CM X 25CM,0.0,10,ADMINISTRACION,100707387435,0.0,0.0
4000124,TEGADERM + PAD GRANDE 9CM X 25CM,0.0,10,CARRO DE PARO,100707387435,0.0,0.0
4000125,TEGADERM FILM 1624W CHICO 6 X 7 CM,0.0,10,URGENCIAS(2),8400000005494,0.0,0.0
4000125,TEGADERM FILM 1624W CHICO 6 X 7 CM,0.0,10,INTERNADO(3),8400000005494,0.0,0.0
4000125,TEGADERM FILM 1624W CHICO 6 X 7 CM,0.0,10,QUIROFANO(4),8400000005494,0.0,0.0
4000126,TEGADERM FILM MEDIANO 1626W 10 X 12 CM,0.0,10,URGENCIAS(2),100707387509,0.0,0.0
4000126,TEGADERM FILM MEDIANO 1626W 10 X 12 CM,0.0,10,INTERNADO(3),100707387509,0.0,0.0
4000126,TEGADERM FILM MEDIANO 1626W 10 X 12 CM,0.0,10,QUIROFANO(4),100707387509,0.0,0.0
4000126,TEGADERM FILM MEDIANO 1626W 10 X 12 CM,0.0,10,ADMINISTRACION,100707387509,0.0,0.0
4000126,TEGADERM FILM MEDIANO 1626W 10 X 12 CM,0.0,10,CARRO DE PARO,100707387509,0.0,0.0
4000127,TERMOMETRO DIGITAL X 1,23000.0,10,URGENCIAS(2),6943532400044,0.0,0.0
4000127,TERMOMETRO DIGITAL X 1,23000.0,10,INTERNADO(3),6943532400044,0.0,0.0
4000127,TERMOMETRO DIGITAL X 1,23000.0,10,QUIROFANO(4),6943532400044,0.0,0.0
4000128,VENDA COBAN 10CM (COHESIVA),0.0,10,URGENCIAS(2),8400000019804,0.0,0.0
4000128,VENDA COBAN 10CM (COHESIVA),0.0,10,INTERNADO(3),8400000019804,0.0,0.0
4000128,VENDA COBAN 10CM (COHESIVA),0.0,10,QUIROFANO(4),8400000019804,0.0,0.0
4000129,VENDA CREPON CREMER 10CM,10000.0,10,URGENCIAS(2),7891450526031,0.0,1.0
4000129,VENDA CREPON CREMER 10CM,10000.0,10,INTERNADO(3),7891450526031,0.0,0.0
4000129,VENDA CREPON CREMER 10CM,10000.0,10,QUIROFANO(4),7891450526031,0.0,0.0
4000130,VENDA CREPON CREMER 15CM,13300.0,10,URGENCIAS(2),7891800521276,0.0,25.0
4000130,VENDA CREPON CREMER 15CM,13300.0,10,INTERNADO(3),7891800521276,0.0,0.0
4000130,VENDA CREPON CREMER 15CM,13300.0,10,QUIROFANO(4),7891800521276,0.0,0.0
4000131,"VENDA ELASTICA GRUESA 15CM X 2,5 MTS",0.0,10,URGENCIAS(2),8400000018128,0.0,0.0
4000131,"VENDA ELASTICA GRUESA 15CM X 2,5 MTS",0.0,10,INTERNADO(3),8400000018128,0.0,0.0
4000131,"VENDA ELASTICA GRUESA 15CM X 2,5 MTS",0.0,10,QUIROFANO(4),8400000018128,0.0,0.0
4000132,VENDA ENYESADA GYPSONA 10CM X 3M,0.0,10,URGENCIAS(2),400000007252,0.0,0.0
4000132,VENDA ENYESADA GYPSONA 10CM X 3M,0.0,10,INTERNADO(3),400000007252,0.0,0.0
4000132,VENDA ENYESADA GYPSONA 10CM X 3M,0.0,10,QUIROFANO(4),400000007252,0.0,0.0
4000132,VENDA ENYESADA GYPSONA 10CM X 3M,0.0,10,ADMINISTRACION,400000007252,0.0,0.0
4000132,VENDA ENYESADA GYPSONA 10CM X 3M,0.0,10,CARRO DE PARO,400000007252,0.0,0.0
4000133,VENDA ENYESADA GYPSONA 15CM X 3M,0.0,10,URGENCIAS(2),8400000007467,0.0,0.0
4000133,VENDA ENYESADA GYPSONA 15CM X 3M,0.0,10,INTERNADO(3),8400000007467,0.0,0.0
4000133,VENDA ENYESADA GYPSONA 15CM X 3M,0.0,10,QUIROFANO(4),8400000007467,0.0,0.0
4000134,VENDA ENYESADA GYPSONA 20CM X 3M,0.0,10,URGENCIAS(2),8400000007474,0.0,0.0
4000134,VENDA ENYESADA GYPSONA 20CM X 3M,0.0,10,INTERNADO(3),8400000007474,0.0,0.0
4000134,VENDA ENYESADA GYPSONA 20CM X 3M,0.0,10,QUIROFANO(4),8400000007474,0.0,0.0
4000135,WIP ANIOS EXCEL X 100 TOALLITAS,0.0,10,URGENCIAS(2),3597610424939,0.0,0.0
4000135,WIP ANIOS EXCEL X 100 TOALLITAS,0.0,10,INTERNADO(3),3597610424939,0.0,0.0
4000135,WIP ANIOS EXCEL X 100 TOALLITAS,0.0,10,QUIROFANO(4),3597610424939,0.0,0.0
4000136,KIT CODEFREE APARATO (HEMOGLUCOTEST),0.0,0,URGENCIAS(2),8809319390213,0.0,0.0
4000136,KIT CODEFREE APARATO (HEMOGLUCOTEST),0.0,0,INTERNADO(3),8809319390213,0.0,0.0
4000136,KIT CODEFREE APARATO (HEMOGLUCOTEST),0.0,0,QUIROFANO(4),8809319390213,0.0,0.0
4000137,LANCETA X 100 UNI,30000.0,0,FARMACIA INTERNA(1),4000137,0.0,1.0
4000137,LANCETA X 100 UNI,30000.0,0,URGENCIAS(2),4000137,0.0,0.0
4000137,LANCETA X 100 UNI,30000.0,0,INTERNADO(3),4000137,0.0,0.0
4000137,LANCETA X 100 UNI,30000.0,0,QUIROFANO(4),4000137,0.0,0.0
4000137,LANCETA X 100 UNI,30000.0,0,ADMINISTRACION,4000137,0.0,0.0
4000137,LANCETA X 100 UNI,30000.0,0,CARRO DE PARO,4000137,0.0,0.0
4000138,LANCETA X UNIDAD,0.0,0,URGENCIAS(2),8400000005326,0.0,66.0
4000138,LANCETA X UNIDAD,0.0,0,INTERNADO(3),8400000005326,0.0,0.0
4000138,LANCETA X UNIDAD,0.0,0,QUIROFANO(4),8400000005326,0.0,0.0
4000139,LANCETA X UNIDAD (NIPRO),0.0,0,FARMACIA INTERNA(1),4000139,0.0,0.0
4000139,LANCETA X UNIDAD (NIPRO),0.0,0,URGENCIAS(2),4000139,0.0,0.0
4000139,LANCETA X UNIDAD (NIPRO),0.0,0,INTERNADO(3),4000139,0.0,0.0
4000139,LANCETA X UNIDAD (NIPRO),0.0,0,QUIROFANO(4),4000139,0.0,0.0
4000139,LANCETA X UNIDAD (NIPRO),0.0,0,ADMINISTRACION,4000139,0.0,0.0
4000139,LANCETA X UNIDAD (NIPRO),0.0,0,CARRO DE PARO,4000139,0.0,0.0
4000140,ACEITE P/ INSTRUMENTAL 50ML - STORZ,0.0,10,FARMACIA INTERNA(1),4000140,0.0,0.0
4000140,ACEITE P/ INSTRUMENTAL 50ML - STORZ,0.0,10,URGENCIAS(2),4000140,0.0,0.0
4000140,ACEITE P/ INSTRUMENTAL 50ML - STORZ,0.0,10,INTERNADO(3),4000140,0.0,0.0
4000140,ACEITE P/ INSTRUMENTAL 50ML - STORZ,0.0,10,QUIROFANO(4),4000140,0.0,0.0
4000140,ACEITE P/ INSTRUMENTAL 50ML - STORZ,0.0,10,ADMINISTRACION,4000140,0.0,0.0
4000140,ACEITE P/ INSTRUMENTAL 50ML - STORZ,0.0,10,CARRO DE PARO,4000140,0.0,0.0
4000141,AEROCAMARA EASTMARK ADULTO,0.0,10,FARMACIA INTERNA(1),4000141,0.0,0.0
4000141,AEROCAMARA EASTMARK ADULTO,0.0,10,URGENCIAS(2),4000141,0.0,0.0
4000141,AEROCAMARA EASTMARK ADULTO,0.0,10,INTERNADO(3),4000141,0.0,0.0
4000141,AEROCAMARA EASTMARK ADULTO,0.0,10,QUIROFANO(4),4000141,0.0,0.0
4000141,AEROCAMARA EASTMARK ADULTO,0.0,10,ADMINISTRACION,4000141,0.0,0.0
4000141,AEROCAMARA EASTMARK ADULTO,0.0,10,CARRO DE PARO,4000141,0.0,0.0
4000143,AGUA OXIGENADA 10 VOL 1000ML,0.0,10,FARMACIA INTERNA(1),4000143,0.0,4.0
4000143,AGUA OXIGENADA 10 VOL 1000ML,0.0,10,URGENCIAS(2),4000143,0.0,0.0
4000143,AGUA OXIGENADA 10 VOL 1000ML,0.0,10,INTERNADO(3),4000143,0.0,0.0
4000143,AGUA OXIGENADA 10 VOL 1000ML,0.0,10,QUIROFANO(4),4000143,0.0,0.0
4000143,AGUA OXIGENADA 10 VOL 1000ML,0.0,10,ADMINISTRACION,4000143,0.0,0.0
4000143,AGUA OXIGENADA 10 VOL 1000ML,0.0,10,CARRO DE PARO,4000143,0.0,0.0
4000144,AJUAR PARA RN ESTERILIZADO,0.0,10,FARMACIA INTERNA(1),4000144,0.0,0.0
4000144,AJUAR PARA RN ESTERILIZADO,0.0,10,URGENCIAS(2),4000144,0.0,0.0
4000144,AJUAR PARA RN ESTERILIZADO,0.0,10,INTERNADO(3),4000144,0.0,0.0
4000144,AJUAR PARA RN ESTERILIZADO,0.0,10,QUIROFANO(4),4000144,0.0,0.0
4000144,AJUAR PARA RN ESTERILIZADO,0.0,10,ADMINISTRACION,4000144,0.0,0.0
4000144,AJUAR PARA RN ESTERILIZADO,0.0,10,CARRO DE PARO,4000144,0.0,0.0
4000145,ALGODON POLIESTER 0 (SHALON),0.0,10,FARMACIA INTERNA(1),4000145,0.0,0.0
4000145,ALGODON POLIESTER 0 (SHALON),0.0,10,URGENCIAS(2),4000145,0.0,5.0
4000145,ALGODON POLIESTER 0 (SHALON),0.0,10,INTERNADO(3),4000145,0.0,0.0
4000145,ALGODON POLIESTER 0 (SHALON),0.0,10,QUIROFANO(4),4000145,0.0,0.0
4000145,ALGODON POLIESTER 0 (SHALON),0.0,10,ADMINISTRACION,4000145,0.0,0.0
4000145,ALGODON POLIESTER 0 (SHALON),0.0,10,CARRO DE PARO,4000145,0.0,0.0
4000146,ALGODON NEUROQUIRURGICO ESTERIL,0.0,10,FARMACIA INTERNA(1),4000146,0.0,0.0
4000146,ALGODON NEUROQUIRURGICO ESTERIL,0.0,10,URGENCIAS(2),4000146,0.0,0.0
4000146,ALGODON NEUROQUIRURGICO ESTERIL,0.0,10,INTERNADO(3),4000146,0.0,0.0
4000146,ALGODON NEUROQUIRURGICO ESTERIL,0.0,10,QUIROFANO(4),4000146,0.0,0.0
4000146,ALGODON NEUROQUIRURGICO ESTERIL,0.0,10,ADMINISTRACION,4000146,0.0,0.0
4000146,ALGODON NEUROQUIRURGICO ESTERIL,0.0,10,CARRO DE PARO,4000146,0.0,0.0
4000147,ALGODON ZIG ZAG 500GR,29800.0,10,FARMACIA INTERNA(1),4000147,0.0,0.0
4000147,ALGODON ZIG ZAG 500GR,29800.0,10,URGENCIAS(2),4000147,0.0,0.0
4000147,ALGODON ZIG ZAG 500GR,29800.0,10,INTERNADO(3),4000147,0.0,0.0
4000147,ALGODON ZIG ZAG 500GR,29800.0,10,QUIROFANO(4),4000147,0.0,0.0
4000147,ALGODON ZIG ZAG 500GR,29800.0,10,ADMINISTRACION,4000147,0.0,0.0
4000147,ALGODON ZIG ZAG 500GR,29800.0,10,CARRO DE PARO,4000147,0.0,0.0
4000148,"ALLEVYN LIFE 12,9CM X 12,9CM PEDIATRICO",0.0,10,FARMACIA INTERNA(1),4000148,0.0,0.0
4000148,"ALLEVYN LIFE 12,9CM X 12,9CM PEDIATRICO",0.0,10,URGENCIAS(2),4000148,0.0,0.0
4000148,"ALLEVYN LIFE 12,9CM X 12,9CM PEDIATRICO",0.0,10,INTERNADO(3),4000148,0.0,0.0
4000148,"ALLEVYN LIFE 12,9CM X 12,9CM PEDIATRICO",0.0,10,QUIROFANO(4),4000148,0.0,0.0
4000148,"ALLEVYN LIFE 12,9CM X 12,9CM PEDIATRICO",0.0,10,ADMINISTRACION,4000148,0.0,0.0
4000148,"ALLEVYN LIFE 12,9CM X 12,9CM PEDIATRICO",0.0,10,CARRO DE PARO,4000148,0.0,0.0
4000149,ALLEVYN LIFE APOSITO SACRO 21X23CM,0.0,10,FARMACIA INTERNA(1),4000149,0.0,0.0
4000149,ALLEVYN LIFE APOSITO SACRO 21X23CM,0.0,10,URGENCIAS(2),4000149,0.0,0.0
4000149,ALLEVYN LIFE APOSITO SACRO 21X23CM,0.0,10,INTERNADO(3),4000149,0.0,0.0
4000149,ALLEVYN LIFE APOSITO SACRO 21X23CM,0.0,10,QUIROFANO(4),4000149,0.0,0.0
4000149,ALLEVYN LIFE APOSITO SACRO 21X23CM,0.0,10,ADMINISTRACION,4000149,0.0,0.0
4000149,ALLEVYN LIFE APOSITO SACRO 21X23CM,0.0,10,CARRO DE PARO,4000149,0.0,0.0
4000150,ANTISEPSIS BUCAL,0.0,10,FARMACIA INTERNA(1),4000150,0.0,0.0
4000150,ANTISEPSIS BUCAL,0.0,10,URGENCIAS(2),4000150,0.0,0.0
4000150,ANTISEPSIS BUCAL,0.0,10,INTERNADO(3),4000150,0.0,0.0
4000150,ANTISEPSIS BUCAL,0.0,10,QUIROFANO(4),4000150,0.0,0.0
4000150,ANTISEPSIS BUCAL,0.0,10,ADMINISTRACION,4000150,0.0,0.0
4000150,ANTISEPSIS BUCAL,0.0,10,CARRO DE PARO,4000150,0.0,0.0
4000151,BATA P/ U.R.,0.0,10,FARMACIA INTERNA(1),4000151,0.0,0.0
4000151,BATA P/ U.R.,0.0,10,URGENCIAS(2),4000151,0.0,0.0
4000151,BATA P/ U.R.,0.0,10,INTERNADO(3),4000151,0.0,0.0
4000151,BATA P/ U.R.,0.0,10,QUIROFANO(4),4000151,0.0,0.0
4000151,BATA P/ U.R.,0.0,10,ADMINISTRACION,4000151,0.0,0.0
4000151,BATA P/ U.R.,0.0,10,CARRO DE PARO,4000151,0.0,0.0
4000152,BISTURI CON MANGO NRO 11 X UNIDAD,0.0,10,FARMACIA INTERNA(1),4000152,0.0,0.0
4000152,BISTURI CON MANGO NRO 11 X UNIDAD,0.0,10,URGENCIAS(2),4000152,0.0,0.0
4000152,BISTURI CON MANGO NRO 11 X UNIDAD,0.0,10,INTERNADO(3),4000152,0.0,0.0
4000152,BISTURI CON MANGO NRO 11 X UNIDAD,0.0,10,QUIROFANO(4),4000152,0.0,0.0
4000152,BISTURI CON MANGO NRO 11 X UNIDAD,0.0,10,ADMINISTRACION,4000152,0.0,0.0
4000152,BISTURI CON MANGO NRO 11 X UNIDAD,0.0,10,CARRO DE PARO,4000152,0.0,0.0
4000153,BOLSA PARA AGUA CALIENTE 2000 ML,32000.0,10,FARMACIA INTERNA(1),4000153,0.0,0.0
4000153,BOLSA PARA AGUA CALIENTE 2000 ML,32000.0,10,URGENCIAS(2),4000153,0.0,0.0
4000153,BOLSA PARA AGUA CALIENTE 2000 ML,32000.0,10,INTERNADO(3),4000153,0.0,0.0
4000153,BOLSA PARA AGUA CALIENTE 2000 ML,32000.0,10,QUIROFANO(4),4000153,0.0,0.0
4000153,BOLSA PARA AGUA CALIENTE 2000 ML,32000.0,10,ADMINISTRACION,4000153,0.0,0.0
4000153,BOLSA PARA AGUA CALIENTE 2000 ML,32000.0,10,CARRO DE PARO,4000153,0.0,0.0
4000154,BOLSA PARA HIELO,40000.0,10,FARMACIA INTERNA(1),4000154,0.0,0.0
4000154,BOLSA PARA HIELO,40000.0,10,URGENCIAS(2),4000154,0.0,0.0
4000154,BOLSA PARA HIELO,40000.0,10,INTERNADO(3),4000154,0.0,0.0
4000154,BOLSA PARA HIELO,40000.0,10,QUIROFANO(4),4000154,0.0,0.0
4000154,BOLSA PARA HIELO,40000.0,10,ADMINISTRACION,4000154,0.0,0.0
4000154,BOLSA PARA HIELO,40000.0,10,CARRO DE PARO,4000154,0.0,0.0
4000155,BOLSA PARA AGUA CALIENTE CON FORRO 2000 ML,0.0,10,FARMACIA INTERNA(1),4000155,0.0,0.0
4000155,BOLSA PARA AGUA CALIENTE CON FORRO 2000 ML,0.0,10,URGENCIAS(2),4000155,0.0,0.0
4000155,BOLSA PARA AGUA CALIENTE CON FORRO 2000 ML,0.0,10,INTERNADO(3),4000155,0.0,0.0
4000155,BOLSA PARA AGUA CALIENTE CON FORRO 2000 ML,0.0,10,QUIROFANO(4),4000155,0.0,0.0
4000155,BOLSA PARA AGUA CALIENTE CON FORRO 2000 ML,0.0,10,ADMINISTRACION,4000155,0.0,0.0
4000155,BOLSA PARA AGUA CALIENTE CON FORRO 2000 ML,0.0,10,CARRO DE PARO,4000155,0.0,0.0
4000156,BONE WAX (CERA P/ HUESO),0.0,10,FARMACIA INTERNA(1),4000156,0.0,0.0
4000156,BONE WAX (CERA P/ HUESO),0.0,10,URGENCIAS(2),4000156,0.0,0.0
4000156,BONE WAX (CERA P/ HUESO),0.0,10,INTERNADO(3),4000156,0.0,0.0
4000156,BONE WAX (CERA P/ HUESO),0.0,10,QUIROFANO(4),4000156,0.0,0.0
4000156,BONE WAX (CERA P/ HUESO),0.0,10,ADMINISTRACION,4000156,0.0,0.0
4000156,BONE WAX (CERA P/ HUESO),0.0,10,CARRO DE PARO,4000156,0.0,0.0
4000157,BOTA X PAR (FARMACIA),0.0,10,FARMACIA INTERNA(1),4000157,0.0,0.0
4000157,BOTA X PAR (FARMACIA),0.0,10,URGENCIAS(2),4000157,0.0,0.0
4000157,BOTA X PAR (FARMACIA),0.0,10,INTERNADO(3),4000157,0.0,0.0
4000157,BOTA X PAR (FARMACIA),0.0,10,QUIROFANO(4),4000157,0.0,0.0
4000157,BOTA X PAR (FARMACIA),0.0,10,ADMINISTRACION,4000157,0.0,0.0
4000157,BOTA X PAR (FARMACIA),0.0,10,CARRO DE PARO,4000157,0.0,0.0
4000158,CABESTRILLO P/ BRAZO MEDIANO CONWELL,0.0,10,FARMACIA INTERNA(1),4000158,0.0,0.0
4000158,CABESTRILLO P/ BRAZO MEDIANO CONWELL,0.0,10,URGENCIAS(2),4000158,0.0,0.0
4000158,CABESTRILLO P/ BRAZO MEDIANO CONWELL,0.0,10,INTERNADO(3),4000158,0.0,0.0
4000158,CABESTRILLO P/ BRAZO MEDIANO CONWELL,0.0,10,QUIROFANO(4),4000158,0.0,0.0
4000158,CABESTRILLO P/ BRAZO MEDIANO CONWELL,0.0,10,ADMINISTRACION,4000158,0.0,0.0
4000158,CABESTRILLO P/ BRAZO MEDIANO CONWELL,0.0,10,CARRO DE PARO,4000158,0.0,0.0
4000159,CABESTRILLO P/ BRAZO XG CONWELL,0.0,10,FARMACIA INTERNA(1),4000159,0.0,0.0
4000159,CABESTRILLO P/ BRAZO XG CONWELL,0.0,10,URGENCIAS(2),4000159,0.0,0.0
4000159,CABESTRILLO P/ BRAZO XG CONWELL,0.0,10,INTERNADO(3),4000159,0.0,0.0
4000159,CABESTRILLO P/ BRAZO XG CONWELL,0.0,10,QUIROFANO(4),4000159,0.0,0.0
4000159,CABESTRILLO P/ BRAZO XG CONWELL,0.0,10,ADMINISTRACION,4000159,0.0,0.0
4000159,CABESTRILLO P/ BRAZO XG CONWELL,0.0,10,CARRO DE PARO,4000159,0.0,0.0
4000160,CABESTRILLO PEDIATRICO C/ INMOVILIZADOR,40000.0,5,FARMACIA INTERNA(1),4000160,0.0,0.0
4000160,CABESTRILLO PEDIATRICO C/ INMOVILIZADOR,40000.0,5,URGENCIAS(2),4000160,0.0,0.0
4000160,CABESTRILLO PEDIATRICO C/ INMOVILIZADOR,40000.0,5,INTERNADO(3),4000160,0.0,0.0
4000160,CABESTRILLO PEDIATRICO C/ INMOVILIZADOR,40000.0,5,QUIROFANO(4),4000160,0.0,0.0
4000160,CABESTRILLO PEDIATRICO C/ INMOVILIZADOR,40000.0,5,ADMINISTRACION,4000160,0.0,0.0
4000160,CABESTRILLO PEDIATRICO C/ INMOVILIZADOR,40000.0,5,CARRO DE PARO,4000160,0.0,0.0
4000161,CEPILLO CON CLORHEXIDINA JABON,0.0,10,FARMACIA INTERNA(1),4000161,0.0,0.0
4000161,CEPILLO CON CLORHEXIDINA JABON,0.0,10,URGENCIAS(2),4000161,0.0,0.0
4000161,CEPILLO CON CLORHEXIDINA JABON,0.0,10,INTERNADO(3),4000161,0.0,0.0
4000161,CEPILLO CON CLORHEXIDINA JABON,0.0,10,QUIROFANO(4),4000161,0.0,0.0
4000161,CEPILLO CON CLORHEXIDINA JABON,0.0,10,ADMINISTRACION,4000161,0.0,0.0
4000161,CEPILLO CON CLORHEXIDINA JABON,0.0,10,CARRO DE PARO,4000161,0.0,0.0
4000162,CHATA PLASTICO PODIO,0.0,10,FARMACIA INTERNA(1),4000162,0.0,0.0
4000162,CHATA PLASTICO PODIO,0.0,10,URGENCIAS(2),4000162,0.0,0.0
4000162,CHATA PLASTICO PODIO,0.0,10,INTERNADO(3),4000162,0.0,0.0
4000162,CHATA PLASTICO PODIO,0.0,10,QUIROFANO(4),4000162,0.0,0.0
4000162,CHATA PLASTICO PODIO,0.0,10,ADMINISTRACION,4000162,0.0,0.0
4000162,CHATA PLASTICO PODIO,0.0,10,CARRO DE PARO,4000162,0.0,0.0
4000163,"CLORHEXIDINA SOLUCION AL 0,5% 1LT (RIOHEX)",190000.0,10,FARMACIA INTERNA(1),4000163,0.0,2.0
4000163,"CLORHEXIDINA SOLUCION AL 0,5% 1LT (RIOHEX)",190000.0,10,URGENCIAS(2),4000163,0.0,0.0
4000163,"CLORHEXIDINA SOLUCION AL 0,5% 1LT (RIOHEX)",190000.0,10,INTERNADO(3),4000163,0.0,0.0
4000163,"CLORHEXIDINA SOLUCION AL 0,5% 1LT (RIOHEX)",190000.0,10,QUIROFANO(4),4000163,0.0,0.0
4000163,"CLORHEXIDINA SOLUCION AL 0,5% 1LT (RIOHEX)",190000.0,10,ADMINISTRACION,4000163,0.0,0.0
4000163,"CLORHEXIDINA SOLUCION AL 0,5% 1LT (RIOHEX)",190000.0,10,CARRO DE PARO,4000163,0.0,0.0
4000164,CINTA P/ AUTOCLAVE 19MM X 30CM CREMER,28000.0,10,FARMACIA INTERNA(1),4000164,0.0,7.0
4000164,CINTA P/ AUTOCLAVE 19MM X 30CM CREMER,28000.0,10,URGENCIAS(2),4000164,0.0,0.0
4000164,CINTA P/ AUTOCLAVE 19MM X 30CM CREMER,28000.0,10,INTERNADO(3),4000164,0.0,0.0
4000164,CINTA P/ AUTOCLAVE 19MM X 30CM CREMER,28000.0,10,QUIROFANO(4),4000164,0.0,0.0
4000164,CINTA P/ AUTOCLAVE 19MM X 30CM CREMER,28000.0,10,ADMINISTRACION,4000164,0.0,0.0
4000164,CINTA P/ AUTOCLAVE 19MM X 30CM CREMER,28000.0,10,CARRO DE PARO,4000164,0.0,0.0
4000165,CIRCUITO ANESTESICO 2LTS,0.0,10,FARMACIA INTERNA(1),4000165,0.0,0.0
4000165,CIRCUITO ANESTESICO 2LTS,0.0,10,URGENCIAS(2),4000165,0.0,0.0
4000165,CIRCUITO ANESTESICO 2LTS,0.0,10,INTERNADO(3),4000165,0.0,0.0
4000165,CIRCUITO ANESTESICO 2LTS,0.0,10,QUIROFANO(4),4000165,0.0,0.0
4000165,CIRCUITO ANESTESICO 2LTS,0.0,10,ADMINISTRACION,4000165,0.0,0.0
4000165,CIRCUITO ANESTESICO 2LTS,0.0,10,CARRO DE PARO,4000165,0.0,0.0
4000166,CIRCUITO RESPIRADOR ADULTO,97000.0,10,FARMACIA INTERNA(1),4000166,0.0,9.0
4000166,CIRCUITO RESPIRADOR ADULTO,97000.0,10,URGENCIAS(2),4000166,0.0,0.0
4000166,CIRCUITO RESPIRADOR ADULTO,97000.0,10,INTERNADO(3),4000166,0.0,0.0
4000166,CIRCUITO RESPIRADOR ADULTO,97000.0,10,QUIROFANO(4),4000166,0.0,0.0
4000166,CIRCUITO RESPIRADOR ADULTO,97000.0,10,ADMINISTRACION,4000166,0.0,0.0
4000166,CIRCUITO RESPIRADOR ADULTO,97000.0,10,CARRO DE PARO,4000166,0.0,0.0
4000167,CIRCUITO RESPIRADOR NEO C/ HUMIDIFICADOR,0.0,10,FARMACIA INTERNA(1),4000167,0.0,0.0
4000167,CIRCUITO RESPIRADOR NEO C/ HUMIDIFICADOR,0.0,10,URGENCIAS(2),4000167,0.0,0.0
4000167,CIRCUITO RESPIRADOR NEO C/ HUMIDIFICADOR,0.0,10,INTERNADO(3),4000167,0.0,0.0
4000167,CIRCUITO RESPIRADOR NEO C/ HUMIDIFICADOR,0.0,10,QUIROFANO(4),4000167,0.0,0.0
4000167,CIRCUITO RESPIRADOR NEO C/ HUMIDIFICADOR,0.0,10,ADMINISTRACION,4000167,0.0,0.0
4000167,CIRCUITO RESPIRADOR NEO C/ HUMIDIFICADOR,0.0,10,CARRO DE PARO,4000167,0.0,0.0
4000168,CIRCUITO RESPIRADOR PED,0.0,10,FARMACIA INTERNA(1),4000168,0.0,0.0
4000168,CIRCUITO RESPIRADOR PED,0.0,10,URGENCIAS(2),4000168,0.0,0.0
4000168,CIRCUITO RESPIRADOR PED,0.0,10,INTERNADO(3),4000168,0.0,0.0
4000168,CIRCUITO RESPIRADOR PED,0.0,10,QUIROFANO(4),4000168,0.0,0.0
4000168,CIRCUITO RESPIRADOR PED,0.0,10,ADMINISTRACION,4000168,0.0,0.0
4000168,CIRCUITO RESPIRADOR PED,0.0,10,CARRO DE PARO,4000168,0.0,0.0
4000169,CIRCUITO RESPIRADOR PEDIATRICO,97000.0,10,FARMACIA INTERNA(1),4000169,0.0,9.0
4000169,CIRCUITO RESPIRADOR PEDIATRICO,97000.0,10,URGENCIAS(2),4000169,0.0,0.0
4000169,CIRCUITO RESPIRADOR PEDIATRICO,97000.0,10,INTERNADO(3),4000169,0.0,0.0
4000169,CIRCUITO RESPIRADOR PEDIATRICO,97000.0,10,QUIROFANO(4),4000169,0.0,0.0
4000169,CIRCUITO RESPIRADOR PEDIATRICO,97000.0,10,ADMINISTRACION,4000169,0.0,0.0
4000169,CIRCUITO RESPIRADOR PEDIATRICO,97000.0,10,CARRO DE PARO,4000169,0.0,0.0
4000170,CLAMP P/ BOLSA COLOSTOMIA,0.0,10,FARMACIA INTERNA(1),4000170,0.0,0.0
4000170,CLAMP P/ BOLSA COLOSTOMIA,0.0,10,URGENCIAS(2),4000170,0.0,0.0
4000170,CLAMP P/ BOLSA COLOSTOMIA,0.0,10,INTERNADO(3),4000170,0.0,0.0
4000170,CLAMP P/ BOLSA COLOSTOMIA,0.0,10,QUIROFANO(4),4000170,0.0,0.0
4000170,CLAMP P/ BOLSA COLOSTOMIA,0.0,10,ADMINISTRACION,4000170,0.0,0.0
4000170,CLAMP P/ BOLSA COLOSTOMIA,0.0,10,CARRO DE PARO,4000170,0.0,0.0
4000171,COMPLY 3M -TEST DE BOWIE DICK X 50 TIPO,2.0,0,10 FARMACIA INTERNA(1),4000171,0.0,0.0
4000171,COMPLY 3M -TEST DE BOWIE DICK X 50 TIPO,2.0,0,10 URGENCIAS(2),4000171,0.0,0.0
4000171,COMPLY 3M -TEST DE BOWIE DICK X 50 TIPO,2.0,0,10 INTERNADO(3),4000171,0.0,0.0
4000171,COMPLY 3M -TEST DE BOWIE DICK X 50 TIPO,2.0,0,10 QUIROFANO(4),4000171,0.0,0.0
4000171,COMPLY 3M -TEST DE BOWIE DICK X 50 TIPO,2.0,0,10 ADMINISTRACION,4000171,0.0,0.0
4000171,COMPLY 3M -TEST DE BOWIE DICK X 50 TIPO,2.0,0,10 CARRO DE PARO,4000171,0.0,0.0
4000172,COMPRESA DE VIENTRE (ESTERIL) X 5 UNIDADES,43000.0,10,FARMACIA INTERNA(1),4000172,0.0,6.0
4000172,COMPRESA DE VIENTRE (ESTERIL) X 5 UNIDADES,43000.0,10,URGENCIAS(2),4000172,0.0,0.0
4000172,COMPRESA DE VIENTRE (ESTERIL) X 5 UNIDADES,43000.0,10,INTERNADO(3),4000172,0.0,0.0
4000172,COMPRESA DE VIENTRE (ESTERIL) X 5 UNIDADES,43000.0,10,QUIROFANO(4),4000172,0.0,0.0
4000172,COMPRESA DE VIENTRE (ESTERIL) X 5 UNIDADES,43000.0,10,ADMINISTRACION,4000172,0.0,0.0
4000172,COMPRESA DE VIENTRE (ESTERIL) X 5 UNIDADES,43000.0,10,CARRO DE PARO,4000172,0.0,0.0
4000173,COMPRESA DE VIENTRE CREMER PAQ. X 50 UNIDADES,0.0,10,FARMACIA INTERNA(1),4000173,0.0,0.0
4000173,COMPRESA DE VIENTRE CREMER PAQ. X 50 UNIDADES,0.0,10,URGENCIAS(2),4000173,0.0,0.0
4000173,COMPRESA DE VIENTRE CREMER PAQ. X 50 UNIDADES,0.0,10,INTERNADO(3),4000173,0.0,0.0
4000173,COMPRESA DE VIENTRE CREMER PAQ. X 50 UNIDADES,0.0,10,QUIROFANO(4),4000173,0.0,0.0
4000173,COMPRESA DE VIENTRE CREMER PAQ. X 50 UNIDADES,0.0,10,ADMINISTRACION,4000173,0.0,0.0
4000173,COMPRESA DE VIENTRE CREMER PAQ. X 50 UNIDADES,0.0,10,CARRO DE PARO,4000173,0.0,0.0
4000174,CONECTOR NIPLE,0.0,10,FARMACIA INTERNA(1),4000174,0.0,0.0
4000174,CONECTOR NIPLE,0.0,10,URGENCIAS(2),4000174,0.0,0.0
4000174,CONECTOR NIPLE,0.0,10,INTERNADO(3),4000174,0.0,0.0
4000174,CONECTOR NIPLE,0.0,10,QUIROFANO(4),4000174,0.0,0.0
4000174,CONECTOR NIPLE,0.0,10,ADMINISTRACION,4000174,0.0,0.0
4000174,CONECTOR NIPLE,0.0,10,CARRO DE PARO,4000174,0.0,0.0
4000175,CROMADO 0 40MM-1/2 X 75CM COVIDIEN,0.0,10,FARMACIA INTERNA(1),4000175,0.0,0.0
4000175,CROMADO 0 40MM-1/2 X 75CM COVIDIEN,0.0,10,URGENCIAS(2),4000175,0.0,0.0
4000175,CROMADO 0 40MM-1/2 X 75CM COVIDIEN,0.0,10,INTERNADO(3),4000175,0.0,0.0
4000175,CROMADO 0 40MM-1/2 X 75CM COVIDIEN,0.0,10,QUIROFANO(4),4000175,0.0,0.0
4000175,CROMADO 0 40MM-1/2 X 75CM COVIDIEN,0.0,10,ADMINISTRACION,4000175,0.0,0.0
4000175,CROMADO 0 40MM-1/2 X 75CM COVIDIEN,0.0,10,CARRO DE PARO,4000175,0.0,0.0
4000176,CROMADO 1 40MM-1/2 X 75CM COVIDIEN,0.0,10,FARMACIA INTERNA(1),4000176,0.0,0.0
4000176,CROMADO 1 40MM-1/2 X 75CM COVIDIEN,0.0,10,URGENCIAS(2),4000176,0.0,0.0
4000176,CROMADO 1 40MM-1/2 X 75CM COVIDIEN,0.0,10,INTERNADO(3),4000176,0.0,0.0
4000176,CROMADO 1 40MM-1/2 X 75CM COVIDIEN,0.0,10,QUIROFANO(4),4000176,0.0,0.0
4000176,CROMADO 1 40MM-1/2 X 75CM COVIDIEN,0.0,10,ADMINISTRACION,4000176,0.0,0.0
4000176,CROMADO 1 40MM-1/2 X 75CM COVIDIEN,0.0,10,CARRO DE PARO,4000176,0.0,0.0
4000177,CROMADO 2-0 40MM 1/2 X 75CM MCR (CT) COVIDIEN,0.0,10,FARMACIA INTERNA(1),4000177,0.0,0.0
4000177,CROMADO 2-0 40MM 1/2 X 75CM MCR (CT) COVIDIEN,0.0,10,URGENCIAS(2),4000177,0.0,0.0
4000177,CROMADO 2-0 40MM 1/2 X 75CM MCR (CT) COVIDIEN,0.0,10,INTERNADO(3),4000177,0.0,0.0
4000177,CROMADO 2-0 40MM 1/2 X 75CM MCR (CT) COVIDIEN,0.0,10,QUIROFANO(4),4000177,0.0,0.0
4000177,CROMADO 2-0 40MM 1/2 X 75CM MCR (CT) COVIDIEN,0.0,10,ADMINISTRACION,4000177,0.0,0.0
4000177,CROMADO 2-0 40MM 1/2 X 75CM MCR (CT) COVIDIEN,0.0,10,CARRO DE PARO,4000177,0.0,0.0
4000178,CUBRE PECHO QX X UNIDAD,10000.0,10,FARMACIA INTERNA(1),4000178,0.0,0.0
4000178,CUBRE PECHO QX X UNIDAD,10000.0,10,URGENCIAS(2),4000178,0.0,2.0
4000178,CUBRE PECHO QX X UNIDAD,10000.0,10,INTERNADO(3),4000178,0.0,0.0
4000178,CUBRE PECHO QX X UNIDAD,10000.0,10,QUIROFANO(4),4000178,0.0,0.0
4000178,CUBRE PECHO QX X UNIDAD,10000.0,10,ADMINISTRACION,4000178,0.0,0.0
4000178,CUBRE PECHO QX X UNIDAD,10000.0,10,CARRO DE PARO,4000178,0.0,0.0
4000179,CUTICELL (GASA IMPREGNADA CON EUCERIT),0.0,10,FARMACIA INTERNA(1),4000179,0.0,0.0
4000179,CUTICELL (GASA IMPREGNADA CON EUCERIT),0.0,10,URGENCIAS(2),4000179,0.0,0.0
4000179,CUTICELL (GASA IMPREGNADA CON EUCERIT),0.0,10,INTERNADO(3),4000179,0.0,0.0
4000179,CUTICELL (GASA IMPREGNADA CON EUCERIT),0.0,10,QUIROFANO(4),4000179,0.0,0.0
4000179,CUTICELL (GASA IMPREGNADA CON EUCERIT),0.0,10,ADMINISTRACION,4000179,0.0,0.0
4000179,CUTICELL (GASA IMPREGNADA CON EUCERIT),0.0,10,CARRO DE PARO,4000179,0.0,0.0
4000180,"DELTA CAST CONF 10CM X3,6M",0.0,10,FARMACIA INTERNA(1),4000180,0.0,0.0
4000180,"DELTA CAST CONF 10CM X3,6M",0.0,10,URGENCIAS(2),4000180,0.0,0.0
4000180,"DELTA CAST CONF 10CM X3,6M",0.0,10,INTERNADO(3),4000180,0.0,0.0
4000180,"DELTA CAST CONF 10CM X3,6M",0.0,10,QUIROFANO(4),4000180,0.0,0.0
4000180,"DELTA CAST CONF 10CM X3,6M",0.0,10,ADMINISTRACION,4000180,0.0,0.0
4000180,"DELTA CAST CONF 10CM X3,6M",0.0,10,CARRO DE PARO,4000180,0.0,0.0
4000181,"DELTA CAST CONF 7,5CM X 3,6M",0.0,10,FARMACIA INTERNA(1),4000181,0.0,0.0
4000181,"DELTA CAST CONF 7,5CM X 3,6M",0.0,10,URGENCIAS(2),4000181,0.0,0.0
4000181,"DELTA CAST CONF 7,5CM X 3,6M",0.0,10,INTERNADO(3),4000181,0.0,0.0
4000181,"DELTA CAST CONF 7,5CM X 3,6M",0.0,10,QUIROFANO(4),4000181,0.0,0.0
4000181,"DELTA CAST CONF 7,5CM X 3,6M",0.0,10,ADMINISTRACION,4000181,0.0,0.0
4000181,"DELTA CAST CONF 7,5CM X 3,6M",0.0,10,CARRO DE PARO,4000181,0.0,0.0
4000182,DEMEBOND 2 1/2 40MM D0S-8 (ETHIBON),0.0,10,FARMACIA INTERNA(1),4000182,0.0,0.0
4000182,DEMEBOND 2 1/2 40MM D0S-8 (ETHIBON),0.0,10,URGENCIAS(2),4000182,0.0,0.0
4000182,DEMEBOND 2 1/2 40MM D0S-8 (ETHIBON),0.0,10,INTERNADO(3),4000182,0.0,0.0
4000182,DEMEBOND 2 1/2 40MM D0S-8 (ETHIBON),0.0,10,QUIROFANO(4),4000182,0.0,0.0
4000182,DEMEBOND 2 1/2 40MM D0S-8 (ETHIBON),0.0,10,ADMINISTRACION,4000182,0.0,0.0
4000182,DEMEBOND 2 1/2 40MM D0S-8 (ETHIBON),0.0,10,CARRO DE PARO,4000182,0.0,0.0
4000183,DEMECAPRONE 4-0 DPS-2 19MM 3/8 (MONOCRYL),0.0,10,FARMACIA INTERNA(1),4000183,0.0,0.0
4000183,DEMECAPRONE 4-0 DPS-2 19MM 3/8 (MONOCRYL),0.0,10,URGENCIAS(2),4000183,0.0,0.0
4000183,DEMECAPRONE 4-0 DPS-2 19MM 3/8 (MONOCRYL),0.0,10,INTERNADO(3),4000183,0.0,0.0
4000183,DEMECAPRONE 4-0 DPS-2 19MM 3/8 (MONOCRYL),0.0,10,QUIROFANO(4),4000183,0.0,0.0
4000183,DEMECAPRONE 4-0 DPS-2 19MM 3/8 (MONOCRYL),0.0,10,ADMINISTRACION,4000183,0.0,0.0
4000183,DEMECAPRONE 4-0 DPS-2 19MM 3/8 (MONOCRYL),0.0,10,CARRO DE PARO,4000183,0.0,0.0
4000184,DEMECRYL 1/DCT OG (VICRYL),0.0,10,FARMACIA INTERNA(1),4000184,0.0,0.0
4000184,DEMECRYL 1/DCT OG (VICRYL),0.0,10,URGENCIAS(2),4000184,0.0,0.0
4000184,DEMECRYL 1/DCT OG (VICRYL),0.0,10,INTERNADO(3),4000184,0.0,0.0
4000184,DEMECRYL 1/DCT OG (VICRYL),0.0,10,QUIROFANO(4),4000184,0.0,0.0
4000184,DEMECRYL 1/DCT OG (VICRYL),0.0,10,ADMINISTRACION,4000184,0.0,0.0
4000184,DEMECRYL 1/DCT OG (VICRYL),0.0,10,CARRO DE PARO,4000184,0.0,0.0
4000185,DEMECRYL 4-0 16MM 45CM INCOLORO (VICRYL),0.0,10,FARMACIA INTERNA(1),4000185,0.0,0.0
4000185,DEMECRYL 4-0 16MM 45CM INCOLORO (VICRYL),0.0,10,URGENCIAS(2),4000185,0.0,0.0
4000185,DEMECRYL 4-0 16MM 45CM INCOLORO (VICRYL),0.0,10,INTERNADO(3),4000185,0.0,0.0
4000185,DEMECRYL 4-0 16MM 45CM INCOLORO (VICRYL),0.0,10,QUIROFANO(4),4000185,0.0,0.0
4000185,DEMECRYL 4-0 16MM 45CM INCOLORO (VICRYL),0.0,10,ADMINISTRACION,4000185,0.0,0.0
4000185,DEMECRYL 4-0 16MM 45CM INCOLORO (VICRYL),0.0,10,CARRO DE PARO,4000185,0.0,0.0
4000186,DEMECRYL 4-0 26MM 70CM DSH (VICRYL),0.0,10,FARMACIA INTERNA(1),4000186,0.0,0.0
4000186,DEMECRYL 4-0 26MM 70CM DSH (VICRYL),0.0,10,URGENCIAS(2),4000186,0.0,0.0
4000186,DEMECRYL 4-0 26MM 70CM DSH (VICRYL),0.0,10,INTERNADO(3),4000186,0.0,0.0
4000186,DEMECRYL 4-0 26MM 70CM DSH (VICRYL),0.0,10,QUIROFANO(4),4000186,0.0,0.0
4000186,DEMECRYL 4-0 26MM 70CM DSH (VICRYL),0.0,10,ADMINISTRACION,4000186,0.0,0.0
4000186,DEMECRYL 4-0 26MM 70CM DSH (VICRYL),0.0,10,CARRO DE PARO,4000186,0.0,0.0
4000187,DEMECRYL 5-0/ DRB-1 (VICRYL),0.0,10,FARMACIA INTERNA(1),4000187,0.0,0.0
4000187,DEMECRYL 5-0/ DRB-1 (VICRYL),0.0,10,URGENCIAS(2),4000187,0.0,0.0
4000187,DEMECRYL 5-0/ DRB-1 (VICRYL),0.0,10,INTERNADO(3),4000187,0.0,0.0
4000187,DEMECRYL 5-0/ DRB-1 (VICRYL),0.0,10,QUIROFANO(4),4000187,0.0,0.0
4000187,DEMECRYL 5-0/ DRB-1 (VICRYL),0.0,10,ADMINISTRACION,4000187,0.0,0.0
4000187,DEMECRYL 5-0/ DRB-1 (VICRYL),0.0,10,CARRO DE PARO,4000187,0.0,0.0
4000188,DEMECRYL 6-0 /2/DS14 (AGUJA DOBLE),0.0,10,FARMACIA INTERNA(1),4000188,0.0,0.0
4000188,DEMECRYL 6-0 /2/DS14 (AGUJA DOBLE),0.0,10,URGENCIAS(2),4000188,0.0,0.0
4000188,DEMECRYL 6-0 /2/DS14 (AGUJA DOBLE),0.0,10,INTERNADO(3),4000188,0.0,0.0
4000188,DEMECRYL 6-0 /2/DS14 (AGUJA DOBLE),0.0,10,QUIROFANO(4),4000188,0.0,0.0
4000188,DEMECRYL 6-0 /2/DS14 (AGUJA DOBLE),0.0,10,ADMINISTRACION,4000188,0.0,0.0
4000188,DEMECRYL 6-0 /2/DS14 (AGUJA DOBLE),0.0,10,CARRO DE PARO,4000188,0.0,0.0
4000189,DEMECRYL 6-0/DRB-1 (VICRYL),0.0,10,FARMACIA INTERNA(1),4000189,0.0,0.0
4000189,DEMECRYL 6-0/DRB-1 (VICRYL),0.0,10,URGENCIAS(2),4000189,0.0,0.0
4000189,DEMECRYL 6-0/DRB-1 (VICRYL),0.0,10,INTERNADO(3),4000189,0.0,0.0
4000189,DEMECRYL 6-0/DRB-1 (VICRYL),0.0,10,QUIROFANO(4),4000189,0.0,0.0
4000189,DEMECRYL 6-0/DRB-1 (VICRYL),0.0,10,ADMINISTRACION,4000189,0.0,0.0
4000189,DEMECRYL 6-0/DRB-1 (VICRYL),0.0,10,CARRO DE PARO,4000189,0.0,0.0
4000190,DEMEDIOX 2-0 DSH 70CM (PDS II),0.0,10,FARMACIA INTERNA(1),4000190,0.0,0.0
4000190,DEMEDIOX 2-0 DSH 70CM (PDS II),0.0,10,URGENCIAS(2),4000190,0.0,0.0
4000190,DEMEDIOX 2-0 DSH 70CM (PDS II),0.0,10,INTERNADO(3),4000190,0.0,0.0
4000190,DEMEDIOX 2-0 DSH 70CM (PDS II),0.0,10,QUIROFANO(4),4000190,0.0,0.0
4000190,DEMEDIOX 2-0 DSH 70CM (PDS II),0.0,10,ADMINISTRACION,4000190,0.0,0.0
4000190,DEMEDIOX 2-0 DSH 70CM (PDS II),0.0,10,CARRO DE PARO,4000190,0.0,0.0
4000191,DEMEDIOX 3-0 DSH 70CM (PDS II),0.0,10,FARMACIA INTERNA(1),4000191,0.0,0.0
4000191,DEMEDIOX 3-0 DSH 70CM (PDS II),0.0,10,URGENCIAS(2),4000191,0.0,0.0
4000191,DEMEDIOX 3-0 DSH 70CM (PDS II),0.0,10,INTERNADO(3),4000191,0.0,0.0
4000191,DEMEDIOX 3-0 DSH 70CM (PDS II),0.0,10,QUIROFANO(4),4000191,0.0,0.0
4000191,DEMEDIOX 3-0 DSH 70CM (PDS II),0.0,10,ADMINISTRACION,4000191,0.0,0.0
4000191,DEMEDIOX 3-0 DSH 70CM (PDS II),0.0,10,CARRO DE PARO,4000191,0.0,0.0
4000192,OPTILENE AZUL 2/0 75CM BBRAUN (PROLENE),139000.0,10,FARMACIA INTERNA(1),4000192,0.0,5.0
4000192,OPTILENE AZUL 2/0 75CM BBRAUN (PROLENE),139000.0,10,URGENCIAS(2),4000192,0.0,0.0
4000192,OPTILENE AZUL 2/0 75CM BBRAUN (PROLENE),139000.0,10,INTERNADO(3),4000192,0.0,0.0
4000192,OPTILENE AZUL 2/0 75CM BBRAUN (PROLENE),139000.0,10,QUIROFANO(4),4000192,0.0,0.0
4000192,OPTILENE AZUL 2/0 75CM BBRAUN (PROLENE),139000.0,10,ADMINISTRACION,4000192,0.0,0.0
4000192,OPTILENE AZUL 2/0 75CM BBRAUN (PROLENE),139000.0,10,CARRO DE PARO,4000192,0.0,0.0
4000193,DEMELENE AZUL 3-0 DSH-1 CV (PROLENE),0.0,10,FARMACIA INTERNA(1),4000193,0.0,0.0
4000193,DEMELENE AZUL 3-0 DSH-1 CV (PROLENE),0.0,10,URGENCIAS(2),4000193,0.0,0.0
4000193,DEMELENE AZUL 3-0 DSH-1 CV (PROLENE),0.0,10,INTERNADO(3),4000193,0.0,0.0
4000193,DEMELENE AZUL 3-0 DSH-1 CV (PROLENE),0.0,10,QUIROFANO(4),4000193,0.0,0.0
4000193,DEMELENE AZUL 3-0 DSH-1 CV (PROLENE),0.0,10,ADMINISTRACION,4000193,0.0,0.0
4000193,DEMELENE AZUL 3-0 DSH-1 CV (PROLENE),0.0,10,CARRO DE PARO,4000193,0.0,0.0
4000194,DEMELENE AZUL 4-0 / 2-DSH (PROLENE),0.0,10,FARMACIA INTERNA(1),4000194,0.0,0.0
4000194,DEMELENE AZUL 4-0 / 2-DSH (PROLENE),0.0,10,URGENCIAS(2),4000194,0.0,0.0
4000194,DEMELENE AZUL 4-0 / 2-DSH (PROLENE),0.0,10,INTERNADO(3),4000194,0.0,0.0
4000194,DEMELENE AZUL 4-0 / 2-DSH (PROLENE),0.0,10,QUIROFANO(4),4000194,0.0,0.0
4000194,DEMELENE AZUL 4-0 / 2-DSH (PROLENE),0.0,10,ADMINISTRACION,4000194,0.0,0.0
4000194,DEMELENE AZUL 4-0 / 2-DSH (PROLENE),0.0,10,CARRO DE PARO,4000194,0.0,0.0
4000195,DEMELENE AZUL 5-0 / 2 RB-1 (PROLENE),0.0,10,FARMACIA INTERNA(1),4000195,0.0,0.0
4000195,DEMELENE AZUL 5-0 / 2 RB-1 (PROLENE),0.0,10,URGENCIAS(2),4000195,0.0,0.0
4000195,DEMELENE AZUL 5-0 / 2 RB-1 (PROLENE),0.0,10,INTERNADO(3),4000195,0.0,0.0
4000195,DEMELENE AZUL 5-0 / 2 RB-1 (PROLENE),0.0,10,QUIROFANO(4),4000195,0.0,0.0
4000195,DEMELENE AZUL 5-0 / 2 RB-1 (PROLENE),0.0,10,ADMINISTRACION,4000195,0.0,0.0
4000195,DEMELENE AZUL 5-0 / 2 RB-1 (PROLENE),0.0,10,CARRO DE PARO,4000195,0.0,0.0
4000196,DEMELENE AZUL 6-0 DC-1 ( PROLENE),0.0,10,FARMACIA INTERNA(1),4000196,0.0,0.0
4000196,DEMELENE AZUL 6-0 DC-1 ( PROLENE),0.0,10,URGENCIAS(2),4000196,0.0,0.0
4000196,DEMELENE AZUL 6-0 DC-1 ( PROLENE),0.0,10,INTERNADO(3),4000196,0.0,0.0
4000196,DEMELENE AZUL 6-0 DC-1 ( PROLENE),0.0,10,QUIROFANO(4),4000196,0.0,0.0
4000196,DEMELENE AZUL 6-0 DC-1 ( PROLENE),0.0,10,ADMINISTRACION,4000196,0.0,0.0
4000196,DEMELENE AZUL 6-0 DC-1 ( PROLENE),0.0,10,CARRO DE PARO,4000196,0.0,0.0
4000197,DESCARTEX 13 LT,19500.0,10,FARMACIA INTERNA(1),4000197,0.0,10.0
4000197,DESCARTEX 13 LT,19500.0,10,URGENCIAS(2),4000197,0.0,0.0
4000197,DESCARTEX 13 LT,19500.0,10,INTERNADO(3),4000197,0.0,0.0
4000197,DESCARTEX 13 LT,19500.0,10,QUIROFANO(4),4000197,0.0,0.0
4000197,DESCARTEX 13 LT,19500.0,10,ADMINISTRACION,4000197,0.0,0.0
4000197,DESCARTEX 13 LT,19500.0,10,CARRO DE PARO,4000197,0.0,0.0
4000198,DETERGENTE ENZIMATICO PH NEUTRO 5L (ENZIMA POWER),300000.0,10,FARMACIA INTERNA(1),4000198,0.0,0.0
4000198,DETERGENTE ENZIMATICO PH NEUTRO 5L (ENZIMA POWER),300000.0,10,URGENCIAS(2),4000198,0.0,0.0
4000198,DETERGENTE ENZIMATICO PH NEUTRO 5L (ENZIMA POWER),300000.0,10,INTERNADO(3),4000198,0.0,0.0
4000198,DETERGENTE ENZIMATICO PH NEUTRO 5L (ENZIMA POWER),300000.0,10,QUIROFANO(4),4000198,0.0,0.0
4000198,DETERGENTE ENZIMATICO PH NEUTRO 5L (ENZIMA POWER),300000.0,10,ADMINISTRACION,4000198,0.0,0.0
4000198,DETERGENTE ENZIMATICO PH NEUTRO 5L (ENZIMA POWER),300000.0,10,CARRO DE PARO,4000198,0.0,0.0
4000199,DETERGENTE TRI ENZIMATICO ENZYMEX L9 X 5L,0.0,10,FARMACIA INTERNA(1),4000199,0.0,0.0
4000199,DETERGENTE TRI ENZIMATICO ENZYMEX L9 X 5L,0.0,10,URGENCIAS(2),4000199,0.0,0.0
4000199,DETERGENTE TRI ENZIMATICO ENZYMEX L9 X 5L,0.0,10,INTERNADO(3),4000199,0.0,0.0
4000199,DETERGENTE TRI ENZIMATICO ENZYMEX L9 X 5L,0.0,10,QUIROFANO(4),4000199,0.0,0.0
4000199,DETERGENTE TRI ENZIMATICO ENZYMEX L9 X 5L,0.0,10,ADMINISTRACION,4000199,0.0,0.0
4000199,DETERGENTE TRI ENZIMATICO ENZYMEX L9 X 5L,0.0,10,CARRO DE PARO,4000199,0.0,0.0
4000200,DEXON 1 CTX 90 CM 45CM (VICRYL),0.0,10,FARMACIA INTERNA(1),4000200,0.0,0.0
4000200,DEXON 1 CTX 90 CM 45CM (VICRYL),0.0,10,URGENCIAS(2),4000200,0.0,0.0
4000200,DEXON 1 CTX 90 CM 45CM (VICRYL),0.0,10,INTERNADO(3),4000200,0.0,0.0
4000200,DEXON 1 CTX 90 CM 45CM (VICRYL),0.0,10,QUIROFANO(4),4000200,0.0,0.0
4000200,DEXON 1 CTX 90 CM 45CM (VICRYL),0.0,10,ADMINISTRACION,4000200,0.0,0.0
4000200,DEXON 1 CTX 90 CM 45CM (VICRYL),0.0,10,CARRO DE PARO,4000200,0.0,0.0
4000201,DEXON 2-0 - 26MM -1/2 X 70CM,0.0,10,FARMACIA INTERNA(1),4000201,0.0,0.0
4000201,DEXON 2-0 - 26MM -1/2 X 70CM,0.0,10,URGENCIAS(2),4000201,0.0,0.0
4000201,DEXON 2-0 - 26MM -1/2 X 70CM,0.0,10,INTERNADO(3),4000201,0.0,0.0
4000201,DEXON 2-0 - 26MM -1/2 X 70CM,0.0,10,QUIROFANO(4),4000201,0.0,0.0
4000201,DEXON 2-0 - 26MM -1/2 X 70CM,0.0,10,ADMINISTRACION,4000201,0.0,0.0
4000201,DEXON 2-0 - 26MM -1/2 X 70CM,0.0,10,CARRO DE PARO,4000201,0.0,0.0
4000202,DEXON 3-0 - 26MM - 1/2 X 70CM,0.0,10,FARMACIA INTERNA(1),4000202,0.0,0.0
4000202,DEXON 3-0 - 26MM - 1/2 X 70CM,0.0,10,URGENCIAS(2),4000202,0.0,0.0
4000202,DEXON 3-0 - 26MM - 1/2 X 70CM,0.0,10,INTERNADO(3),4000202,0.0,0.0
4000202,DEXON 3-0 - 26MM - 1/2 X 70CM,0.0,10,QUIROFANO(4),4000202,0.0,0.0
4000202,DEXON 3-0 - 26MM - 1/2 X 70CM,0.0,10,ADMINISTRACION,4000202,0.0,0.0
4000202,DEXON 3-0 - 26MM - 1/2 X 70CM,0.0,10,CARRO DE PARO,4000202,0.0,0.0
4000203,DEXON 4-0 - 1/2 - PS-4,0.0,10,FARMACIA INTERNA(1),4000203,0.0,0.0
4000203,DEXON 4-0 - 1/2 - PS-4,0.0,10,URGENCIAS(2),4000203,0.0,0.0
4000203,DEXON 4-0 - 1/2 - PS-4,0.0,10,INTERNADO(3),4000203,0.0,0.0
4000203,DEXON 4-0 - 1/2 - PS-4,0.0,10,QUIROFANO(4),4000203,0.0,0.0
4000203,DEXON 4-0 - 1/2 - PS-4,0.0,10,ADMINISTRACION,4000203,0.0,0.0
4000203,DEXON 4-0 - 1/2 - PS-4,0.0,10,CARRO DE PARO,4000203,0.0,0.0
4000204,DEXON 5-0 45CM,0.0,10,FARMACIA INTERNA(1),4000204,0.0,0.0
4000204,DEXON 5-0 45CM,0.0,10,URGENCIAS(2),4000204,0.0,0.0
4000204,DEXON 5-0 45CM,0.0,10,INTERNADO(3),4000204,0.0,0.0
4000204,DEXON 5-0 45CM,0.0,10,QUIROFANO(4),4000204,0.0,0.0
4000204,DEXON 5-0 45CM,0.0,10,ADMINISTRACION,4000204,0.0,0.0
4000204,DEXON 5-0 45CM,0.0,10,CARRO DE PARO,4000204,0.0,0.0
4000205,DEXON 6-0 1/2 15MM 45CM,0.0,10,FARMACIA INTERNA(1),4000205,0.0,0.0
4000205,DEXON 6-0 1/2 15MM 45CM,0.0,10,URGENCIAS(2),4000205,0.0,0.0
4000205,DEXON 6-0 1/2 15MM 45CM,0.0,10,INTERNADO(3),4000205,0.0,0.0
4000205,DEXON 6-0 1/2 15MM 45CM,0.0,10,QUIROFANO(4),4000205,0.0,0.0
4000205,DEXON 6-0 1/2 15MM 45CM,0.0,10,ADMINISTRACION,4000205,0.0,0.0
4000205,DEXON 6-0 1/2 15MM 45CM,0.0,10,CARRO DE PARO,4000205,0.0,0.0
4000207,ESTETOSCOPIO ADULTO MICROLIFE,0.0,10,FARMACIA INTERNA(1),4000207,0.0,0.0
4000207,ESTETOSCOPIO ADULTO MICROLIFE,0.0,10,URGENCIAS(2),4000207,0.0,0.0
4000207,ESTETOSCOPIO ADULTO MICROLIFE,0.0,10,INTERNADO(3),4000207,0.0,0.0
4000207,ESTETOSCOPIO ADULTO MICROLIFE,0.0,10,QUIROFANO(4),4000207,0.0,0.0
4000207,ESTETOSCOPIO ADULTO MICROLIFE,0.0,10,ADMINISTRACION,4000207,0.0,0.0
4000207,ESTETOSCOPIO ADULTO MICROLIFE,0.0,10,CARRO DE PARO,4000207,0.0,0.0
4000208,ETHIBOND EXCEL 2-0 90CM SH 1/2 26MM ETHICON,0.0,10,FARMACIA INTERNA(1),4000208,0.0,0.0
4000208,ETHIBOND EXCEL 2-0 90CM SH 1/2 26MM ETHICON,0.0,10,URGENCIAS(2),4000208,0.0,0.0
4000208,ETHIBOND EXCEL 2-0 90CM SH 1/2 26MM ETHICON,0.0,10,INTERNADO(3),4000208,0.0,0.0
4000208,ETHIBOND EXCEL 2-0 90CM SH 1/2 26MM ETHICON,0.0,10,QUIROFANO(4),4000208,0.0,0.0
4000208,ETHIBOND EXCEL 2-0 90CM SH 1/2 26MM ETHICON,0.0,10,ADMINISTRACION,4000208,0.0,0.0
4000208,ETHIBOND EXCEL 2-0 90CM SH 1/2 26MM ETHICON,0.0,10,CARRO DE PARO,4000208,0.0,0.0
4000209,FERULA DIGITAL PEQUEÑA (TALA METALICA),0.0,10,FARMACIA INTERNA(1),4000209,0.0,0.0
4000209,FERULA DIGITAL PEQUEÑA (TALA METALICA),0.0,10,URGENCIAS(2),4000209,0.0,0.0
4000209,FERULA DIGITAL PEQUEÑA (TALA METALICA),0.0,10,INTERNADO(3),4000209,0.0,0.0
4000209,FERULA DIGITAL PEQUEÑA (TALA METALICA),0.0,10,QUIROFANO(4),4000209,0.0,0.0
4000209,FERULA DIGITAL PEQUEÑA (TALA METALICA),0.0,10,ADMINISTRACION,4000209,0.0,0.0
4000209,FERULA DIGITAL PEQUEÑA (TALA METALICA),0.0,10,CARRO DE PARO,4000209,0.0,0.0
4000210,FIJADOR PARA TUBO ENDOTRAQ ANCHORFAST,0.0,10,FARMACIA INTERNA(1),4000210,0.0,0.0
4000210,FIJADOR PARA TUBO ENDOTRAQ ANCHORFAST,0.0,10,URGENCIAS(2),4000210,0.0,0.0
4000210,FIJADOR PARA TUBO ENDOTRAQ ANCHORFAST,0.0,10,INTERNADO(3),4000210,0.0,0.0
4000210,FIJADOR PARA TUBO ENDOTRAQ ANCHORFAST,0.0,10,QUIROFANO(4),4000210,0.0,0.0
4000210,FIJADOR PARA TUBO ENDOTRAQ ANCHORFAST,0.0,10,ADMINISTRACION,4000210,0.0,0.0
4000210,FIJADOR PARA TUBO ENDOTRAQ ANCHORFAST,0.0,10,CARRO DE PARO,4000210,0.0,0.0
4000211,FRASCO HUMIDIFICADOR X 250ML,0.0,10,FARMACIA INTERNA(1),4000211,0.0,0.0
4000211,FRASCO HUMIDIFICADOR X 250ML,0.0,10,URGENCIAS(2),4000211,0.0,0.0
4000211,FRASCO HUMIDIFICADOR X 250ML,0.0,10,INTERNADO(3),4000211,0.0,0.0
4000211,FRASCO HUMIDIFICADOR X 250ML,0.0,10,QUIROFANO(4),4000211,0.0,0.0
4000211,FRASCO HUMIDIFICADOR X 250ML,0.0,10,ADMINISTRACION,4000211,0.0,0.0
4000211,FRASCO HUMIDIFICADOR X 250ML,0.0,10,CARRO DE PARO,4000211,0.0,0.0
4000212,FRASCO P/ ALIMENTACION ENTERAL 650ML FID PACK,0.0,10,FARMACIA INTERNA(1),4000212,0.0,0.0
4000212,FRASCO P/ ALIMENTACION ENTERAL 650ML FID PACK,0.0,10,URGENCIAS(2),4000212,0.0,0.0
4000212,FRASCO P/ ALIMENTACION ENTERAL 650ML FID PACK,0.0,10,INTERNADO(3),4000212,0.0,0.0
4000212,FRASCO P/ ALIMENTACION ENTERAL 650ML FID PACK,0.0,10,QUIROFANO(4),4000212,0.0,0.0
4000212,FRASCO P/ ALIMENTACION ENTERAL 650ML FID PACK,0.0,10,ADMINISTRACION,4000212,0.0,0.0
4000212,FRASCO P/ ALIMENTACION ENTERAL 650ML FID PACK,0.0,10,CARRO DE PARO,4000212,0.0,0.0
4000213,FRASCO P/ CURACION 250CC AMBAR,16000.0,10,FARMACIA INTERNA(1),4000213,0.0,1.0
4000213,FRASCO P/ CURACION 250CC AMBAR,16000.0,10,URGENCIAS(2),4000213,0.0,0.0
4000213,FRASCO P/ CURACION 250CC AMBAR,16000.0,10,INTERNADO(3),4000213,0.0,0.0
4000213,FRASCO P/ CURACION 250CC AMBAR,16000.0,10,QUIROFANO(4),4000213,0.0,0.0
4000213,FRASCO P/ CURACION 250CC AMBAR,16000.0,10,ADMINISTRACION,4000213,0.0,0.0
4000213,FRASCO P/ CURACION 250CC AMBAR,16000.0,10,CARRO DE PARO,4000213,0.0,0.0
4000214,FRASCO P/ CURACION 250CC NATURAL,16000.0,10,FARMACIA INTERNA(1),4000214,0.0,0.0
4000214,FRASCO P/ CURACION 250CC NATURAL,16000.0,10,URGENCIAS(2),4000214,0.0,0.0
4000214,FRASCO P/ CURACION 250CC NATURAL,16000.0,10,INTERNADO(3),4000214,0.0,0.0
4000214,FRASCO P/ CURACION 250CC NATURAL,16000.0,10,QUIROFANO(4),4000214,0.0,0.0
4000214,FRASCO P/ CURACION 250CC NATURAL,16000.0,10,ADMINISTRACION,4000214,0.0,0.0
4000214,FRASCO P/ CURACION 250CC NATURAL,16000.0,10,CARRO DE PARO,4000214,0.0,0.0
4000215,FUNDA PARA CAMARA ENROLLADA,118000.0,10,FARMACIA INTERNA(1),4000215,0.0,8.0
4000215,FUNDA PARA CAMARA ENROLLADA,118000.0,10,URGENCIAS(2),4000215,0.0,0.0
4000215,FUNDA PARA CAMARA ENROLLADA,118000.0,10,INTERNADO(3),4000215,0.0,0.0
4000215,FUNDA PARA CAMARA ENROLLADA,118000.0,10,QUIROFANO(4),4000215,0.0,0.0
4000215,FUNDA PARA CAMARA ENROLLADA,118000.0,10,ADMINISTRACION,4000215,0.0,0.0
4000215,FUNDA PARA CAMARA ENROLLADA,118000.0,10,CARRO DE PARO,4000215,0.0,0.0
4000216,GALLO DE PLASTICO,0.0,10,FARMACIA INTERNA(1),4000216,0.0,0.0
4000216,GALLO DE PLASTICO,0.0,10,URGENCIAS(2),4000216,0.0,0.0
4000216,GALLO DE PLASTICO,0.0,10,INTERNADO(3),4000216,0.0,0.0
4000216,GALLO DE PLASTICO,0.0,10,QUIROFANO(4),4000216,0.0,0.0
4000216,GALLO DE PLASTICO,0.0,10,ADMINISTRACION,4000216,0.0,0.0
4000216,GALLO DE PLASTICO,0.0,10,CARRO DE PARO,4000216,0.0,0.0
4000217,GASA 40M X 90CM,95000.0,10,FARMACIA INTERNA(1),4000217,0.0,2.0
4000217,GASA 40M X 90CM,95000.0,10,URGENCIAS(2),4000217,0.0,0.0
4000217,GASA 40M X 90CM,95000.0,10,INTERNADO(3),4000217,0.0,0.0
4000217,GASA 40M X 90CM,95000.0,10,QUIROFANO(4),4000217,0.0,0.0
4000217,GASA 40M X 90CM,95000.0,10,ADMINISTRACION,4000217,0.0,0.0
4000217,GASA 40M X 90CM,95000.0,10,CARRO DE PARO,4000217,0.0,0.0
4000218,GASA ESTERIL X 1 PAQ BELMED,15000.0,10,FARMACIA INTERNA(1),4000218,0.0,0.0
4000218,GASA ESTERIL X 1 PAQ BELMED,15000.0,10,URGENCIAS(2),4000218,0.0,1.0
4000218,GASA ESTERIL X 1 PAQ BELMED,15000.0,10,INTERNADO(3),4000218,0.0,0.0
4000218,GASA ESTERIL X 1 PAQ BELMED,15000.0,10,QUIROFANO(4),4000218,0.0,0.0
4000218,GASA ESTERIL X 1 PAQ BELMED,15000.0,10,ADMINISTRACION,4000218,0.0,0.0
4000218,GASA ESTERIL X 1 PAQ BELMED,15000.0,10,CARRO DE PARO,4000218,0.0,0.0
4000219,GEL P/ ECOGRAFIA 1000GR,38250.0,10,FARMACIA INTERNA(1),4000219,0.0,1.0
4000219,GEL P/ ECOGRAFIA 1000GR,38250.0,10,URGENCIAS(2),4000219,0.0,0.0
4000219,GEL P/ ECOGRAFIA 1000GR,38250.0,10,INTERNADO(3),4000219,0.0,0.0
4000219,GEL P/ ECOGRAFIA 1000GR,38250.0,10,QUIROFANO(4),4000219,0.0,0.0
4000219,GEL P/ ECOGRAFIA 1000GR,38250.0,10,ADMINISTRACION,4000219,0.0,0.0
4000219,GEL P/ ECOGRAFIA 1000GR,38250.0,10,CARRO DE PARO,4000219,0.0,0.0
4000220,GLICERINA BORATADA X 30ML GLORIMAR,0.0,10,FARMACIA INTERNA(1),4000220,0.0,0.0
4000220,GLICERINA BORATADA X 30ML GLORIMAR,0.0,10,URGENCIAS(2),4000220,0.0,0.0
4000220,GLICERINA BORATADA X 30ML GLORIMAR,0.0,10,INTERNADO(3),4000220,0.0,0.0
4000220,GLICERINA BORATADA X 30ML GLORIMAR,0.0,10,QUIROFANO(4),4000220,0.0,0.0
4000220,GLICERINA BORATADA X 30ML GLORIMAR,0.0,10,ADMINISTRACION,4000220,0.0,0.0
4000220,GLICERINA BORATADA X 30ML GLORIMAR,0.0,10,CARRO DE PARO,4000220,0.0,0.0
4000221,GLUTARON 5 LTS.,382000.0,10,FARMACIA INTERNA(1),4000221,0.0,1.0
4000221,GLUTARON 5 LTS.,382000.0,10,URGENCIAS(2),4000221,0.0,0.0
4000221,GLUTARON 5 LTS.,382000.0,10,INTERNADO(3),4000221,0.0,0.0
4000221,GLUTARON 5 LTS.,382000.0,10,QUIROFANO(4),4000221,0.0,0.0
4000221,GLUTARON 5 LTS.,382000.0,10,ADMINISTRACION,4000221,0.0,0.0
4000221,GLUTARON 5 LTS.,382000.0,10,CARRO DE PARO,4000221,0.0,0.0
4000222,GOMA DE LIGAR AZUL,0.0,10,FARMACIA INTERNA(1),4000222,0.0,0.0
4000222,GOMA DE LIGAR AZUL,0.0,10,URGENCIAS(2),4000222,0.0,0.0
4000222,GOMA DE LIGAR AZUL,0.0,10,INTERNADO(3),4000222,0.0,0.0
4000222,GOMA DE LIGAR AZUL,0.0,10,QUIROFANO(4),4000222,0.0,0.0
4000222,GOMA DE LIGAR AZUL,0.0,10,ADMINISTRACION,4000222,0.0,0.0
4000222,GOMA DE LIGAR AZUL,0.0,10,CARRO DE PARO,4000222,0.0,0.0
4000223,GORRO NEO P/ CPAP NEO 17-22CM,0.0,10,FARMACIA INTERNA(1),4000223,0.0,0.0
4000223,GORRO NEO P/ CPAP NEO 17-22CM,0.0,10,URGENCIAS(2),4000223,0.0,0.0
4000223,GORRO NEO P/ CPAP NEO 17-22CM,0.0,10,INTERNADO(3),4000223,0.0,0.0
4000223,GORRO NEO P/ CPAP NEO 17-22CM,0.0,10,QUIROFANO(4),4000223,0.0,0.0
4000223,GORRO NEO P/ CPAP NEO 17-22CM,0.0,10,ADMINISTRACION,4000223,0.0,0.0
4000223,GORRO NEO P/ CPAP NEO 17-22CM,0.0,10,CARRO DE PARO,4000223,0.0,0.0
4000224,GORRO X UNIDAD (FARMACIA),0.0,10,FARMACIA INTERNA(1),4000224,0.0,0.0
4000224,GORRO X UNIDAD (FARMACIA),0.0,10,URGENCIAS(2),4000224,0.0,0.0
4000224,GORRO X UNIDAD (FARMACIA),0.0,10,INTERNADO(3),4000224,0.0,0.0
4000224,GORRO X UNIDAD (FARMACIA),0.0,10,QUIROFANO(4),4000224,0.0,0.0
4000224,GORRO X UNIDAD (FARMACIA),0.0,10,ADMINISTRACION,4000224,0.0,0.0
4000224,GORRO X UNIDAD (FARMACIA),0.0,10,CARRO DE PARO,4000224,0.0,0.0
4000225,GUIA P/ INTUBACION FR,10.0,0,10 FARMACIA INTERNA(1),4000225,0.0,0.0
4000225,GUIA P/ INTUBACION FR,10.0,0,10 URGENCIAS(2),4000225,0.0,0.0
4000225,GUIA P/ INTUBACION FR,10.0,0,10 INTERNADO(3),4000225,0.0,0.0
4000225,GUIA P/ INTUBACION FR,10.0,0,10 QUIROFANO(4),4000225,0.0,0.0
4000225,GUIA P/ INTUBACION FR,10.0,0,10 ADMINISTRACION,4000225,0.0,0.0
4000225,GUIA P/ INTUBACION FR,10.0,0,10 CARRO DE PARO,4000225,0.0,0.0
4000226,GUIA P/ INTUBACION FR,14.0,0,10 FARMACIA INTERNA(1),4000226,0.0,0.0
4000226,GUIA P/ INTUBACION FR,14.0,0,10 URGENCIAS(2),4000226,0.0,0.0
4000226,GUIA P/ INTUBACION FR,14.0,0,10 INTERNADO(3),4000226,0.0,0.0
4000226,GUIA P/ INTUBACION FR,14.0,0,10 QUIROFANO(4),4000226,0.0,0.0
4000226,GUIA P/ INTUBACION FR,14.0,0,10 ADMINISTRACION,4000226,0.0,0.0
4000226,GUIA P/ INTUBACION FR,14.0,0,10 CARRO DE PARO,4000226,0.0,0.0
4000227,PAÑAL ADULTO XG X UNIDAD (PLENITUD),12000.0,10,FARMACIA INTERNA(1),4000227,0.0,6.0
4000227,PAÑAL ADULTO XG X UNIDAD (PLENITUD),12000.0,10,URGENCIAS(2),4000227,0.0,0.0
4000227,PAÑAL ADULTO XG X UNIDAD (PLENITUD),12000.0,10,INTERNADO(3),4000227,0.0,0.0
4000227,PAÑAL ADULTO XG X UNIDAD (PLENITUD),12000.0,10,QUIROFANO(4),4000227,0.0,0.0
4000227,PAÑAL ADULTO XG X UNIDAD (PLENITUD),12000.0,10,ADMINISTRACION,4000227,0.0,0.0
4000227,PAÑAL ADULTO XG X UNIDAD (PLENITUD),12000.0,10,CARRO DE PARO,4000227,0.0,0.0
4000228,HYPAFIX TRANSPARENTE 15CM X 10M,0.0,10,FARMACIA INTERNA(1),4000228,0.0,0.0
4000228,HYPAFIX TRANSPARENTE 15CM X 10M,0.0,10,URGENCIAS(2),4000228,0.0,0.0
4000228,HYPAFIX TRANSPARENTE 15CM X 10M,0.0,10,INTERNADO(3),4000228,0.0,0.0
4000228,HYPAFIX TRANSPARENTE 15CM X 10M,0.0,10,QUIROFANO(4),4000228,0.0,0.0
4000228,HYPAFIX TRANSPARENTE 15CM X 10M,0.0,10,ADMINISTRACION,4000228,0.0,0.0
4000228,HYPAFIX TRANSPARENTE 15CM X 10M,0.0,10,CARRO DE PARO,4000228,0.0,0.0
4000229,INDICADOR 1243B P/ VAPOR TIPO 5 X,100.0,0,10 FARMACIA INTERNA(1),4000229,0.0,0.0
4000229,INDICADOR 1243B P/ VAPOR TIPO 5 X,100.0,0,10 URGENCIAS(2),4000229,0.0,0.0
4000229,INDICADOR 1243B P/ VAPOR TIPO 5 X,100.0,0,10 INTERNADO(3),4000229,0.0,0.0
4000229,INDICADOR 1243B P/ VAPOR TIPO 5 X,100.0,0,10 QUIROFANO(4),4000229,0.0,0.0
4000229,INDICADOR 1243B P/ VAPOR TIPO 5 X,100.0,0,10 ADMINISTRACION,4000229,0.0,0.0
4000229,INDICADOR 1243B P/ VAPOR TIPO 5 X,100.0,0,10 CARRO DE PARO,4000229,0.0,0.0
4000230,INDICADOR 1250 P/ VAPOR TIPO,4.0,0,10 FARMACIA INTERNA(1),4000230,0.0,0.0
4000230,INDICADOR 1250 P/ VAPOR TIPO,4.0,0,10 URGENCIAS(2),4000230,0.0,0.0
4000230,INDICADOR 1250 P/ VAPOR TIPO,4.0,0,10 INTERNADO(3),4000230,0.0,0.0
4000230,INDICADOR 1250 P/ VAPOR TIPO,4.0,0,10 QUIROFANO(4),4000230,0.0,0.0
4000230,INDICADOR 1250 P/ VAPOR TIPO,4.0,0,10 ADMINISTRACION,4000230,0.0,0.0
4000230,INDICADOR 1250 P/ VAPOR TIPO,4.0,0,10 CARRO DE PARO,4000230,0.0,0.0
4000231,INMOVILIZADOR DE CLAVICULA BLUNDING (M),0.0,10,FARMACIA INTERNA(1),4000231,0.0,0.0
4000231,INMOVILIZADOR DE CLAVICULA BLUNDING (M),0.0,10,URGENCIAS(2),4000231,0.0,0.0
4000231,INMOVILIZADOR DE CLAVICULA BLUNDING (M),0.0,10,INTERNADO(3),4000231,0.0,0.0
4000231,INMOVILIZADOR DE CLAVICULA BLUNDING (M),0.0,10,QUIROFANO(4),4000231,0.0,0.0
4000231,INMOVILIZADOR DE CLAVICULA BLUNDING (M),0.0,10,ADMINISTRACION,4000231,0.0,0.0
4000231,INMOVILIZADOR DE CLAVICULA BLUNDING (M),0.0,10,CARRO DE PARO,4000231,0.0,0.0
4000232,INMOVILIZADOR DE CLAVICULA BLUNDING P,0.0,10,FARMACIA INTERNA(1),4000232,0.0,0.0
4000232,INMOVILIZADOR DE CLAVICULA BLUNDING P,0.0,10,URGENCIAS(2),4000232,0.0,0.0
4000232,INMOVILIZADOR DE CLAVICULA BLUNDING P,0.0,10,INTERNADO(3),4000232,0.0,0.0
4000232,INMOVILIZADOR DE CLAVICULA BLUNDING P,0.0,10,QUIROFANO(4),4000232,0.0,0.0
4000232,INMOVILIZADOR DE CLAVICULA BLUNDING P,0.0,10,ADMINISTRACION,4000232,0.0,0.0
4000232,INMOVILIZADOR DE CLAVICULA BLUNDING P,0.0,10,CARRO DE PARO,4000232,0.0,0.0
4000233,INTRASITE GRL - HIDROGEL 25GR,0.0,10,FARMACIA INTERNA(1),4000233,0.0,0.0
4000233,INTRASITE GRL - HIDROGEL 25GR,0.0,10,URGENCIAS(2),4000233,0.0,0.0
4000233,INTRASITE GRL - HIDROGEL 25GR,0.0,10,INTERNADO(3),4000233,0.0,0.0
4000233,INTRASITE GRL - HIDROGEL 25GR,0.0,10,QUIROFANO(4),4000233,0.0,0.0
4000233,INTRASITE GRL - HIDROGEL 25GR,0.0,10,ADMINISTRACION,4000233,0.0,0.0
4000233,INTRASITE GRL - HIDROGEL 25GR,0.0,10,CARRO DE PARO,4000233,0.0,0.0
4000234,JELONET 10 X 10 CM,0.0,10,FARMACIA INTERNA(1),4000234,0.0,0.0
4000234,JELONET 10 X 10 CM,0.0,10,URGENCIAS(2),4000234,0.0,0.0
4000234,JELONET 10 X 10 CM,0.0,10,INTERNADO(3),4000234,0.0,0.0
4000234,JELONET 10 X 10 CM,0.0,10,QUIROFANO(4),4000234,0.0,0.0
4000234,JELONET 10 X 10 CM,0.0,10,ADMINISTRACION,4000234,0.0,0.0
4000234,JELONET 10 X 10 CM,0.0,10,CARRO DE PARO,4000234,0.0,0.0
4000235,JL9 - 800ML (JABON LIQUI C/CLORHEXIDINA ADOX),0.0,10,FARMACIA INTERNA(1),4000235,0.0,0.0
4000235,JL9 - 800ML (JABON LIQUI C/CLORHEXIDINA ADOX),0.0,10,URGENCIAS(2),4000235,0.0,0.0
4000235,JL9 - 800ML (JABON LIQUI C/CLORHEXIDINA ADOX),0.0,10,INTERNADO(3),4000235,0.0,0.0
4000235,JL9 - 800ML (JABON LIQUI C/CLORHEXIDINA ADOX),0.0,10,QUIROFANO(4),4000235,0.0,0.0
4000235,JL9 - 800ML (JABON LIQUI C/CLORHEXIDINA ADOX),0.0,10,ADMINISTRACION,4000235,0.0,0.0
4000235,JL9 - 800ML (JABON LIQUI C/CLORHEXIDINA ADOX),0.0,10,CARRO DE PARO,4000235,0.0,0.0
4000236,KIT CODIGO AMARILLO ( CUADRO RESPIRATORIO),0.0,10,FARMACIA INTERNA(1),4000236,0.0,0.0
4000236,KIT CODIGO AMARILLO ( CUADRO RESPIRATORIO),0.0,10,URGENCIAS(2),4000236,0.0,0.0
4000236,KIT CODIGO AMARILLO ( CUADRO RESPIRATORIO),0.0,10,INTERNADO(3),4000236,0.0,0.0
4000236,KIT CODIGO AMARILLO ( CUADRO RESPIRATORIO),0.0,10,QUIROFANO(4),4000236,0.0,0.0
4000236,KIT CODIGO AMARILLO ( CUADRO RESPIRATORIO),0.0,10,ADMINISTRACION,4000236,0.0,0.0
4000236,KIT CODIGO AMARILLO ( CUADRO RESPIRATORIO),0.0,10,CARRO DE PARO,4000236,0.0,0.0
4000237,KIT P/ NEBULIZAR CON TUBO EN T,0.0,10,FARMACIA INTERNA(1),4000237,0.0,0.0
4000237,KIT P/ NEBULIZAR CON TUBO EN T,0.0,10,URGENCIAS(2),4000237,0.0,0.0
4000237,KIT P/ NEBULIZAR CON TUBO EN T,0.0,10,INTERNADO(3),4000237,0.0,0.0
4000237,KIT P/ NEBULIZAR CON TUBO EN T,0.0,10,QUIROFANO(4),4000237,0.0,0.0
4000237,KIT P/ NEBULIZAR CON TUBO EN T,0.0,10,ADMINISTRACION,4000237,0.0,0.0
4000237,KIT P/ NEBULIZAR CON TUBO EN T,0.0,10,CARRO DE PARO,4000237,0.0,0.0
4000238,LAPIZ P/ ELECTROBISTURI,45500.0,10,FARMACIA INTERNA(1),4000238,0.0,7.0
4000238,LAPIZ P/ ELECTROBISTURI,45500.0,10,URGENCIAS(2),4000238,0.0,0.0
4000238,LAPIZ P/ ELECTROBISTURI,45500.0,10,INTERNADO(3),4000238,0.0,0.0
4000238,LAPIZ P/ ELECTROBISTURI,45500.0,10,QUIROFANO(4),4000238,0.0,0.0
4000238,LAPIZ P/ ELECTROBISTURI,45500.0,10,ADMINISTRACION,4000238,0.0,0.0
4000238,LAPIZ P/ ELECTROBISTURI,45500.0,10,CARRO DE PARO,4000238,0.0,0.0
4000239,LEUKOMED IV FILM 7 X 9 CM (TEGADERM),12800.0,10,FARMACIA INTERNA(1),4000239,0.0,0.0
4000239,LEUKOMED IV FILM 7 X 9 CM (TEGADERM),12800.0,10,URGENCIAS(2),4000239,0.0,0.0
4000239,LEUKOMED IV FILM 7 X 9 CM (TEGADERM),12800.0,10,INTERNADO(3),4000239,0.0,0.0
4000239,LEUKOMED IV FILM 7 X 9 CM (TEGADERM),12800.0,10,QUIROFANO(4),4000239,0.0,0.0
4000239,LEUKOMED IV FILM 7 X 9 CM (TEGADERM),12800.0,10,ADMINISTRACION,4000239,0.0,0.0
4000239,LEUKOMED IV FILM 7 X 9 CM (TEGADERM),12800.0,10,CARRO DE PARO,4000239,0.0,0.0
4000240,LIGA CLIP (HEMOCLIP) 10 MEDIUM-LARGE,0.0,10,FARMACIA INTERNA(1),4000240,0.0,0.0
4000240,LIGA CLIP (HEMOCLIP) 10 MEDIUM-LARGE,0.0,10,URGENCIAS(2),4000240,0.0,0.0
4000240,LIGA CLIP (HEMOCLIP) 10 MEDIUM-LARGE,0.0,10,INTERNADO(3),4000240,0.0,0.0
4000240,LIGA CLIP (HEMOCLIP) 10 MEDIUM-LARGE,0.0,10,QUIROFANO(4),4000240,0.0,0.0
4000240,LIGA CLIP (HEMOCLIP) 10 MEDIUM-LARGE,0.0,10,ADMINISTRACION,4000240,0.0,0.0
4000240,LIGA CLIP (HEMOCLIP) 10 MEDIUM-LARGE,0.0,10,CARRO DE PARO,4000240,0.0,0.0
4000241,LIGA CLIP AESCULAP L (NARANJA)B/BRAUN X,1.0,0,10 FARMACIA INTERNA(1),4000241,0.0,0.0
4000241,LIGA CLIP AESCULAP L (NARANJA)B/BRAUN X,1.0,0,10 URGENCIAS(2),4000241,0.0,0.0
4000241,LIGA CLIP AESCULAP L (NARANJA)B/BRAUN X,1.0,0,10 INTERNADO(3),4000241,0.0,0.0
4000241,LIGA CLIP AESCULAP L (NARANJA)B/BRAUN X,1.0,0,10 QUIROFANO(4),4000241,0.0,0.0
4000241,LIGA CLIP AESCULAP L (NARANJA)B/BRAUN X,1.0,0,10 ADMINISTRACION,4000241,0.0,0.0
4000241,LIGA CLIP AESCULAP L (NARANJA)B/BRAUN X,1.0,0,10 CARRO DE PARO,4000241,0.0,0.0
4000242,LIGA CLIP MED-LARGE (VERDE),135500.0,10,FARMACIA INTERNA(1),4000242,0.0,3.0
4000242,LIGA CLIP MED-LARGE (VERDE),135500.0,10,URGENCIAS(2),4000242,0.0,0.0
4000242,LIGA CLIP MED-LARGE (VERDE),135500.0,10,INTERNADO(3),4000242,0.0,0.0
4000242,LIGA CLIP MED-LARGE (VERDE),135500.0,10,QUIROFANO(4),4000242,0.0,0.0
4000242,LIGA CLIP MED-LARGE (VERDE),135500.0,10,ADMINISTRACION,4000242,0.0,0.0
4000242,LIGA CLIP MED-LARGE (VERDE),135500.0,10,CARRO DE PARO,4000242,0.0,0.0
4000243,LIGA CLIP AESCULAP XL DS-SINGLE (GRIS) X,1.0,0,10 FARMACIA INTERNA(1),4000243,0.0,0.0
4000243,LIGA CLIP AESCULAP XL DS-SINGLE (GRIS) X,1.0,0,10 URGENCIAS(2),4000243,0.0,0.0
4000243,LIGA CLIP AESCULAP XL DS-SINGLE (GRIS) X,1.0,0,10 INTERNADO(3),4000243,0.0,0.0
4000243,LIGA CLIP AESCULAP XL DS-SINGLE (GRIS) X,1.0,0,10 QUIROFANO(4),4000243,0.0,0.0
4000243,LIGA CLIP AESCULAP XL DS-SINGLE (GRIS) X,1.0,0,10 ADMINISTRACION,4000243,0.0,0.0
4000243,LIGA CLIP AESCULAP XL DS-SINGLE (GRIS) X,1.0,0,10 CARRO DE PARO,4000243,0.0,0.0
4000244,LIGA CLIP EXTRA TITANIO GRANDE (AMARILLO),135500.0,10,FARMACIA INTERNA(1),4000244,0.0,2.0
4000244,LIGA CLIP EXTRA TITANIO GRANDE (AMARILLO),135500.0,10,URGENCIAS(2),4000244,0.0,0.0
4000244,LIGA CLIP EXTRA TITANIO GRANDE (AMARILLO),135500.0,10,INTERNADO(3),4000244,0.0,0.0
4000244,LIGA CLIP EXTRA TITANIO GRANDE (AMARILLO),135500.0,10,QUIROFANO(4),4000244,0.0,0.0
4000244,LIGA CLIP EXTRA TITANIO GRANDE (AMARILLO),135500.0,10,ADMINISTRACION,4000244,0.0,0.0
4000244,LIGA CLIP EXTRA TITANIO GRANDE (AMARILLO),135500.0,10,CARRO DE PARO,4000244,0.0,0.0
4000245,LIGA CLIP HEMOLOK DORADO,1110000.0,10,FARMACIA INTERNA(1),4000245,0.0,2.0
4000245,LIGA CLIP HEMOLOK DORADO,1110000.0,10,URGENCIAS(2),4000245,0.0,0.0
4000245,LIGA CLIP HEMOLOK DORADO,1110000.0,10,INTERNADO(3),4000245,0.0,0.0
4000245,LIGA CLIP HEMOLOK DORADO,1110000.0,10,QUIROFANO(4),4000245,0.0,0.0
4000245,LIGA CLIP HEMOLOK DORADO,1110000.0,10,ADMINISTRACION,4000245,0.0,0.0
4000245,LIGA CLIP HEMOLOK DORADO,1110000.0,10,CARRO DE PARO,4000245,0.0,0.0
4000246,LIGA CLIP HEMOLOK LILA,630000.0,10,FARMACIA INTERNA(1),4000246,0.0,2.0
4000246,LIGA CLIP HEMOLOK LILA,630000.0,10,URGENCIAS(2),4000246,0.0,0.0
4000246,LIGA CLIP HEMOLOK LILA,630000.0,10,INTERNADO(3),4000246,0.0,0.0
4000246,LIGA CLIP HEMOLOK LILA,630000.0,10,QUIROFANO(4),4000246,0.0,0.0
4000246,LIGA CLIP HEMOLOK LILA,630000.0,10,ADMINISTRACION,4000246,0.0,0.0
4000246,LIGA CLIP HEMOLOK LILA,630000.0,10,CARRO DE PARO,4000246,0.0,0.0
4000247,LINEA INFUSOMAT SPACE TRANSL FOTOSENSIBLE BRAUN,0.0,10,FARMACIA INTERNA(1),4000247,0.0,0.0
4000247,LINEA INFUSOMAT SPACE TRANSL FOTOSENSIBLE BRAUN,0.0,10,URGENCIAS(2),4000247,0.0,0.0
4000247,LINEA INFUSOMAT SPACE TRANSL FOTOSENSIBLE BRAUN,0.0,10,INTERNADO(3),4000247,0.0,0.0
4000247,LINEA INFUSOMAT SPACE TRANSL FOTOSENSIBLE BRAUN,0.0,10,QUIROFANO(4),4000247,0.0,0.0
4000247,LINEA INFUSOMAT SPACE TRANSL FOTOSENSIBLE BRAUN,0.0,10,ADMINISTRACION,4000247,0.0,0.0
4000247,LINEA INFUSOMAT SPACE TRANSL FOTOSENSIBLE BRAUN,0.0,10,CARRO DE PARO,4000247,0.0,0.0
4000248,LLAVE DE 3 VIAS CON TUBO DE EXTENSION,0.0,10,FARMACIA INTERNA(1),4000248,0.0,0.0
4000248,LLAVE DE 3 VIAS CON TUBO DE EXTENSION,0.0,10,URGENCIAS(2),4000248,0.0,0.0
4000248,LLAVE DE 3 VIAS CON TUBO DE EXTENSION,0.0,10,INTERNADO(3),4000248,0.0,0.0
4000248,LLAVE DE 3 VIAS CON TUBO DE EXTENSION,0.0,10,QUIROFANO(4),4000248,0.0,0.0
4000248,LLAVE DE 3 VIAS CON TUBO DE EXTENSION,0.0,10,ADMINISTRACION,4000248,0.0,0.0
4000248,LLAVE DE 3 VIAS CON TUBO DE EXTENSION,0.0,10,CARRO DE PARO,4000248,0.0,0.0
4000249,MALLA OPTILENE MESH 15 X15 CM B/BRAU,540000.0,10,FARMACIA INTERNA(1),4000249,0.0,3.0
4000249,MALLA OPTILENE MESH 15 X15 CM B/BRAU,540000.0,10,URGENCIAS(2),4000249,0.0,0.0
4000249,MALLA OPTILENE MESH 15 X15 CM B/BRAU,540000.0,10,INTERNADO(3),4000249,0.0,0.0
4000249,MALLA OPTILENE MESH 15 X15 CM B/BRAU,540000.0,10,QUIROFANO(4),4000249,0.0,0.0
4000249,MALLA OPTILENE MESH 15 X15 CM B/BRAU,540000.0,10,ADMINISTRACION,4000249,0.0,0.0
4000249,MALLA OPTILENE MESH 15 X15 CM B/BRAU,540000.0,10,CARRO DE PARO,4000249,0.0,0.0
4000250,"MALLA POLIPROPILENO BARDMESH 7,5 X 15 CM",0.0,10,FARMACIA INTERNA(1),4000250,0.0,0.0
4000250,"MALLA POLIPROPILENO BARDMESH 7,5 X 15 CM",0.0,10,URGENCIAS(2),4000250,0.0,0.0
4000250,"MALLA POLIPROPILENO BARDMESH 7,5 X 15 CM",0.0,10,INTERNADO(3),4000250,0.0,0.0
4000250,"MALLA POLIPROPILENO BARDMESH 7,5 X 15 CM",0.0,10,QUIROFANO(4),4000250,0.0,0.0
4000250,"MALLA POLIPROPILENO BARDMESH 7,5 X 15 CM",0.0,10,ADMINISTRACION,4000250,0.0,0.0
4000250,"MALLA POLIPROPILENO BARDMESH 7,5 X 15 CM",0.0,10,CARRO DE PARO,4000250,0.0,0.0
4000251,MANGUITO DE PRESION N1,0.0,10,FARMACIA INTERNA(1),4000251,0.0,0.0
4000251,MANGUITO DE PRESION N1,0.0,10,URGENCIAS(2),4000251,0.0,0.0
4000251,MANGUITO DE PRESION N1,0.0,10,INTERNADO(3),4000251,0.0,0.0
4000251,MANGUITO DE PRESION N1,0.0,10,QUIROFANO(4),4000251,0.0,0.0
4000251,MANGUITO DE PRESION N1,0.0,10,ADMINISTRACION,4000251,0.0,0.0
4000251,MANGUITO DE PRESION N1,0.0,10,CARRO DE PARO,4000251,0.0,0.0
4000252,MANGUITO DE PRESION N2,0.0,10,FARMACIA INTERNA(1),4000252,0.0,0.0
4000252,MANGUITO DE PRESION N2,0.0,10,URGENCIAS(2),4000252,0.0,0.0
4000252,MANGUITO DE PRESION N2,0.0,10,INTERNADO(3),4000252,0.0,0.0
4000252,MANGUITO DE PRESION N2,0.0,10,QUIROFANO(4),4000252,0.0,0.0
4000252,MANGUITO DE PRESION N2,0.0,10,ADMINISTRACION,4000252,0.0,0.0
4000252,MANGUITO DE PRESION N2,0.0,10,CARRO DE PARO,4000252,0.0,0.0
4000253,MANGUITO DE PRESION N3,0.0,10,FARMACIA INTERNA(1),4000253,0.0,0.0
4000253,MANGUITO DE PRESION N3,0.0,10,URGENCIAS(2),4000253,0.0,0.0
4000253,MANGUITO DE PRESION N3,0.0,10,INTERNADO(3),4000253,0.0,0.0
4000253,MANGUITO DE PRESION N3,0.0,10,QUIROFANO(4),4000253,0.0,0.0
4000253,MANGUITO DE PRESION N3,0.0,10,ADMINISTRACION,4000253,0.0,0.0
4000253,MANGUITO DE PRESION N3,0.0,10,CARRO DE PARO,4000253,0.0,0.0
4000254,MASCARA NASAL NEO P/ CPAP G,0.0,10,FARMACIA INTERNA(1),4000254,0.0,0.0
4000254,MASCARA NASAL NEO P/ CPAP G,0.0,10,URGENCIAS(2),4000254,0.0,0.0
4000254,MASCARA NASAL NEO P/ CPAP G,0.0,10,INTERNADO(3),4000254,0.0,0.0
4000254,MASCARA NASAL NEO P/ CPAP G,0.0,10,QUIROFANO(4),4000254,0.0,0.0
4000254,MASCARA NASAL NEO P/ CPAP G,0.0,10,ADMINISTRACION,4000254,0.0,0.0
4000254,MASCARA NASAL NEO P/ CPAP G,0.0,10,CARRO DE PARO,4000254,0.0,0.0
4000255,MASCARA NASAL NEO P/ CPAP M,0.0,10,FARMACIA INTERNA(1),4000255,0.0,0.0
4000255,MASCARA NASAL NEO P/ CPAP M,0.0,10,URGENCIAS(2),4000255,0.0,0.0
4000255,MASCARA NASAL NEO P/ CPAP M,0.0,10,INTERNADO(3),4000255,0.0,0.0
4000255,MASCARA NASAL NEO P/ CPAP M,0.0,10,QUIROFANO(4),4000255,0.0,0.0
4000255,MASCARA NASAL NEO P/ CPAP M,0.0,10,ADMINISTRACION,4000255,0.0,0.0
4000255,MASCARA NASAL NEO P/ CPAP M,0.0,10,CARRO DE PARO,4000255,0.0,0.0
4000256,MASCARA NASAL NEO P/ CPAP P,0.0,10,FARMACIA INTERNA(1),4000256,0.0,0.0
4000256,MASCARA NASAL NEO P/ CPAP P,0.0,10,URGENCIAS(2),4000256,0.0,0.0
4000256,MASCARA NASAL NEO P/ CPAP P,0.0,10,INTERNADO(3),4000256,0.0,0.0
4000256,MASCARA NASAL NEO P/ CPAP P,0.0,10,QUIROFANO(4),4000256,0.0,0.0
4000256,MASCARA NASAL NEO P/ CPAP P,0.0,10,ADMINISTRACION,4000256,0.0,0.0
4000256,MASCARA NASAL NEO P/ CPAP P,0.0,10,CARRO DE PARO,4000256,0.0,0.0
4000257,MASCARA P/ ANESTESIA N1,55000.0,10,FARMACIA INTERNA(1),4000257,0.0,2.0
4000257,MASCARA P/ ANESTESIA N1,55000.0,10,URGENCIAS(2),4000257,0.0,0.0
4000257,MASCARA P/ ANESTESIA N1,55000.0,10,INTERNADO(3),4000257,0.0,0.0
4000257,MASCARA P/ ANESTESIA N1,55000.0,10,QUIROFANO(4),4000257,0.0,0.0
4000257,MASCARA P/ ANESTESIA N1,55000.0,10,ADMINISTRACION,4000257,0.0,0.0
4000257,MASCARA P/ ANESTESIA N1,55000.0,10,CARRO DE PARO,4000257,0.0,0.0
4000258,MASCARA P/ ANESTESIA N2,55000.0,10,FARMACIA INTERNA(1),4000258,0.0,4.0
4000258,MASCARA P/ ANESTESIA N2,55000.0,10,URGENCIAS(2),4000258,0.0,0.0
4000258,MASCARA P/ ANESTESIA N2,55000.0,10,INTERNADO(3),4000258,0.0,0.0
4000258,MASCARA P/ ANESTESIA N2,55000.0,10,QUIROFANO(4),4000258,0.0,0.0
4000258,MASCARA P/ ANESTESIA N2,55000.0,10,ADMINISTRACION,4000258,0.0,0.0
4000258,MASCARA P/ ANESTESIA N2,55000.0,10,CARRO DE PARO,4000258,0.0,1.0
4000259,MASCARA P/ ANESTESIA N3,35800.0,10,FARMACIA INTERNA(1),4000259,0.0,4.0
4000259,MASCARA P/ ANESTESIA N3,35800.0,10,URGENCIAS(2),4000259,0.0,0.0
4000259,MASCARA P/ ANESTESIA N3,35800.0,10,INTERNADO(3),4000259,0.0,0.0
4000259,MASCARA P/ ANESTESIA N3,35800.0,10,QUIROFANO(4),4000259,0.0,0.0
4000259,MASCARA P/ ANESTESIA N3,35800.0,10,ADMINISTRACION,4000259,0.0,0.0
4000259,MASCARA P/ ANESTESIA N3,35800.0,10,CARRO DE PARO,4000259,0.0,0.0
4000260,MASCARA P/ ANESTESIA N4,35800.0,10,FARMACIA INTERNA(1),4000260,0.0,3.0
4000260,MASCARA P/ ANESTESIA N4,35800.0,10,URGENCIAS(2),4000260,0.0,0.0
4000260,MASCARA P/ ANESTESIA N4,35800.0,10,INTERNADO(3),4000260,0.0,0.0
4000260,MASCARA P/ ANESTESIA N4,35800.0,10,QUIROFANO(4),4000260,0.0,0.0
4000260,MASCARA P/ ANESTESIA N4,35800.0,10,ADMINISTRACION,4000260,0.0,0.0
4000260,MASCARA P/ ANESTESIA N4,35800.0,10,CARRO DE PARO,4000260,0.0,1.0
4000261,MASCARA P/ ANESTESIA N5,31500.0,10,FARMACIA INTERNA(1),4000261,0.0,2.0
4000261,MASCARA P/ ANESTESIA N5,31500.0,10,URGENCIAS(2),4000261,0.0,0.0
4000261,MASCARA P/ ANESTESIA N5,31500.0,10,INTERNADO(3),4000261,0.0,0.0
4000261,MASCARA P/ ANESTESIA N5,31500.0,10,QUIROFANO(4),4000261,0.0,0.0
4000261,MASCARA P/ ANESTESIA N5,31500.0,10,ADMINISTRACION,4000261,0.0,0.0
4000261,MASCARA P/ ANESTESIA N5,31500.0,10,CARRO DE PARO,4000261,0.0,1.0
4000262,MASCARA P/ ANESTESIA N6,31500.0,10,FARMACIA INTERNA(1),4000262,0.0,2.0
4000262,MASCARA P/ ANESTESIA N6,31500.0,10,URGENCIAS(2),4000262,0.0,0.0
4000262,MASCARA P/ ANESTESIA N6,31500.0,10,INTERNADO(3),4000262,0.0,0.0
4000262,MASCARA P/ ANESTESIA N6,31500.0,10,QUIROFANO(4),4000262,0.0,0.0
4000262,MASCARA P/ ANESTESIA N6,31500.0,10,ADMINISTRACION,4000262,0.0,0.0
4000262,MASCARA P/ ANESTESIA N6,31500.0,10,CARRO DE PARO,4000262,0.0,1.0
4000263,MASCARA P/OXIGENO VENTURI ADULTO,0.0,10,FARMACIA INTERNA(1),4000263,0.0,0.0
4000263,MASCARA P/OXIGENO VENTURI ADULTO,0.0,10,URGENCIAS(2),4000263,0.0,0.0
4000263,MASCARA P/OXIGENO VENTURI ADULTO,0.0,10,INTERNADO(3),4000263,0.0,0.0
4000263,MASCARA P/OXIGENO VENTURI ADULTO,0.0,10,QUIROFANO(4),4000263,0.0,0.0
4000263,MASCARA P/OXIGENO VENTURI ADULTO,0.0,10,ADMINISTRACION,4000263,0.0,0.0
4000263,MASCARA P/OXIGENO VENTURI ADULTO,0.0,10,CARRO DE PARO,4000263,0.0,0.0
4000264,MASCARILLA CPAP ADULTO,0.0,10,FARMACIA INTERNA(1),4000264,0.0,0.0
4000264,MASCARILLA CPAP ADULTO,0.0,10,URGENCIAS(2),4000264,0.0,0.0
4000264,MASCARILLA CPAP ADULTO,0.0,10,INTERNADO(3),4000264,0.0,0.0
4000264,MASCARILLA CPAP ADULTO,0.0,10,QUIROFANO(4),4000264,0.0,0.0
4000264,MASCARILLA CPAP ADULTO,0.0,10,ADMINISTRACION,4000264,0.0,0.0
4000264,MASCARILLA CPAP ADULTO,0.0,10,CARRO DE PARO,4000264,0.0,0.0
4000265,MAXON VERDE 1 1/2 - 95MM GS 26 (PDS II),0.0,10,FARMACIA INTERNA(1),4000265,0.0,0.0
4000265,MAXON VERDE 1 1/2 - 95MM GS 26 (PDS II),0.0,10,URGENCIAS(2),4000265,0.0,0.0
4000265,MAXON VERDE 1 1/2 - 95MM GS 26 (PDS II),0.0,10,INTERNADO(3),4000265,0.0,0.0
4000265,MAXON VERDE 1 1/2 - 95MM GS 26 (PDS II),0.0,10,QUIROFANO(4),4000265,0.0,0.0
4000265,MAXON VERDE 1 1/2 - 95MM GS 26 (PDS II),0.0,10,ADMINISTRACION,4000265,0.0,0.0
4000265,MAXON VERDE 1 1/2 - 95MM GS 26 (PDS II),0.0,10,CARRO DE PARO,4000265,0.0,0.0
4000266,MAXON VERDE 3-0 25MM 1/2 75CM (PDS II),0.0,10,FARMACIA INTERNA(1),4000266,0.0,0.0
4000266,MAXON VERDE 3-0 25MM 1/2 75CM (PDS II),0.0,10,URGENCIAS(2),4000266,0.0,0.0
4000266,MAXON VERDE 3-0 25MM 1/2 75CM (PDS II),0.0,10,INTERNADO(3),4000266,0.0,0.0
4000266,MAXON VERDE 3-0 25MM 1/2 75CM (PDS II),0.0,10,QUIROFANO(4),4000266,0.0,0.0
4000266,MAXON VERDE 3-0 25MM 1/2 75CM (PDS II),0.0,10,ADMINISTRACION,4000266,0.0,0.0
4000266,MAXON VERDE 3-0 25MM 1/2 75CM (PDS II),0.0,10,CARRO DE PARO,4000266,0.0,0.0
4000267,MAXON VERDE 5/0 COVIDIEN (PDS II),0.0,10,FARMACIA INTERNA(1),4000267,0.0,0.0
4000267,MAXON VERDE 5/0 COVIDIEN (PDS II),0.0,10,URGENCIAS(2),4000267,0.0,0.0
4000267,MAXON VERDE 5/0 COVIDIEN (PDS II),0.0,10,INTERNADO(3),4000267,0.0,0.0
4000267,MAXON VERDE 5/0 COVIDIEN (PDS II),0.0,10,QUIROFANO(4),4000267,0.0,0.0
4000267,MAXON VERDE 5/0 COVIDIEN (PDS II),0.0,10,ADMINISTRACION,4000267,0.0,0.0
4000267,MAXON VERDE 5/0 COVIDIEN (PDS II),0.0,10,CARRO DE PARO,4000267,0.0,0.0
4000268,MEDIA ANTIEMBOLISMO DYNAVEN TAM G,0.0,10,FARMACIA INTERNA(1),4000268,0.0,0.0
4000268,MEDIA ANTIEMBOLISMO DYNAVEN TAM G,0.0,10,URGENCIAS(2),4000268,0.0,0.0
4000268,MEDIA ANTIEMBOLISMO DYNAVEN TAM G,0.0,10,INTERNADO(3),4000268,0.0,0.0
4000268,MEDIA ANTIEMBOLISMO DYNAVEN TAM G,0.0,10,QUIROFANO(4),4000268,0.0,0.0
4000268,MEDIA ANTIEMBOLISMO DYNAVEN TAM G,0.0,10,ADMINISTRACION,4000268,0.0,0.0
4000268,MEDIA ANTIEMBOLISMO DYNAVEN TAM G,0.0,10,CARRO DE PARO,4000268,0.0,0.0
4000269,MEDIA ANTIEMBOLISMO DYNAVEN TAM M,0.0,10,FARMACIA INTERNA(1),4000269,0.0,0.0
4000269,MEDIA ANTIEMBOLISMO DYNAVEN TAM M,0.0,10,URGENCIAS(2),4000269,0.0,0.0
4000269,MEDIA ANTIEMBOLISMO DYNAVEN TAM M,0.0,10,INTERNADO(3),4000269,0.0,0.0
4000269,MEDIA ANTIEMBOLISMO DYNAVEN TAM M,0.0,10,QUIROFANO(4),4000269,0.0,0.0
4000269,MEDIA ANTIEMBOLISMO DYNAVEN TAM M,0.0,10,ADMINISTRACION,4000269,0.0,0.0
4000269,MEDIA ANTIEMBOLISMO DYNAVEN TAM M,0.0,10,CARRO DE PARO,4000269,0.0,0.0
4000270,MEDIA ANTIEMBOLISMO M VENOSAN,0.0,10,FARMACIA INTERNA(1),4000270,0.0,0.0
4000270,MEDIA ANTIEMBOLISMO M VENOSAN,0.0,10,URGENCIAS(2),4000270,0.0,0.0
4000270,MEDIA ANTIEMBOLISMO M VENOSAN,0.0,10,INTERNADO(3),4000270,0.0,0.0
4000270,MEDIA ANTIEMBOLISMO M VENOSAN,0.0,10,QUIROFANO(4),4000270,0.0,0.0
4000270,MEDIA ANTIEMBOLISMO M VENOSAN,0.0,10,ADMINISTRACION,4000270,0.0,0.0
4000270,MEDIA ANTIEMBOLISMO M VENOSAN,0.0,10,CARRO DE PARO,4000270,0.0,0.0
4000271,"MEDIA ANTIEMBOLISMO TED ""L""",0.0,10,FARMACIA INTERNA(1),4000271,0.0,0.0
4000271,"MEDIA ANTIEMBOLISMO TED ""L""",0.0,10,URGENCIAS(2),4000271,0.0,0.0
4000271,"MEDIA ANTIEMBOLISMO TED ""L""",0.0,10,INTERNADO(3),4000271,0.0,0.0
4000271,"MEDIA ANTIEMBOLISMO TED ""L""",0.0,10,QUIROFANO(4),4000271,0.0,0.0
4000271,"MEDIA ANTIEMBOLISMO TED ""L""",0.0,10,ADMINISTRACION,4000271,0.0,0.0
4000271,"MEDIA ANTIEMBOLISMO TED ""L""",0.0,10,CARRO DE PARO,4000271,0.0,0.0
4000272,"MEDIA ANTIEMBOLISMO TED ""XL""",0.0,10,FARMACIA INTERNA(1),4000272,0.0,0.0
4000272,"MEDIA ANTIEMBOLISMO TED ""XL""",0.0,10,URGENCIAS(2),4000272,0.0,0.0
4000272,"MEDIA ANTIEMBOLISMO TED ""XL""",0.0,10,INTERNADO(3),4000272,0.0,0.0
4000272,"MEDIA ANTIEMBOLISMO TED ""XL""",0.0,10,QUIROFANO(4),4000272,0.0,0.0
4000272,"MEDIA ANTIEMBOLISMO TED ""XL""",0.0,10,ADMINISTRACION,4000272,0.0,0.0
4000272,"MEDIA ANTIEMBOLISMO TED ""XL""",0.0,10,CARRO DE PARO,4000272,0.0,0.0
4000273,"MICROPORE 3M BLANCO 7,5CM X 9,1M",107000.0,10,FARMACIA INTERNA(1),4000273,0.0,4.0
4000273,"MICROPORE 3M BLANCO 7,5CM X 9,1M",107000.0,10,URGENCIAS(2),4000273,0.0,0.0
4000273,"MICROPORE 3M BLANCO 7,5CM X 9,1M",107000.0,10,INTERNADO(3),4000273,0.0,0.0
4000273,"MICROPORE 3M BLANCO 7,5CM X 9,1M",107000.0,10,QUIROFANO(4),4000273,0.0,0.0
4000273,"MICROPORE 3M BLANCO 7,5CM X 9,1M",107000.0,10,ADMINISTRACION,4000273,0.0,0.0
4000273,"MICROPORE 3M BLANCO 7,5CM X 9,1M",107000.0,10,CARRO DE PARO,4000273,0.0,0.0
4000274,"MICROPORE PIEL 1,25 CM",0.0,10,FARMACIA INTERNA(1),4000274,0.0,0.0
4000274,"MICROPORE PIEL 1,25 CM",0.0,10,URGENCIAS(2),4000274,0.0,0.0
4000274,"MICROPORE PIEL 1,25 CM",0.0,10,INTERNADO(3),4000274,0.0,0.0
4000274,"MICROPORE PIEL 1,25 CM",0.0,10,QUIROFANO(4),4000274,0.0,0.0
4000274,"MICROPORE PIEL 1,25 CM",0.0,10,ADMINISTRACION,4000274,0.0,0.0
4000274,"MICROPORE PIEL 1,25 CM",0.0,10,CARRO DE PARO,4000274,0.0,0.0
4000275,"MICROPORE PIEL 2,5CM X 5M",0.0,10,FARMACIA INTERNA(1),4000275,0.0,0.0
4000275,"MICROPORE PIEL 2,5CM X 5M",0.0,10,URGENCIAS(2),4000275,0.0,0.0
4000275,"MICROPORE PIEL 2,5CM X 5M",0.0,10,INTERNADO(3),4000275,0.0,0.0
4000275,"MICROPORE PIEL 2,5CM X 5M",0.0,10,QUIROFANO(4),4000275,0.0,0.0
4000275,"MICROPORE PIEL 2,5CM X 5M",0.0,10,ADMINISTRACION,4000275,0.0,0.0
4000275,"MICROPORE PIEL 2,5CM X 5M",0.0,10,CARRO DE PARO,4000275,0.0,0.0
4000276,MICROPORE PIEL 5CM,0.0,10,FARMACIA INTERNA(1),4000276,0.0,0.0
4000276,MICROPORE PIEL 5CM,0.0,10,URGENCIAS(2),4000276,0.0,0.0
4000276,MICROPORE PIEL 5CM,0.0,10,INTERNADO(3),4000276,0.0,0.0
4000276,MICROPORE PIEL 5CM,0.0,10,QUIROFANO(4),4000276,0.0,0.0
4000276,MICROPORE PIEL 5CM,0.0,10,ADMINISTRACION,4000276,0.0,0.0
4000276,MICROPORE PIEL 5CM,0.0,10,CARRO DE PARO,4000276,0.0,0.0
4000277,MISS ROSE LABIAL MATTE VARIOS,0.0,10,FARMACIA INTERNA(1),4000277,0.0,0.0
4000277,MISS ROSE LABIAL MATTE VARIOS,0.0,10,URGENCIAS(2),4000277,0.0,0.0
4000277,MISS ROSE LABIAL MATTE VARIOS,0.0,10,INTERNADO(3),4000277,0.0,0.0
4000277,MISS ROSE LABIAL MATTE VARIOS,0.0,10,QUIROFANO(4),4000277,0.0,0.0
4000277,MISS ROSE LABIAL MATTE VARIOS,0.0,10,ADMINISTRACION,4000277,0.0,0.0
4000277,MISS ROSE LABIAL MATTE VARIOS,0.0,10,CARRO DE PARO,4000277,0.0,0.0
4000278,MONOCRYL PLUS 3-0 HS 26MM 1/2C 70CM ETHICON,0.0,10,FARMACIA INTERNA(1),4000278,0.0,0.0
4000278,MONOCRYL PLUS 3-0 HS 26MM 1/2C 70CM ETHICON,0.0,10,URGENCIAS(2),4000278,0.0,0.0
4000278,MONOCRYL PLUS 3-0 HS 26MM 1/2C 70CM ETHICON,0.0,10,INTERNADO(3),4000278,0.0,0.0
4000278,MONOCRYL PLUS 3-0 HS 26MM 1/2C 70CM ETHICON,0.0,10,QUIROFANO(4),4000278,0.0,0.0
4000278,MONOCRYL PLUS 3-0 HS 26MM 1/2C 70CM ETHICON,0.0,10,ADMINISTRACION,4000278,0.0,0.0
4000278,MONOCRYL PLUS 3-0 HS 26MM 1/2C 70CM ETHICON,0.0,10,CARRO DE PARO,4000278,0.0,0.0
4000279,MONOCRYL PLUS 5-0 PS-2 19MM 3/8 45CM ETHICON,0.0,10,FARMACIA INTERNA(1),4000279,0.0,0.0
4000279,MONOCRYL PLUS 5-0 PS-2 19MM 3/8 45CM ETHICON,0.0,10,URGENCIAS(2),4000279,0.0,0.0
4000279,MONOCRYL PLUS 5-0 PS-2 19MM 3/8 45CM ETHICON,0.0,10,INTERNADO(3),4000279,0.0,0.0
4000279,MONOCRYL PLUS 5-0 PS-2 19MM 3/8 45CM ETHICON,0.0,10,QUIROFANO(4),4000279,0.0,0.0
4000279,MONOCRYL PLUS 5-0 PS-2 19MM 3/8 45CM ETHICON,0.0,10,ADMINISTRACION,4000279,0.0,0.0
4000279,MONOCRYL PLUS 5-0 PS-2 19MM 3/8 45CM ETHICON,0.0,10,CARRO DE PARO,4000279,0.0,0.0
4000280,MONOMAX VIOLET 1 HRT 48 B BRAUN,0.0,10,FARMACIA INTERNA(1),4000280,0.0,0.0
4000280,MONOMAX VIOLET 1 HRT 48 B BRAUN,0.0,10,URGENCIAS(2),4000280,0.0,0.0
4000280,MONOMAX VIOLET 1 HRT 48 B BRAUN,0.0,10,INTERNADO(3),4000280,0.0,0.0
4000280,MONOMAX VIOLET 1 HRT 48 B BRAUN,0.0,10,QUIROFANO(4),4000280,0.0,0.0
4000280,MONOMAX VIOLET 1 HRT 48 B BRAUN,0.0,10,ADMINISTRACION,4000280,0.0,0.0
4000280,MONOMAX VIOLET 1 HRT 48 B BRAUN,0.0,10,CARRO DE PARO,4000280,0.0,0.0
4000281,"MONOPLUS VIOLET 0 (3,5) 150CM HR 40 B BRAUN",143000.0,10,FARMACIA INTERNA(1),4000281,0.0,10.0
4000281,"MONOPLUS VIOLET 0 (3,5) 150CM HR 40 B BRAUN",143000.0,10,URGENCIAS(2),4000281,0.0,0.0
4000281,"MONOPLUS VIOLET 0 (3,5) 150CM HR 40 B BRAUN",143000.0,10,INTERNADO(3),4000281,0.0,0.0
4000281,"MONOPLUS VIOLET 0 (3,5) 150CM HR 40 B BRAUN",143000.0,10,QUIROFANO(4),4000281,0.0,0.0
4000281,"MONOPLUS VIOLET 0 (3,5) 150CM HR 40 B BRAUN",143000.0,10,ADMINISTRACION,4000281,0.0,0.0
4000281,"MONOPLUS VIOLET 0 (3,5) 150CM HR 40 B BRAUN",143000.0,10,CARRO DE PARO,4000281,0.0,0.0
4000282,MONOPLUS VIOLET 1 (4) 150CM HR 48 B BRAUN,151000.0,10,FARMACIA INTERNA(1),4000282,0.0,10.0
4000282,MONOPLUS VIOLET 1 (4) 150CM HR 48 B BRAUN,151000.0,10,URGENCIAS(2),4000282,0.0,0.0
4000282,MONOPLUS VIOLET 1 (4) 150CM HR 48 B BRAUN,151000.0,10,INTERNADO(3),4000282,0.0,0.0
4000282,MONOPLUS VIOLET 1 (4) 150CM HR 48 B BRAUN,151000.0,10,QUIROFANO(4),4000282,0.0,0.0
4000282,MONOPLUS VIOLET 1 (4) 150CM HR 48 B BRAUN,151000.0,10,ADMINISTRACION,4000282,0.0,0.0
4000282,MONOPLUS VIOLET 1 (4) 150CM HR 48 B BRAUN,151000.0,10,CARRO DE PARO,4000282,0.0,0.0
4000283,MONOPLUS VIOLET 2-0 70CM HRT26 B BRAUN,0.0,10,FARMACIA INTERNA(1),4000283,0.0,0.0
4000283,MONOPLUS VIOLET 2-0 70CM HRT26 B BRAUN,0.0,10,URGENCIAS(2),4000283,0.0,0.0
4000283,MONOPLUS VIOLET 2-0 70CM HRT26 B BRAUN,0.0,10,INTERNADO(3),4000283,0.0,0.0
4000283,MONOPLUS VIOLET 2-0 70CM HRT26 B BRAUN,0.0,10,QUIROFANO(4),4000283,0.0,0.0
4000283,MONOPLUS VIOLET 2-0 70CM HRT26 B BRAUN,0.0,10,ADMINISTRACION,4000283,0.0,0.0
4000283,MONOPLUS VIOLET 2-0 70CM HRT26 B BRAUN,0.0,10,CARRO DE PARO,4000283,0.0,0.0
4000284,MONOPLUS VIOLET 3-0 70CM HR26 B BRAUN,117000.0,10,FARMACIA INTERNA(1),4000284,0.0,5.0
4000284,MONOPLUS VIOLET 3-0 70CM HR26 B BRAUN,117000.0,10,URGENCIAS(2),4000284,0.0,0.0
4000284,MONOPLUS VIOLET 3-0 70CM HR26 B BRAUN,117000.0,10,INTERNADO(3),4000284,0.0,0.0
4000284,MONOPLUS VIOLET 3-0 70CM HR26 B BRAUN,117000.0,10,QUIROFANO(4),4000284,0.0,0.0
4000284,MONOPLUS VIOLET 3-0 70CM HR26 B BRAUN,117000.0,10,ADMINISTRACION,4000284,0.0,0.0
4000284,MONOPLUS VIOLET 3-0 70CM HR26 B BRAUN,117000.0,10,CARRO DE PARO,4000284,0.0,0.0
4000285,MONOSOFT 0 CT 20MM - 3/8 X 45CM,0.0,10,FARMACIA INTERNA(1),4000285,0.0,0.0
4000285,MONOSOFT 0 CT 20MM - 3/8 X 45CM,0.0,10,URGENCIAS(2),4000285,0.0,0.0
4000285,MONOSOFT 0 CT 20MM - 3/8 X 45CM,0.0,10,INTERNADO(3),4000285,0.0,0.0
4000285,MONOSOFT 0 CT 20MM - 3/8 X 45CM,0.0,10,QUIROFANO(4),4000285,0.0,0.0
4000285,MONOSOFT 0 CT 20MM - 3/8 X 45CM,0.0,10,ADMINISTRACION,4000285,0.0,0.0
4000285,MONOSOFT 0 CT 20MM - 3/8 X 45CM,0.0,10,CARRO DE PARO,4000285,0.0,0.0
4000286,MONOSOFT 0 CT 30MM - 3/8 X 45 CM,0.0,10,FARMACIA INTERNA(1),4000286,0.0,0.0
4000286,MONOSOFT 0 CT 30MM - 3/8 X 45 CM,0.0,10,URGENCIAS(2),4000286,0.0,0.0
4000286,MONOSOFT 0 CT 30MM - 3/8 X 45 CM,0.0,10,INTERNADO(3),4000286,0.0,0.0
4000286,MONOSOFT 0 CT 30MM - 3/8 X 45 CM,0.0,10,QUIROFANO(4),4000286,0.0,0.0
4000286,MONOSOFT 0 CT 30MM - 3/8 X 45 CM,0.0,10,ADMINISTRACION,4000286,0.0,0.0
4000286,MONOSOFT 0 CT 30MM - 3/8 X 45 CM,0.0,10,CARRO DE PARO,4000286,0.0,0.0
4000287,MONOSOFT 2-0 CT-20MM 3/8 X 45CM COVIDIEN,0.0,10,FARMACIA INTERNA(1),4000287,0.0,0.0
4000287,MONOSOFT 2-0 CT-20MM 3/8 X 45CM COVIDIEN,0.0,10,URGENCIAS(2),4000287,0.0,0.0
4000287,MONOSOFT 2-0 CT-20MM 3/8 X 45CM COVIDIEN,0.0,10,INTERNADO(3),4000287,0.0,0.0
4000287,MONOSOFT 2-0 CT-20MM 3/8 X 45CM COVIDIEN,0.0,10,QUIROFANO(4),4000287,0.0,0.0
4000287,MONOSOFT 2-0 CT-20MM 3/8 X 45CM COVIDIEN,0.0,10,ADMINISTRACION,4000287,0.0,0.0
4000287,MONOSOFT 2-0 CT-20MM 3/8 X 45CM COVIDIEN,0.0,10,CARRO DE PARO,4000287,0.0,0.0
4000288,MONOSOFT 2-0 CT-25MM - 3/8 X 75CM COVIDIEN,0.0,10,FARMACIA INTERNA(1),4000288,0.0,0.0
4000288,MONOSOFT 2-0 CT-25MM - 3/8 X 75CM COVIDIEN,0.0,10,URGENCIAS(2),4000288,0.0,0.0
4000288,MONOSOFT 2-0 CT-25MM - 3/8 X 75CM COVIDIEN,0.0,10,INTERNADO(3),4000288,0.0,0.0
4000288,MONOSOFT 2-0 CT-25MM - 3/8 X 75CM COVIDIEN,0.0,10,QUIROFANO(4),4000288,0.0,0.0
4000288,MONOSOFT 2-0 CT-25MM - 3/8 X 75CM COVIDIEN,0.0,10,ADMINISTRACION,4000288,0.0,0.0
4000288,MONOSOFT 2-0 CT-25MM - 3/8 X 75CM COVIDIEN,0.0,10,CARRO DE PARO,4000288,0.0,0.0
4000289,MONOSOFT 2-0 CT-30MM 75CM AGUJA 3/8 COVIDIEN,0.0,10,FARMACIA INTERNA(1),4000289,0.0,0.0
4000289,MONOSOFT 2-0 CT-30MM 75CM AGUJA 3/8 COVIDIEN,0.0,10,URGENCIAS(2),4000289,0.0,0.0
4000289,MONOSOFT 2-0 CT-30MM 75CM AGUJA 3/8 COVIDIEN,0.0,10,INTERNADO(3),4000289,0.0,0.0
4000289,MONOSOFT 2-0 CT-30MM 75CM AGUJA 3/8 COVIDIEN,0.0,10,QUIROFANO(4),4000289,0.0,0.0
4000289,MONOSOFT 2-0 CT-30MM 75CM AGUJA 3/8 COVIDIEN,0.0,10,ADMINISTRACION,4000289,0.0,0.0
4000289,MONOSOFT 2-0 CT-30MM 75CM AGUJA 3/8 COVIDIEN,0.0,10,CARRO DE PARO,4000289,0.0,0.0
4000290,MONOSOFT 3-0 CT-25MM 3/8 X 45CM COVIDIEN,0.0,10,FARMACIA INTERNA(1),4000290,0.0,0.0
4000290,MONOSOFT 3-0 CT-25MM 3/8 X 45CM COVIDIEN,0.0,10,URGENCIAS(2),4000290,0.0,0.0
4000290,MONOSOFT 3-0 CT-25MM 3/8 X 45CM COVIDIEN,0.0,10,INTERNADO(3),4000290,0.0,0.0
4000290,MONOSOFT 3-0 CT-25MM 3/8 X 45CM COVIDIEN,0.0,10,QUIROFANO(4),4000290,0.0,0.0
4000290,MONOSOFT 3-0 CT-25MM 3/8 X 45CM COVIDIEN,0.0,10,ADMINISTRACION,4000290,0.0,0.0
4000290,MONOSOFT 3-0 CT-25MM 3/8 X 45CM COVIDIEN,0.0,10,CARRO DE PARO,4000290,0.0,0.0
4000291,MONOSOFT 3-0 CT-30MM 3/8 X 45CM COVIDIEN,0.0,10,FARMACIA INTERNA(1),4000291,0.0,0.0
4000291,MONOSOFT 3-0 CT-30MM 3/8 X 45CM COVIDIEN,0.0,10,URGENCIAS(2),4000291,0.0,0.0
4000291,MONOSOFT 3-0 CT-30MM 3/8 X 45CM COVIDIEN,0.0,10,INTERNADO(3),4000291,0.0,0.0
4000291,MONOSOFT 3-0 CT-30MM 3/8 X 45CM COVIDIEN,0.0,10,QUIROFANO(4),4000291,0.0,0.0
4000291,MONOSOFT 3-0 CT-30MM 3/8 X 45CM COVIDIEN,0.0,10,ADMINISTRACION,4000291,0.0,0.0
4000291,MONOSOFT 3-0 CT-30MM 3/8 X 45CM COVIDIEN,0.0,10,CARRO DE PARO,4000291,0.0,0.0
4000292,MONOSOFT 4-0 CT-20MM 3/8 X 45CM COVIDIEN,0.0,10,FARMACIA INTERNA(1),4000292,0.0,0.0
4000292,MONOSOFT 4-0 CT-20MM 3/8 X 45CM COVIDIEN,0.0,10,URGENCIAS(2),4000292,0.0,0.0
4000292,MONOSOFT 4-0 CT-20MM 3/8 X 45CM COVIDIEN,0.0,10,INTERNADO(3),4000292,0.0,0.0
4000292,MONOSOFT 4-0 CT-20MM 3/8 X 45CM COVIDIEN,0.0,10,QUIROFANO(4),4000292,0.0,0.0
4000292,MONOSOFT 4-0 CT-20MM 3/8 X 45CM COVIDIEN,0.0,10,ADMINISTRACION,4000292,0.0,0.0
4000292,MONOSOFT 4-0 CT-20MM 3/8 X 45CM COVIDIEN,0.0,10,CARRO DE PARO,4000292,0.0,0.0
4000293,MONOSOFT 5-0 45CM AGUJA 1/2 MT15XF COVIDIEN,0.0,10,FARMACIA INTERNA(1),4000293,0.0,0.0
4000293,MONOSOFT 5-0 45CM AGUJA 1/2 MT15XF COVIDIEN,0.0,10,URGENCIAS(2),4000293,0.0,0.0
4000293,MONOSOFT 5-0 45CM AGUJA 1/2 MT15XF COVIDIEN,0.0,10,INTERNADO(3),4000293,0.0,0.0
4000293,MONOSOFT 5-0 45CM AGUJA 1/2 MT15XF COVIDIEN,0.0,10,QUIROFANO(4),4000293,0.0,0.0
4000293,MONOSOFT 5-0 45CM AGUJA 1/2 MT15XF COVIDIEN,0.0,10,ADMINISTRACION,4000293,0.0,0.0
4000293,MONOSOFT 5-0 45CM AGUJA 1/2 MT15XF COVIDIEN,0.0,10,CARRO DE PARO,4000293,0.0,0.0
4000294,MONOSOFT 6-0 - 45CM CT20,0.0,10,FARMACIA INTERNA(1),4000294,0.0,0.0
4000294,MONOSOFT 6-0 - 45CM CT20,0.0,10,URGENCIAS(2),4000294,0.0,0.0
4000294,MONOSOFT 6-0 - 45CM CT20,0.0,10,INTERNADO(3),4000294,0.0,0.0
4000294,MONOSOFT 6-0 - 45CM CT20,0.0,10,QUIROFANO(4),4000294,0.0,0.0
4000294,MONOSOFT 6-0 - 45CM CT20,0.0,10,ADMINISTRACION,4000294,0.0,0.0
4000294,MONOSOFT 6-0 - 45CM CT20,0.0,10,CARRO DE PARO,4000294,0.0,0.0
4000295,NEURO SUC 200CC 7FR,0.0,10,FARMACIA INTERNA(1),4000295,0.0,0.0
4000295,NEURO SUC 200CC 7FR,0.0,10,URGENCIAS(2),4000295,0.0,0.0
4000295,NEURO SUC 200CC 7FR,0.0,10,INTERNADO(3),4000295,0.0,0.0
4000295,NEURO SUC 200CC 7FR,0.0,10,QUIROFANO(4),4000295,0.0,0.0
4000295,NEURO SUC 200CC 7FR,0.0,10,ADMINISTRACION,4000295,0.0,0.0
4000295,NEURO SUC 200CC 7FR,0.0,10,CARRO DE PARO,4000295,0.0,0.0
4000296,NOVOSYN VIOLET 0 70CM FR26 B BRAUN,80000.0,10,FARMACIA INTERNA(1),4000296,0.0,36.0
4000296,NOVOSYN VIOLET 0 70CM FR26 B BRAUN,80000.0,10,URGENCIAS(2),4000296,0.0,0.0
4000296,NOVOSYN VIOLET 0 70CM FR26 B BRAUN,80000.0,10,INTERNADO(3),4000296,0.0,0.0
4000296,NOVOSYN VIOLET 0 70CM FR26 B BRAUN,80000.0,10,QUIROFANO(4),4000296,0.0,0.0
4000296,NOVOSYN VIOLET 0 70CM FR26 B BRAUN,80000.0,10,ADMINISTRACION,4000296,0.0,0.0
4000296,NOVOSYN VIOLET 0 70CM FR26 B BRAUN,80000.0,10,CARRO DE PARO,4000296,0.0,0.0
4000297,NOVOSYN VIOLET 1 70CM HR40S B BRAUN,55500.0,10,FARMACIA INTERNA(1),4000297,0.0,59.0
4000297,NOVOSYN VIOLET 1 70CM HR40S B BRAUN,55500.0,10,URGENCIAS(2),4000297,0.0,1.0
4000297,NOVOSYN VIOLET 1 70CM HR40S B BRAUN,55500.0,10,INTERNADO(3),4000297,0.0,0.0
4000297,NOVOSYN VIOLET 1 70CM HR40S B BRAUN,55500.0,10,QUIROFANO(4),4000297,0.0,0.0
4000297,NOVOSYN VIOLET 1 70CM HR40S B BRAUN,55500.0,10,ADMINISTRACION,4000297,0.0,0.0
4000297,NOVOSYN VIOLET 1 70CM HR40S B BRAUN,55500.0,10,CARRO DE PARO,4000297,0.0,0.0
4000298,NOVOSYN VIOLET 2-0 70CM HR26 B BRAUN,72500.0,10,FARMACIA INTERNA(1),4000298,0.0,62.0
4000298,NOVOSYN VIOLET 2-0 70CM HR26 B BRAUN,72500.0,10,URGENCIAS(2),4000298,0.0,2.0
4000298,NOVOSYN VIOLET 2-0 70CM HR26 B BRAUN,72500.0,10,INTERNADO(3),4000298,0.0,0.0
4000298,NOVOSYN VIOLET 2-0 70CM HR26 B BRAUN,72500.0,10,QUIROFANO(4),4000298,0.0,0.0
4000298,NOVOSYN VIOLET 2-0 70CM HR26 B BRAUN,72500.0,10,ADMINISTRACION,4000298,0.0,0.0
4000298,NOVOSYN VIOLET 2-0 70CM HR26 B BRAUN,72500.0,10,CARRO DE PARO,4000298,0.0,0.0
4000299,NOVOSYN VIOLET 3-0 70CM HR26 B BRAUN,69500.0,10,FARMACIA INTERNA(1),4000299,0.0,30.0
4000299,NOVOSYN VIOLET 3-0 70CM HR26 B BRAUN,69500.0,10,URGENCIAS(2),4000299,0.0,0.0
4000299,NOVOSYN VIOLET 3-0 70CM HR26 B BRAUN,69500.0,10,INTERNADO(3),4000299,0.0,0.0
4000299,NOVOSYN VIOLET 3-0 70CM HR26 B BRAUN,69500.0,10,QUIROFANO(4),4000299,0.0,0.0
4000299,NOVOSYN VIOLET 3-0 70CM HR26 B BRAUN,69500.0,10,ADMINISTRACION,4000299,0.0,0.0
4000299,NOVOSYN VIOLET 3-0 70CM HR26 B BRAUN,69500.0,10,CARRO DE PARO,4000299,0.0,0.0
4000300,NOVOSYN VIOLET 4-0 70CM HR26 B BRAUN,71000.0,10,FARMACIA INTERNA(1),4000300,0.0,1.0
4000300,NOVOSYN VIOLET 4-0 70CM HR26 B BRAUN,71000.0,10,URGENCIAS(2),4000300,0.0,1.0
4000300,NOVOSYN VIOLET 4-0 70CM HR26 B BRAUN,71000.0,10,INTERNADO(3),4000300,0.0,0.0
4000300,NOVOSYN VIOLET 4-0 70CM HR26 B BRAUN,71000.0,10,QUIROFANO(4),4000300,0.0,0.0
4000300,NOVOSYN VIOLET 4-0 70CM HR26 B BRAUN,71000.0,10,ADMINISTRACION,4000300,0.0,0.0
4000300,NOVOSYN VIOLET 4-0 70CM HR26 B BRAUN,71000.0,10,CARRO DE PARO,4000300,0.0,0.0
4000301,NYLON DEMELON 10-0 / 2/DTG175-8,0.0,10,FARMACIA INTERNA(1),4000301,0.0,0.0
4000301,NYLON DEMELON 10-0 / 2/DTG175-8,0.0,10,URGENCIAS(2),4000301,0.0,0.0
4000301,NYLON DEMELON 10-0 / 2/DTG175-8,0.0,10,INTERNADO(3),4000301,0.0,0.0
4000301,NYLON DEMELON 10-0 / 2/DTG175-8,0.0,10,QUIROFANO(4),4000301,0.0,0.0
4000301,NYLON DEMELON 10-0 / 2/DTG175-8,0.0,10,ADMINISTRACION,4000301,0.0,0.0
4000301,NYLON DEMELON 10-0 / 2/DTG175-8,0.0,10,CARRO DE PARO,4000301,0.0,0.0
4000302,NYLON DEMELON 2-0 / DFS-2 (SC 20),0.0,10,FARMACIA INTERNA(1),4000302,0.0,0.0
4000302,NYLON DEMELON 2-0 / DFS-2 (SC 20),0.0,10,URGENCIAS(2),4000302,0.0,0.0
4000302,NYLON DEMELON 2-0 / DFS-2 (SC 20),0.0,10,INTERNADO(3),4000302,0.0,0.0
4000302,NYLON DEMELON 2-0 / DFS-2 (SC 20),0.0,10,QUIROFANO(4),4000302,0.0,0.0
4000302,NYLON DEMELON 2-0 / DFS-2 (SC 20),0.0,10,ADMINISTRACION,4000302,0.0,0.0
4000302,NYLON DEMELON 2-0 / DFS-2 (SC 20),0.0,10,CARRO DE PARO,4000302,0.0,0.0
4000303,NYLON DEMELON 5-0/DPS-4 NG PL (INCOLORO),0.0,10,FARMACIA INTERNA(1),4000303,0.0,0.0
4000303,NYLON DEMELON 5-0/DPS-4 NG PL (INCOLORO),0.0,10,URGENCIAS(2),4000303,0.0,0.0
4000303,NYLON DEMELON 5-0/DPS-4 NG PL (INCOLORO),0.0,10,INTERNADO(3),4000303,0.0,0.0
4000303,NYLON DEMELON 5-0/DPS-4 NG PL (INCOLORO),0.0,10,QUIROFANO(4),4000303,0.0,0.0
4000303,NYLON DEMELON 5-0/DPS-4 NG PL (INCOLORO),0.0,10,ADMINISTRACION,4000303,0.0,0.0
4000303,NYLON DEMELON 5-0/DPS-4 NG PL (INCOLORO),0.0,10,CARRO DE PARO,4000303,0.0,0.0
4000304,NYLON DEMELON 6-0/DFS-2 CU (SC 20),0.0,10,FARMACIA INTERNA(1),4000304,0.0,0.0
4000304,NYLON DEMELON 6-0/DFS-2 CU (SC 20),0.0,10,URGENCIAS(2),4000304,0.0,0.0
4000304,NYLON DEMELON 6-0/DFS-2 CU (SC 20),0.0,10,INTERNADO(3),4000304,0.0,0.0
4000304,NYLON DEMELON 6-0/DFS-2 CU (SC 20),0.0,10,QUIROFANO(4),4000304,0.0,0.0
4000304,NYLON DEMELON 6-0/DFS-2 CU (SC 20),0.0,10,ADMINISTRACION,4000304,0.0,0.0
4000304,NYLON DEMELON 6-0/DFS-2 CU (SC 20),0.0,10,CARRO DE PARO,4000304,0.0,0.0
4000305,OXIMETRO DE PULSO DE DEDO ADULTO,180000.0,10,FARMACIA INTERNA(1),4000305,0.0,0.0
4000305,OXIMETRO DE PULSO DE DEDO ADULTO,180000.0,10,URGENCIAS(2),4000305,0.0,0.0
4000305,OXIMETRO DE PULSO DE DEDO ADULTO,180000.0,10,INTERNADO(3),4000305,0.0,0.0
4000305,OXIMETRO DE PULSO DE DEDO ADULTO,180000.0,10,QUIROFANO(4),4000305,0.0,0.0
4000305,OXIMETRO DE PULSO DE DEDO ADULTO,180000.0,10,ADMINISTRACION,4000305,0.0,0.0
4000305,OXIMETRO DE PULSO DE DEDO ADULTO,180000.0,10,CARRO DE PARO,4000305,0.0,0.0
4000306,PAPEL CREPADO 52GR 120 X,120.0,0,10 FARMACIA INTERNA(1),4000306,0.0,0.0
4000306,PAPEL CREPADO 52GR 120 X,120.0,0,10 URGENCIAS(2),4000306,0.0,0.0
4000306,PAPEL CREPADO 52GR 120 X,120.0,0,10 INTERNADO(3),4000306,0.0,0.0
4000306,PAPEL CREPADO 52GR 120 X,120.0,0,10 QUIROFANO(4),4000306,0.0,0.0
4000306,PAPEL CREPADO 52GR 120 X,120.0,0,10 ADMINISTRACION,4000306,0.0,0.0
4000306,PAPEL CREPADO 52GR 120 X,120.0,0,10 CARRO DE PARO,4000306,0.0,0.0
4000307,PAPEL EN Z 90MMX152MM X 150 HOJAS P/MONITOR F2,0.0,10,FARMACIA INTERNA(1),4000307,0.0,0.0
4000307,PAPEL EN Z 90MMX152MM X 150 HOJAS P/MONITOR F2,0.0,10,URGENCIAS(2),4000307,0.0,0.0
4000307,PAPEL EN Z 90MMX152MM X 150 HOJAS P/MONITOR F2,0.0,10,INTERNADO(3),4000307,0.0,0.0
4000307,PAPEL EN Z 90MMX152MM X 150 HOJAS P/MONITOR F2,0.0,10,QUIROFANO(4),4000307,0.0,0.0
4000307,PAPEL EN Z 90MMX152MM X 150 HOJAS P/MONITOR F2,0.0,10,ADMINISTRACION,4000307,0.0,0.0
4000307,PAPEL EN Z 90MMX152MM X 150 HOJAS P/MONITOR F2,0.0,10,CARRO DE PARO,4000307,0.0,0.0
4000308,PAPEL P/ ECOGRAFIA (ALTA DENSIDAD),0.0,10,FARMACIA INTERNA(1),4000308,0.0,0.0
4000308,PAPEL P/ ECOGRAFIA (ALTA DENSIDAD),0.0,10,URGENCIAS(2),4000308,0.0,0.0
4000308,PAPEL P/ ECOGRAFIA (ALTA DENSIDAD),0.0,10,INTERNADO(3),4000308,0.0,0.0
4000308,PAPEL P/ ECOGRAFIA (ALTA DENSIDAD),0.0,10,QUIROFANO(4),4000308,0.0,0.0
4000308,PAPEL P/ ECOGRAFIA (ALTA DENSIDAD),0.0,10,ADMINISTRACION,4000308,0.0,0.0
4000308,PAPEL P/ ECOGRAFIA (ALTA DENSIDAD),0.0,10,CARRO DE PARO,4000308,0.0,0.0
4000309,PAPEL P/ ELECTRO 63MM X 30M X 16MM (NUEVO),0.0,10,FARMACIA INTERNA(1),4000309,0.0,0.0
4000309,PAPEL P/ ELECTRO 63MM X 30M X 16MM (NUEVO),0.0,10,URGENCIAS(2),4000309,0.0,0.0
4000309,PAPEL P/ ELECTRO 63MM X 30M X 16MM (NUEVO),0.0,10,INTERNADO(3),4000309,0.0,0.0
4000309,PAPEL P/ ELECTRO 63MM X 30M X 16MM (NUEVO),0.0,10,QUIROFANO(4),4000309,0.0,0.0
4000309,PAPEL P/ ELECTRO 63MM X 30M X 16MM (NUEVO),0.0,10,ADMINISTRACION,4000309,0.0,0.0
4000309,PAPEL P/ ELECTRO 63MM X 30M X 16MM (NUEVO),0.0,10,CARRO DE PARO,4000309,0.0,0.0
4000310,PASTA LAZAR X 40 GRA (GLORIMAR),0.0,10,FARMACIA INTERNA(1),4000310,0.0,0.0
4000310,PASTA LAZAR X 40 GRA (GLORIMAR),0.0,10,URGENCIAS(2),4000310,0.0,0.0
4000310,PASTA LAZAR X 40 GRA (GLORIMAR),0.0,10,INTERNADO(3),4000310,0.0,0.0
4000310,PASTA LAZAR X 40 GRA (GLORIMAR),0.0,10,QUIROFANO(4),4000310,0.0,0.0
4000310,PASTA LAZAR X 40 GRA (GLORIMAR),0.0,10,ADMINISTRACION,4000310,0.0,0.0
4000310,PASTA LAZAR X 40 GRA (GLORIMAR),0.0,10,CARRO DE PARO,4000310,0.0,0.0
4000311,PERIFIX ONE 401 KIT (CATETER EPIDURAL 19G),0.0,10,FARMACIA INTERNA(1),4000311,0.0,0.0
4000311,PERIFIX ONE 401 KIT (CATETER EPIDURAL 19G),0.0,10,URGENCIAS(2),4000311,0.0,0.0
4000311,PERIFIX ONE 401 KIT (CATETER EPIDURAL 19G),0.0,10,INTERNADO(3),4000311,0.0,0.0
4000311,PERIFIX ONE 401 KIT (CATETER EPIDURAL 19G),0.0,10,QUIROFANO(4),4000311,0.0,0.0
4000311,PERIFIX ONE 401 KIT (CATETER EPIDURAL 19G),0.0,10,ADMINISTRACION,4000311,0.0,0.0
4000311,PERIFIX ONE 401 KIT (CATETER EPIDURAL 19G),0.0,10,CARRO DE PARO,4000311,0.0,0.0
4000312,PERITA DE GOMA NRO 1 PIC,9000.0,10,FARMACIA INTERNA(1),4000312,0.0,0.0
4000312,PERITA DE GOMA NRO 1 PIC,9000.0,10,URGENCIAS(2),4000312,0.0,0.0
4000312,PERITA DE GOMA NRO 1 PIC,9000.0,10,INTERNADO(3),4000312,0.0,0.0
4000312,PERITA DE GOMA NRO 1 PIC,9000.0,10,QUIROFANO(4),4000312,0.0,0.0
4000312,PERITA DE GOMA NRO 1 PIC,9000.0,10,ADMINISTRACION,4000312,0.0,0.0
4000312,PERITA DE GOMA NRO 1 PIC,9000.0,10,CARRO DE PARO,4000312,0.0,0.0
4000313,PERITA DE GOMA NRO 3 PIC,0.0,10,FARMACIA INTERNA(1),4000313,0.0,0.0
4000313,PERITA DE GOMA NRO 3 PIC,0.0,10,URGENCIAS(2),4000313,0.0,0.0
4000313,PERITA DE GOMA NRO 3 PIC,0.0,10,INTERNADO(3),4000313,0.0,0.0
4000313,PERITA DE GOMA NRO 3 PIC,0.0,10,QUIROFANO(4),4000313,0.0,0.0
4000313,PERITA DE GOMA NRO 3 PIC,0.0,10,ADMINISTRACION,4000313,0.0,0.0
4000313,PERITA DE GOMA NRO 3 PIC,0.0,10,CARRO DE PARO,4000313,0.0,0.0
4000314,PETROVAC DESINFECTANTE X 5 LTRS,0.0,10,FARMACIA INTERNA(1),4000314,0.0,0.0
4000314,PETROVAC DESINFECTANTE X 5 LTRS,0.0,10,URGENCIAS(2),4000314,0.0,0.0
4000314,PETROVAC DESINFECTANTE X 5 LTRS,0.0,10,INTERNADO(3),4000314,0.0,0.0
4000314,PETROVAC DESINFECTANTE X 5 LTRS,0.0,10,QUIROFANO(4),4000314,0.0,0.0
4000314,PETROVAC DESINFECTANTE X 5 LTRS,0.0,10,ADMINISTRACION,4000314,0.0,0.0
4000314,PETROVAC DESINFECTANTE X 5 LTRS,0.0,10,CARRO DE PARO,4000314,0.0,0.0
4000315,PINO LECHE DESODORANTE AER VARIOS,0.0,10,FARMACIA INTERNA(1),4000315,0.0,0.0
4000315,PINO LECHE DESODORANTE AER VARIOS,0.0,10,URGENCIAS(2),4000315,0.0,0.0
4000315,PINO LECHE DESODORANTE AER VARIOS,0.0,10,INTERNADO(3),4000315,0.0,0.0
4000315,PINO LECHE DESODORANTE AER VARIOS,0.0,10,QUIROFANO(4),4000315,0.0,0.0
4000315,PINO LECHE DESODORANTE AER VARIOS,0.0,10,ADMINISTRACION,4000315,0.0,0.0
4000315,PINO LECHE DESODORANTE AER VARIOS,0.0,10,CARRO DE PARO,4000315,0.0,0.0
4000316,PLACA REM C/ CABLE,135000.0,10,FARMACIA INTERNA(1),4000316,0.0,3.0
4000316,PLACA REM C/ CABLE,135000.0,10,URGENCIAS(2),4000316,0.0,0.0
4000316,PLACA REM C/ CABLE,135000.0,10,INTERNADO(3),4000316,0.0,0.0
4000316,PLACA REM C/ CABLE,135000.0,10,QUIROFANO(4),4000316,0.0,0.0
4000316,PLACA REM C/ CABLE,135000.0,10,ADMINISTRACION,4000316,0.0,0.0
4000316,PLACA REM C/ CABLE,135000.0,10,CARRO DE PARO,4000316,0.0,0.0
4000317,PLACA REM PEDIATRICA,0.0,10,FARMACIA INTERNA(1),4000317,0.0,0.0
4000317,PLACA REM PEDIATRICA,0.0,10,URGENCIAS(2),4000317,0.0,0.0
4000317,PLACA REM PEDIATRICA,0.0,10,INTERNADO(3),4000317,0.0,0.0
4000317,PLACA REM PEDIATRICA,0.0,10,QUIROFANO(4),4000317,0.0,0.0
4000317,PLACA REM PEDIATRICA,0.0,10,ADMINISTRACION,4000317,0.0,0.0
4000317,PLACA REM PEDIATRICA,0.0,10,CARRO DE PARO,4000317,0.0,0.0
4000318,POLYSORB 0 GS-24 1/2 X 75 CM COVIDIEN,0.0,10,FARMACIA INTERNA(1),4000318,0.0,0.0
4000318,POLYSORB 0 GS-24 1/2 X 75 CM COVIDIEN,0.0,10,URGENCIAS(2),4000318,0.0,0.0
4000318,POLYSORB 0 GS-24 1/2 X 75 CM COVIDIEN,0.0,10,INTERNADO(3),4000318,0.0,0.0
4000318,POLYSORB 0 GS-24 1/2 X 75 CM COVIDIEN,0.0,10,QUIROFANO(4),4000318,0.0,0.0
4000318,POLYSORB 0 GS-24 1/2 X 75 CM COVIDIEN,0.0,10,ADMINISTRACION,4000318,0.0,0.0
4000318,POLYSORB 0 GS-24 1/2 X 75 CM COVIDIEN,0.0,10,CARRO DE PARO,4000318,0.0,0.0
4000319,POLYSORB 2/0 - 26MM AGUJA 1/2 V20 COVIDIEN (SH),0.0,10,FARMACIA INTERNA(1),4000319,0.0,0.0
4000319,POLYSORB 2/0 - 26MM AGUJA 1/2 V20 COVIDIEN (SH),0.0,10,URGENCIAS(2),4000319,0.0,0.0
4000319,POLYSORB 2/0 - 26MM AGUJA 1/2 V20 COVIDIEN (SH),0.0,10,INTERNADO(3),4000319,0.0,0.0
4000319,POLYSORB 2/0 - 26MM AGUJA 1/2 V20 COVIDIEN (SH),0.0,10,QUIROFANO(4),4000319,0.0,0.0
4000319,POLYSORB 2/0 - 26MM AGUJA 1/2 V20 COVIDIEN (SH),0.0,10,ADMINISTRACION,4000319,0.0,0.0
4000319,POLYSORB 2/0 - 26MM AGUJA 1/2 V20 COVIDIEN (SH),0.0,10,CARRO DE PARO,4000319,0.0,0.0
4000320,PRATICO X - DESINFECTANTE X 750 ML,0.0,10,FARMACIA INTERNA(1),4000320,0.0,0.0
4000320,PRATICO X - DESINFECTANTE X 750 ML,0.0,10,URGENCIAS(2),4000320,0.0,0.0
4000320,PRATICO X - DESINFECTANTE X 750 ML,0.0,10,INTERNADO(3),4000320,0.0,0.0
4000320,PRATICO X - DESINFECTANTE X 750 ML,0.0,10,QUIROFANO(4),4000320,0.0,0.0
4000320,PRATICO X - DESINFECTANTE X 750 ML,0.0,10,ADMINISTRACION,4000320,0.0,0.0
4000320,PRATICO X - DESINFECTANTE X 750 ML,0.0,10,CARRO DE PARO,4000320,0.0,0.0
4000321,PROTACK (DISP DE FIJACION) 5MM X 1 CARGA,0.0,10,FARMACIA INTERNA(1),4000321,0.0,0.0
4000321,PROTACK (DISP DE FIJACION) 5MM X 1 CARGA,0.0,10,URGENCIAS(2),4000321,0.0,0.0
4000321,PROTACK (DISP DE FIJACION) 5MM X 1 CARGA,0.0,10,INTERNADO(3),4000321,0.0,0.0
4000321,PROTACK (DISP DE FIJACION) 5MM X 1 CARGA,0.0,10,QUIROFANO(4),4000321,0.0,0.0
4000321,PROTACK (DISP DE FIJACION) 5MM X 1 CARGA,0.0,10,ADMINISTRACION,4000321,0.0,0.0
4000321,PROTACK (DISP DE FIJACION) 5MM X 1 CARGA,0.0,10,CARRO DE PARO,4000321,0.0,0.0
4000322,PROTECCION BIOSEGURIDAD PADRE,4500000.0,10,FARMACIA INTERNA(1),4000322,0.0,0.0
4000322,PROTECCION BIOSEGURIDAD PADRE,4500000.0,10,URGENCIAS(2),4000322,0.0,0.0
4000322,PROTECCION BIOSEGURIDAD PADRE,4500000.0,10,INTERNADO(3),4000322,0.0,0.0
4000322,PROTECCION BIOSEGURIDAD PADRE,4500000.0,10,QUIROFANO(4),4000322,0.0,0.0
4000322,PROTECCION BIOSEGURIDAD PADRE,4500000.0,10,ADMINISTRACION,4000322,0.0,0.0
4000322,PROTECCION BIOSEGURIDAD PADRE,4500000.0,10,CARRO DE PARO,4000322,0.0,0.0
4000323,PULIDOR P/ ELECTROBISTURI,0.0,10,FARMACIA INTERNA(1),4000323,0.0,0.0
4000323,PULIDOR P/ ELECTROBISTURI,0.0,10,URGENCIAS(2),4000323,0.0,0.0
4000323,PULIDOR P/ ELECTROBISTURI,0.0,10,INTERNADO(3),4000323,0.0,0.0
4000323,PULIDOR P/ ELECTROBISTURI,0.0,10,QUIROFANO(4),4000323,0.0,0.0
4000323,PULIDOR P/ ELECTROBISTURI,0.0,10,ADMINISTRACION,4000323,0.0,0.0
4000323,PULIDOR P/ ELECTROBISTURI,0.0,10,CARRO DE PARO,4000323,0.0,0.0
4000324,PULSERA DE IDENTIFIACION CELESTE,3000.0,10,FARMACIA INTERNA(1),4000324,0.0,15.0
4000324,PULSERA DE IDENTIFIACION CELESTE,3000.0,10,URGENCIAS(2),4000324,0.0,0.0
4000324,PULSERA DE IDENTIFIACION CELESTE,3000.0,10,INTERNADO(3),4000324,0.0,0.0
4000324,PULSERA DE IDENTIFIACION CELESTE,3000.0,10,QUIROFANO(4),4000324,0.0,0.0
4000324,PULSERA DE IDENTIFIACION CELESTE,3000.0,10,ADMINISTRACION,4000324,0.0,0.0
4000324,PULSERA DE IDENTIFIACION CELESTE,3000.0,10,CARRO DE PARO,4000324,0.0,0.0
4000325,PULSERA DE IDENTIFICACION ROSA,3000.0,10,FARMACIA INTERNA(1),4000325,0.0,11.0
4000325,PULSERA DE IDENTIFICACION ROSA,3000.0,10,URGENCIAS(2),4000325,0.0,0.0
4000325,PULSERA DE IDENTIFICACION ROSA,3000.0,10,INTERNADO(3),4000325,0.0,0.0
4000325,PULSERA DE IDENTIFICACION ROSA,3000.0,10,QUIROFANO(4),4000325,0.0,0.0
4000325,PULSERA DE IDENTIFICACION ROSA,3000.0,10,ADMINISTRACION,4000325,0.0,0.0
4000325,PULSERA DE IDENTIFICACION ROSA,3000.0,10,CARRO DE PARO,4000325,0.0,0.0
4000326,PUNZOKAT NEOFLON NRO 26 G BD,0.0,10,FARMACIA INTERNA(1),4000326,0.0,0.0
4000326,PUNZOKAT NEOFLON NRO 26 G BD,0.0,10,URGENCIAS(2),4000326,0.0,0.0
4000326,PUNZOKAT NEOFLON NRO 26 G BD,0.0,10,INTERNADO(3),4000326,0.0,0.0
4000326,PUNZOKAT NEOFLON NRO 26 G BD,0.0,10,QUIROFANO(4),4000326,0.0,0.0
4000326,PUNZOKAT NEOFLON NRO 26 G BD,0.0,10,ADMINISTRACION,4000326,0.0,0.0
4000326,PUNZOKAT NEOFLON NRO 26 G BD,0.0,10,CARRO DE PARO,4000326,0.0,0.0
4000327,Q-SYTE (BIONECTOR),0.0,10,FARMACIA INTERNA(1),4000327,0.0,0.0
4000327,Q-SYTE (BIONECTOR),0.0,10,URGENCIAS(2),4000327,0.0,0.0
4000327,Q-SYTE (BIONECTOR),0.0,10,INTERNADO(3),4000327,0.0,0.0
4000327,Q-SYTE (BIONECTOR),0.0,10,QUIROFANO(4),4000327,0.0,0.0
4000327,Q-SYTE (BIONECTOR),0.0,10,ADMINISTRACION,4000327,0.0,0.0
4000327,Q-SYTE (BIONECTOR),0.0,10,CARRO DE PARO,4000327,0.0,0.0
4000328,REGLA PVC (MANOMETRO),0.0,10,FARMACIA INTERNA(1),4000328,0.0,0.0
4000328,REGLA PVC (MANOMETRO),0.0,10,URGENCIAS(2),4000328,0.0,0.0
4000328,REGLA PVC (MANOMETRO),0.0,10,INTERNADO(3),4000328,0.0,0.0
4000328,REGLA PVC (MANOMETRO),0.0,10,QUIROFANO(4),4000328,0.0,0.0
4000328,REGLA PVC (MANOMETRO),0.0,10,ADMINISTRACION,4000328,0.0,0.0
4000328,REGLA PVC (MANOMETRO),0.0,10,CARRO DE PARO,4000328,0.0,0.0
4000330,RESTORE EXT DELGADO 15CM X 20CM,0.0,10,FARMACIA INTERNA(1),4000330,0.0,0.0
4000330,RESTORE EXT DELGADO 15CM X 20CM,0.0,10,URGENCIAS(2),4000330,0.0,0.0
4000330,RESTORE EXT DELGADO 15CM X 20CM,0.0,10,INTERNADO(3),4000330,0.0,0.0
4000330,RESTORE EXT DELGADO 15CM X 20CM,0.0,10,QUIROFANO(4),4000330,0.0,0.0
4000330,RESTORE EXT DELGADO 15CM X 20CM,0.0,10,ADMINISTRACION,4000330,0.0,0.0
4000330,RESTORE EXT DELGADO 15CM X 20CM,0.0,10,CARRO DE PARO,4000330,0.0,0.0
4000331,RESTORE EXT DELGADO 20CM X 20CM,0.0,10,FARMACIA INTERNA(1),4000331,0.0,0.0
4000331,RESTORE EXT DELGADO 20CM X 20CM,0.0,10,URGENCIAS(2),4000331,0.0,0.0
4000331,RESTORE EXT DELGADO 20CM X 20CM,0.0,10,INTERNADO(3),4000331,0.0,0.0
4000331,RESTORE EXT DELGADO 20CM X 20CM,0.0,10,QUIROFANO(4),4000331,0.0,0.0
4000331,RESTORE EXT DELGADO 20CM X 20CM,0.0,10,ADMINISTRACION,4000331,0.0,0.0
4000331,RESTORE EXT DELGADO 20CM X 20CM,0.0,10,CARRO DE PARO,4000331,0.0,0.0
4000332,RESTORE EXT. DELGADO 10CM X 10CM,0.0,10,FARMACIA INTERNA(1),4000332,0.0,0.0
4000332,RESTORE EXT. DELGADO 10CM X 10CM,0.0,10,URGENCIAS(2),4000332,0.0,0.0
4000332,RESTORE EXT. DELGADO 10CM X 10CM,0.0,10,INTERNADO(3),4000332,0.0,0.0
4000332,RESTORE EXT. DELGADO 10CM X 10CM,0.0,10,QUIROFANO(4),4000332,0.0,0.0
4000332,RESTORE EXT. DELGADO 10CM X 10CM,0.0,10,ADMINISTRACION,4000332,0.0,0.0
4000332,RESTORE EXT. DELGADO 10CM X 10CM,0.0,10,CARRO DE PARO,4000332,0.0,0.0
4000333,RESUCITADOR ADULTO (AMBU),0.0,10,FARMACIA INTERNA(1),4000333,0.0,0.0
4000333,RESUCITADOR ADULTO (AMBU),0.0,10,URGENCIAS(2),4000333,0.0,0.0
4000333,RESUCITADOR ADULTO (AMBU),0.0,10,INTERNADO(3),4000333,0.0,0.0
4000333,RESUCITADOR ADULTO (AMBU),0.0,10,QUIROFANO(4),4000333,0.0,0.0
4000333,RESUCITADOR ADULTO (AMBU),0.0,10,ADMINISTRACION,4000333,0.0,0.0
4000333,RESUCITADOR ADULTO (AMBU),0.0,10,CARRO DE PARO,4000333,0.0,0.0
4000334,RESUCITADOR INFANTIL- NEO (AMBU),430000.0,10,FARMACIA INTERNA(1),4000334,0.0,1.0
4000334,RESUCITADOR INFANTIL- NEO (AMBU),430000.0,10,URGENCIAS(2),4000334,0.0,0.0
4000334,RESUCITADOR INFANTIL- NEO (AMBU),430000.0,10,INTERNADO(3),4000334,0.0,0.0
4000334,RESUCITADOR INFANTIL- NEO (AMBU),430000.0,10,QUIROFANO(4),4000334,0.0,0.0
4000334,RESUCITADOR INFANTIL- NEO (AMBU),430000.0,10,ADMINISTRACION,4000334,0.0,0.0
4000334,RESUCITADOR INFANTIL- NEO (AMBU),430000.0,10,CARRO DE PARO,4000334,0.0,0.0
4000335,RESUCITADOR PED (AMBU),122900.0,10,FARMACIA INTERNA(1),4000335,0.0,0.0
4000335,RESUCITADOR PED (AMBU),122900.0,10,URGENCIAS(2),4000335,0.0,1.0
4000335,RESUCITADOR PED (AMBU),122900.0,10,INTERNADO(3),4000335,0.0,0.0
4000335,RESUCITADOR PED (AMBU),122900.0,10,QUIROFANO(4),4000335,0.0,0.0
4000335,RESUCITADOR PED (AMBU),122900.0,10,ADMINISTRACION,4000335,0.0,0.0
4000335,RESUCITADOR PED (AMBU),122900.0,10,CARRO DE PARO,4000335,0.0,0.0
4000336,RODILLERA ELASTICA C/ABERTURA XL (CONWEL),0.0,10,FARMACIA INTERNA(1),4000336,0.0,0.0
4000336,RODILLERA ELASTICA C/ABERTURA XL (CONWEL),0.0,10,URGENCIAS(2),4000336,0.0,0.0
4000336,RODILLERA ELASTICA C/ABERTURA XL (CONWEL),0.0,10,INTERNADO(3),4000336,0.0,0.0
4000336,RODILLERA ELASTICA C/ABERTURA XL (CONWEL),0.0,10,QUIROFANO(4),4000336,0.0,0.0
4000336,RODILLERA ELASTICA C/ABERTURA XL (CONWEL),0.0,10,ADMINISTRACION,4000336,0.0,0.0
4000336,RODILLERA ELASTICA C/ABERTURA XL (CONWEL),0.0,10,CARRO DE PARO,4000336,0.0,0.0
4000337,RODILLERA ELASTICA L CONWELL,0.0,10,FARMACIA INTERNA(1),4000337,0.0,0.0
4000337,RODILLERA ELASTICA L CONWELL,0.0,10,URGENCIAS(2),4000337,0.0,0.0
4000337,RODILLERA ELASTICA L CONWELL,0.0,10,INTERNADO(3),4000337,0.0,0.0
4000337,RODILLERA ELASTICA L CONWELL,0.0,10,QUIROFANO(4),4000337,0.0,0.0
4000337,RODILLERA ELASTICA L CONWELL,0.0,10,ADMINISTRACION,4000337,0.0,0.0
4000337,RODILLERA ELASTICA L CONWELL,0.0,10,CARRO DE PARO,4000337,0.0,0.0
4000338,SEDA 0 SIN AGUJA (DEMESILK),0.0,10,FARMACIA INTERNA(1),4000338,0.0,0.0
4000338,SEDA 0 SIN AGUJA (DEMESILK),0.0,10,URGENCIAS(2),4000338,0.0,0.0
4000338,SEDA 0 SIN AGUJA (DEMESILK),0.0,10,INTERNADO(3),4000338,0.0,0.0
4000338,SEDA 0 SIN AGUJA (DEMESILK),0.0,10,QUIROFANO(4),4000338,0.0,0.0
4000338,SEDA 0 SIN AGUJA (DEMESILK),0.0,10,ADMINISTRACION,4000338,0.0,0.0
4000338,SEDA 0 SIN AGUJA (DEMESILK),0.0,10,CARRO DE PARO,4000338,0.0,0.0
4000339,SEDA 3-0 SH (DEMESILK),0.0,10,FARMACIA INTERNA(1),4000339,0.0,0.0
4000339,SEDA 3-0 SH (DEMESILK),0.0,10,URGENCIAS(2),4000339,0.0,0.0
4000339,SEDA 3-0 SH (DEMESILK),0.0,10,INTERNADO(3),4000339,0.0,0.0
4000339,SEDA 3-0 SH (DEMESILK),0.0,10,QUIROFANO(4),4000339,0.0,0.0
4000339,SEDA 3-0 SH (DEMESILK),0.0,10,ADMINISTRACION,4000339,0.0,0.0
4000339,SEDA 3-0 SH (DEMESILK),0.0,10,CARRO DE PARO,4000339,0.0,0.0
4000340,APOSITO POST PARTO X 1 UNIDAD (PLENITUD),4000.0,10,FARMACIA INTERNA(1),4000340,0.0,20.0
4000340,APOSITO POST PARTO X 1 UNIDAD (PLENITUD),4000.0,10,URGENCIAS(2),4000340,0.0,0.0
4000340,APOSITO POST PARTO X 1 UNIDAD (PLENITUD),4000.0,10,INTERNADO(3),4000340,0.0,0.0
4000340,APOSITO POST PARTO X 1 UNIDAD (PLENITUD),4000.0,10,QUIROFANO(4),4000340,0.0,0.0
4000340,APOSITO POST PARTO X 1 UNIDAD (PLENITUD),4000.0,10,ADMINISTRACION,4000340,0.0,0.0
4000340,APOSITO POST PARTO X 1 UNIDAD (PLENITUD),4000.0,10,CARRO DE PARO,4000340,0.0,0.0
4000341,SENSOR NEONATAL P/MONITOR (OXIMETRO),0.0,10,FARMACIA INTERNA(1),4000341,0.0,0.0
4000341,SENSOR NEONATAL P/MONITOR (OXIMETRO),0.0,10,URGENCIAS(2),4000341,0.0,0.0
4000341,SENSOR NEONATAL P/MONITOR (OXIMETRO),0.0,10,INTERNADO(3),4000341,0.0,0.0
4000341,SENSOR NEONATAL P/MONITOR (OXIMETRO),0.0,10,QUIROFANO(4),4000341,0.0,0.0
4000341,SENSOR NEONATAL P/MONITOR (OXIMETRO),0.0,10,ADMINISTRACION,4000341,0.0,0.0
4000341,SENSOR NEONATAL P/MONITOR (OXIMETRO),0.0,10,CARRO DE PARO,4000341,0.0,0.0
4000342,SENSOR PARA EEG FRONTAL,0.0,10,FARMACIA INTERNA(1),4000342,0.0,0.0
4000342,SENSOR PARA EEG FRONTAL,0.0,10,URGENCIAS(2),4000342,0.0,0.0
4000342,SENSOR PARA EEG FRONTAL,0.0,10,INTERNADO(3),4000342,0.0,0.0
4000342,SENSOR PARA EEG FRONTAL,0.0,10,QUIROFANO(4),4000342,0.0,0.0
4000342,SENSOR PARA EEG FRONTAL,0.0,10,ADMINISTRACION,4000342,0.0,0.0
4000342,SENSOR PARA EEG FRONTAL,0.0,10,CARRO DE PARO,4000342,0.0,0.0
4000343,SET DE BOMBA C/ FILTRO MEDSUPAR,0.0,10,FARMACIA INTERNA(1),4000343,0.0,0.0
4000343,SET DE BOMBA C/ FILTRO MEDSUPAR,0.0,10,URGENCIAS(2),4000343,0.0,0.0
4000343,SET DE BOMBA C/ FILTRO MEDSUPAR,0.0,10,INTERNADO(3),4000343,0.0,0.0
4000343,SET DE BOMBA C/ FILTRO MEDSUPAR,0.0,10,QUIROFANO(4),4000343,0.0,0.0
4000343,SET DE BOMBA C/ FILTRO MEDSUPAR,0.0,10,ADMINISTRACION,4000343,0.0,0.0
4000343,SET DE BOMBA C/ FILTRO MEDSUPAR,0.0,10,CARRO DE PARO,4000343,0.0,0.0
4000344,SET DE BOMBA FOTOSENSIBLE BAXTER,0.0,10,FARMACIA INTERNA(1),4000344,0.0,0.0
4000344,SET DE BOMBA FOTOSENSIBLE BAXTER,0.0,10,URGENCIAS(2),4000344,0.0,0.0
4000344,SET DE BOMBA FOTOSENSIBLE BAXTER,0.0,10,INTERNADO(3),4000344,0.0,0.0
4000344,SET DE BOMBA FOTOSENSIBLE BAXTER,0.0,10,QUIROFANO(4),4000344,0.0,0.0
4000344,SET DE BOMBA FOTOSENSIBLE BAXTER,0.0,10,ADMINISTRACION,4000344,0.0,0.0
4000344,SET DE BOMBA FOTOSENSIBLE BAXTER,0.0,10,CARRO DE PARO,4000344,0.0,0.0
4000345,SET DE BOMBA P/ ALIMENTACION BAXTER,0.0,10,FARMACIA INTERNA(1),4000345,0.0,0.0
4000345,SET DE BOMBA P/ ALIMENTACION BAXTER,0.0,10,URGENCIAS(2),4000345,0.0,0.0
4000345,SET DE BOMBA P/ ALIMENTACION BAXTER,0.0,10,INTERNADO(3),4000345,0.0,0.0
4000345,SET DE BOMBA P/ ALIMENTACION BAXTER,0.0,10,QUIROFANO(4),4000345,0.0,0.0
4000345,SET DE BOMBA P/ ALIMENTACION BAXTER,0.0,10,ADMINISTRACION,4000345,0.0,0.0
4000345,SET DE BOMBA P/ ALIMENTACION BAXTER,0.0,10,CARRO DE PARO,4000345,0.0,0.0
4000346,SET DE BOMBA TRANSPARENTE BAXTER (NUEVO),0.0,10,FARMACIA INTERNA(1),4000346,0.0,0.0
4000346,SET DE BOMBA TRANSPARENTE BAXTER (NUEVO),0.0,10,URGENCIAS(2),4000346,0.0,0.0
4000346,SET DE BOMBA TRANSPARENTE BAXTER (NUEVO),0.0,10,INTERNADO(3),4000346,0.0,0.0
4000346,SET DE BOMBA TRANSPARENTE BAXTER (NUEVO),0.0,10,QUIROFANO(4),4000346,0.0,0.0
4000346,SET DE BOMBA TRANSPARENTE BAXTER (NUEVO),0.0,10,ADMINISTRACION,4000346,0.0,0.0
4000346,SET DE BOMBA TRANSPARENTE BAXTER (NUEVO),0.0,10,CARRO DE PARO,4000346,0.0,0.0
4000347,SIMPLE 0 40MM-1/2 X 75CM COVIDIEN,0.0,10,FARMACIA INTERNA(1),4000347,0.0,0.0
4000347,SIMPLE 0 40MM-1/2 X 75CM COVIDIEN,0.0,10,URGENCIAS(2),4000347,0.0,0.0
4000347,SIMPLE 0 40MM-1/2 X 75CM COVIDIEN,0.0,10,INTERNADO(3),4000347,0.0,0.0
4000347,SIMPLE 0 40MM-1/2 X 75CM COVIDIEN,0.0,10,QUIROFANO(4),4000347,0.0,0.0
4000347,SIMPLE 0 40MM-1/2 X 75CM COVIDIEN,0.0,10,ADMINISTRACION,4000347,0.0,0.0
4000347,SIMPLE 0 40MM-1/2 X 75CM COVIDIEN,0.0,10,CARRO DE PARO,4000347,0.0,0.0
4000348,SIMPLE 1-0 1/2 75CM MCR,40.0,0,10 FARMACIA INTERNA(1),4000348,0.0,0.0
4000348,SIMPLE 1-0 1/2 75CM MCR,40.0,0,10 URGENCIAS(2),4000348,0.0,0.0
4000348,SIMPLE 1-0 1/2 75CM MCR,40.0,0,10 INTERNADO(3),4000348,0.0,0.0
4000348,SIMPLE 1-0 1/2 75CM MCR,40.0,0,10 QUIROFANO(4),4000348,0.0,0.0
4000348,SIMPLE 1-0 1/2 75CM MCR,40.0,0,10 ADMINISTRACION,4000348,0.0,0.0
4000348,SIMPLE 1-0 1/2 75CM MCR,40.0,0,10 CARRO DE PARO,4000348,0.0,0.0
4000349,SIMPLE 5-0 RB-1 70CM ETHICON,0.0,10,FARMACIA INTERNA(1),4000349,0.0,0.0
4000349,SIMPLE 5-0 RB-1 70CM ETHICON,0.0,10,URGENCIAS(2),4000349,0.0,0.0
4000349,SIMPLE 5-0 RB-1 70CM ETHICON,0.0,10,INTERNADO(3),4000349,0.0,0.0
4000349,SIMPLE 5-0 RB-1 70CM ETHICON,0.0,10,QUIROFANO(4),4000349,0.0,0.0
4000349,SIMPLE 5-0 RB-1 70CM ETHICON,0.0,10,ADMINISTRACION,4000349,0.0,0.0
4000349,SIMPLE 5-0 RB-1 70CM ETHICON,0.0,10,CARRO DE PARO,4000349,0.0,0.0
4000350,STERI STRIP AZUL 6MMX75MM X 1 SOBRE,0.0,10,FARMACIA INTERNA(1),4000350,0.0,0.0
4000350,STERI STRIP AZUL 6MMX75MM X 1 SOBRE,0.0,10,URGENCIAS(2),4000350,0.0,0.0
4000350,STERI STRIP AZUL 6MMX75MM X 1 SOBRE,0.0,10,INTERNADO(3),4000350,0.0,0.0
4000350,STERI STRIP AZUL 6MMX75MM X 1 SOBRE,0.0,10,QUIROFANO(4),4000350,0.0,0.0
4000350,STERI STRIP AZUL 6MMX75MM X 1 SOBRE,0.0,10,ADMINISTRACION,4000350,0.0,0.0
4000350,STERI STRIP AZUL 6MMX75MM X 1 SOBRE,0.0,10,CARRO DE PARO,4000350,0.0,0.0
4000351,STOCKILETTE TUBULLAR (MALLA TUBULAR) 10 CM MS04,0.0,10,FARMACIA INTERNA(1),4000351,0.0,0.0
4000351,STOCKILETTE TUBULLAR (MALLA TUBULAR) 10 CM MS04,0.0,10,URGENCIAS(2),4000351,0.0,0.0
4000351,STOCKILETTE TUBULLAR (MALLA TUBULAR) 10 CM MS04,0.0,10,INTERNADO(3),4000351,0.0,0.0
4000351,STOCKILETTE TUBULLAR (MALLA TUBULAR) 10 CM MS04,0.0,10,QUIROFANO(4),4000351,0.0,0.0
4000351,STOCKILETTE TUBULLAR (MALLA TUBULAR) 10 CM MS04,0.0,10,ADMINISTRACION,4000351,0.0,0.0
4000351,STOCKILETTE TUBULLAR (MALLA TUBULAR) 10 CM MS04,0.0,10,CARRO DE PARO,4000351,0.0,0.0
4000352,"STOCKINETTE TUBULLAR (MALLA TUBULAR) 7,6 CM MS03",0.0,10,FARMACIA INTERNA(1),4000352,0.0,0.0
4000352,"STOCKINETTE TUBULLAR (MALLA TUBULAR) 7,6 CM MS03",0.0,10,URGENCIAS(2),4000352,0.0,0.0
4000352,"STOCKINETTE TUBULLAR (MALLA TUBULAR) 7,6 CM MS03",0.0,10,INTERNADO(3),4000352,0.0,0.0
4000352,"STOCKINETTE TUBULLAR (MALLA TUBULAR) 7,6 CM MS03",0.0,10,QUIROFANO(4),4000352,0.0,0.0
4000352,"STOCKINETTE TUBULLAR (MALLA TUBULAR) 7,6 CM MS03",0.0,10,ADMINISTRACION,4000352,0.0,0.0
4000352,"STOCKINETTE TUBULLAR (MALLA TUBULAR) 7,6 CM MS03",0.0,10,CARRO DE PARO,4000352,0.0,0.0
4000353,STOCKINETTE TUBULLAR (MALLA TUBULAR) X 5CM,0.0,10,FARMACIA INTERNA(1),4000353,0.0,0.0
4000353,STOCKINETTE TUBULLAR (MALLA TUBULAR) X 5CM,0.0,10,URGENCIAS(2),4000353,0.0,0.0
4000353,STOCKINETTE TUBULLAR (MALLA TUBULAR) X 5CM,0.0,10,INTERNADO(3),4000353,0.0,0.0
4000353,STOCKINETTE TUBULLAR (MALLA TUBULAR) X 5CM,0.0,10,QUIROFANO(4),4000353,0.0,0.0
4000353,STOCKINETTE TUBULLAR (MALLA TUBULAR) X 5CM,0.0,10,ADMINISTRACION,4000353,0.0,0.0
4000353,STOCKINETTE TUBULLAR (MALLA TUBULAR) X 5CM,0.0,10,CARRO DE PARO,4000353,0.0,0.0
4000354,SURGIPRO 0 - 1/2 X 75 CM MCR 40 (PROLENE),0.0,10,FARMACIA INTERNA(1),4000354,0.0,0.0
4000354,SURGIPRO 0 - 1/2 X 75 CM MCR 40 (PROLENE),0.0,10,URGENCIAS(2),4000354,0.0,0.0
4000354,SURGIPRO 0 - 1/2 X 75 CM MCR 40 (PROLENE),0.0,10,INTERNADO(3),4000354,0.0,0.0
4000354,SURGIPRO 0 - 1/2 X 75 CM MCR 40 (PROLENE),0.0,10,QUIROFANO(4),4000354,0.0,0.0
4000354,SURGIPRO 0 - 1/2 X 75 CM MCR 40 (PROLENE),0.0,10,ADMINISTRACION,4000354,0.0,0.0
4000354,SURGIPRO 0 - 1/2 X 75 CM MCR 40 (PROLENE),0.0,10,CARRO DE PARO,4000354,0.0,0.0
4000355,SURGIPRO 1 - 40MM - 1/2 - 75CM MCR40 (PROLENE),0.0,10,FARMACIA INTERNA(1),4000355,0.0,0.0
4000355,SURGIPRO 1 - 40MM - 1/2 - 75CM MCR40 (PROLENE),0.0,10,URGENCIAS(2),4000355,0.0,0.0
4000355,SURGIPRO 1 - 40MM - 1/2 - 75CM MCR40 (PROLENE),0.0,10,INTERNADO(3),4000355,0.0,0.0
4000355,SURGIPRO 1 - 40MM - 1/2 - 75CM MCR40 (PROLENE),0.0,10,QUIROFANO(4),4000355,0.0,0.0
4000355,SURGIPRO 1 - 40MM - 1/2 - 75CM MCR40 (PROLENE),0.0,10,ADMINISTRACION,4000355,0.0,0.0
4000355,SURGIPRO 1 - 40MM - 1/2 - 75CM MCR40 (PROLENE),0.0,10,CARRO DE PARO,4000355,0.0,0.0
4000356,SURGIPRO 2 (PROLENE),0.0,10,FARMACIA INTERNA(1),4000356,0.0,0.0
4000356,SURGIPRO 2 (PROLENE),0.0,10,URGENCIAS(2),4000356,0.0,0.0
4000356,SURGIPRO 2 (PROLENE),0.0,10,INTERNADO(3),4000356,0.0,0.0
4000356,SURGIPRO 2 (PROLENE),0.0,10,QUIROFANO(4),4000356,0.0,0.0
4000356,SURGIPRO 2 (PROLENE),0.0,10,ADMINISTRACION,4000356,0.0,0.0
4000356,SURGIPRO 2 (PROLENE),0.0,10,CARRO DE PARO,4000356,0.0,0.0
4000357,SURGIPRO 2/0 - 27MM -1/2 X 75CM (PROLENE),0.0,10,FARMACIA INTERNA(1),4000357,0.0,0.0
4000357,SURGIPRO 2/0 - 27MM -1/2 X 75CM (PROLENE),0.0,10,URGENCIAS(2),4000357,0.0,0.0
4000357,SURGIPRO 2/0 - 27MM -1/2 X 75CM (PROLENE),0.0,10,INTERNADO(3),4000357,0.0,0.0
4000357,SURGIPRO 2/0 - 27MM -1/2 X 75CM (PROLENE),0.0,10,QUIROFANO(4),4000357,0.0,0.0
4000357,SURGIPRO 2/0 - 27MM -1/2 X 75CM (PROLENE),0.0,10,ADMINISTRACION,4000357,0.0,0.0
4000357,SURGIPRO 2/0 - 27MM -1/2 X 75CM (PROLENE),0.0,10,CARRO DE PARO,4000357,0.0,0.0
4000358,SURGIPRO 5/0 - 2 X 17MM -1/2 X 90CM (PROLENE),0.0,10,FARMACIA INTERNA(1),4000358,0.0,0.0
4000358,SURGIPRO 5/0 - 2 X 17MM -1/2 X 90CM (PROLENE),0.0,10,URGENCIAS(2),4000358,0.0,0.0
4000358,SURGIPRO 5/0 - 2 X 17MM -1/2 X 90CM (PROLENE),0.0,10,INTERNADO(3),4000358,0.0,0.0
4000358,SURGIPRO 5/0 - 2 X 17MM -1/2 X 90CM (PROLENE),0.0,10,QUIROFANO(4),4000358,0.0,0.0
4000358,SURGIPRO 5/0 - 2 X 17MM -1/2 X 90CM (PROLENE),0.0,10,ADMINISTRACION,4000358,0.0,0.0
4000358,SURGIPRO 5/0 - 2 X 17MM -1/2 X 90CM (PROLENE),0.0,10,CARRO DE PARO,4000358,0.0,0.0
4000359,SURGIPRO 6-0 -2 X 13MM - 3/8 X 75CM (PROLENE),0.0,10,FARMACIA INTERNA(1),4000359,0.0,0.0
4000359,SURGIPRO 6-0 -2 X 13MM - 3/8 X 75CM (PROLENE),0.0,10,URGENCIAS(2),4000359,0.0,0.0
4000359,SURGIPRO 6-0 -2 X 13MM - 3/8 X 75CM (PROLENE),0.0,10,INTERNADO(3),4000359,0.0,0.0
4000359,SURGIPRO 6-0 -2 X 13MM - 3/8 X 75CM (PROLENE),0.0,10,QUIROFANO(4),4000359,0.0,0.0
4000359,SURGIPRO 6-0 -2 X 13MM - 3/8 X 75CM (PROLENE),0.0,10,ADMINISTRACION,4000359,0.0,0.0
4000359,SURGIPRO 6-0 -2 X 13MM - 3/8 X 75CM (PROLENE),0.0,10,CARRO DE PARO,4000359,0.0,0.0
4000360,SURGIPRO 7-0 -2 X9MM - 3/8 X 60CM (PROLENE),0.0,10,FARMACIA INTERNA(1),4000360,0.0,0.0
4000360,SURGIPRO 7-0 -2 X9MM - 3/8 X 60CM (PROLENE),0.0,10,URGENCIAS(2),4000360,0.0,0.0
4000360,SURGIPRO 7-0 -2 X9MM - 3/8 X 60CM (PROLENE),0.0,10,INTERNADO(3),4000360,0.0,0.0
4000360,SURGIPRO 7-0 -2 X9MM - 3/8 X 60CM (PROLENE),0.0,10,QUIROFANO(4),4000360,0.0,0.0
4000360,SURGIPRO 7-0 -2 X9MM - 3/8 X 60CM (PROLENE),0.0,10,ADMINISTRACION,4000360,0.0,0.0
4000360,SURGIPRO 7-0 -2 X9MM - 3/8 X 60CM (PROLENE),0.0,10,CARRO DE PARO,4000360,0.0,0.0
4000361,SUSPENSOR TODO GOMA TIRO CORTO T7,0.0,10,FARMACIA INTERNA(1),4000361,0.0,0.0
4000361,SUSPENSOR TODO GOMA TIRO CORTO T7,0.0,10,URGENCIAS(2),4000361,0.0,0.0
4000361,SUSPENSOR TODO GOMA TIRO CORTO T7,0.0,10,INTERNADO(3),4000361,0.0,0.0
4000361,SUSPENSOR TODO GOMA TIRO CORTO T7,0.0,10,QUIROFANO(4),4000361,0.0,0.0
4000361,SUSPENSOR TODO GOMA TIRO CORTO T7,0.0,10,ADMINISTRACION,4000361,0.0,0.0
4000361,SUSPENSOR TODO GOMA TIRO CORTO T7,0.0,10,CARRO DE PARO,4000361,0.0,0.0
4000362,TAPA BOCA PAQ X 6 UNIDADES,0.0,10,FARMACIA INTERNA(1),4000362,0.0,0.0
4000362,TAPA BOCA PAQ X 6 UNIDADES,0.0,10,URGENCIAS(2),4000362,0.0,0.0
4000362,TAPA BOCA PAQ X 6 UNIDADES,0.0,10,INTERNADO(3),4000362,0.0,0.0
4000362,TAPA BOCA PAQ X 6 UNIDADES,0.0,10,QUIROFANO(4),4000362,0.0,0.0
4000362,TAPA BOCA PAQ X 6 UNIDADES,0.0,10,ADMINISTRACION,4000362,0.0,0.0
4000362,TAPA BOCA PAQ X 6 UNIDADES,0.0,10,CARRO DE PARO,4000362,0.0,0.0
4000363,TAPA BOCA X CAJA,18000.0,10,FARMACIA INTERNA(1),4000363,0.0,2.0
4000363,TAPA BOCA X CAJA,18000.0,10,URGENCIAS(2),4000363,0.0,0.0
4000363,TAPA BOCA X CAJA,18000.0,10,INTERNADO(3),4000363,0.0,0.0
4000363,TAPA BOCA X CAJA,18000.0,10,QUIROFANO(4),4000363,0.0,0.0
4000363,TAPA BOCA X CAJA,18000.0,10,ADMINISTRACION,4000363,0.0,0.0
4000363,TAPA BOCA X CAJA,18000.0,10,CARRO DE PARO,4000363,0.0,0.0
4000364,TAPA PARA VIA CERRADA (ADAPTADOR DE CATETER),1500.0,10,FARMACIA INTERNA(1),4000364,0.0,53.0
4000364,TAPA PARA VIA CERRADA (ADAPTADOR DE CATETER),1500.0,10,URGENCIAS(2),4000364,0.0,248.0
4000364,TAPA PARA VIA CERRADA (ADAPTADOR DE CATETER),1500.0,10,INTERNADO(3),4000364,0.0,0.0
4000364,TAPA PARA VIA CERRADA (ADAPTADOR DE CATETER),1500.0,10,QUIROFANO(4),4000364,0.0,0.0
4000364,TAPA PARA VIA CERRADA (ADAPTADOR DE CATETER),1500.0,10,ADMINISTRACION,4000364,0.0,0.0
4000364,TAPA PARA VIA CERRADA (ADAPTADOR DE CATETER),1500.0,10,CARRO DE PARO,4000364,0.0,3.0
4000365,TAPER P/BIOPSIA 1L,0.0,10,FARMACIA INTERNA(1),4000365,0.0,0.0
4000365,TAPER P/BIOPSIA 1L,0.0,10,URGENCIAS(2),4000365,0.0,0.0
4000365,TAPER P/BIOPSIA 1L,0.0,10,INTERNADO(3),4000365,0.0,0.0
4000365,TAPER P/BIOPSIA 1L,0.0,10,QUIROFANO(4),4000365,0.0,0.0
4000365,TAPER P/BIOPSIA 1L,0.0,10,ADMINISTRACION,4000365,0.0,0.0
4000365,TAPER P/BIOPSIA 1L,0.0,10,CARRO DE PARO,4000365,0.0,0.0
4000366,TAPER P/BIOPSIA 2L,0.0,10,FARMACIA INTERNA(1),4000366,0.0,0.0
4000366,TAPER P/BIOPSIA 2L,0.0,10,URGENCIAS(2),4000366,0.0,0.0
4000366,TAPER P/BIOPSIA 2L,0.0,10,INTERNADO(3),4000366,0.0,0.0
4000366,TAPER P/BIOPSIA 2L,0.0,10,QUIROFANO(4),4000366,0.0,0.0
4000366,TAPER P/BIOPSIA 2L,0.0,10,ADMINISTRACION,4000366,0.0,0.0
4000366,TAPER P/BIOPSIA 2L,0.0,10,CARRO DE PARO,4000366,0.0,0.0
4000367,"TAPER P/BIOPSIA 5,1 L",0.0,10,FARMACIA INTERNA(1),4000367,0.0,0.0
4000367,"TAPER P/BIOPSIA 5,1 L",0.0,10,URGENCIAS(2),4000367,0.0,0.0
4000367,"TAPER P/BIOPSIA 5,1 L",0.0,10,INTERNADO(3),4000367,0.0,0.0
4000367,"TAPER P/BIOPSIA 5,1 L",0.0,10,QUIROFANO(4),4000367,0.0,0.0
4000367,"TAPER P/BIOPSIA 5,1 L",0.0,10,ADMINISTRACION,4000367,0.0,0.0
4000367,"TAPER P/BIOPSIA 5,1 L",0.0,10,CARRO DE PARO,4000367,0.0,0.0
4000368,TAPON NASAL 80X30X10 MM X 1 UNIDAD,0.0,10,FARMACIA INTERNA(1),4000368,0.0,0.0
4000368,TAPON NASAL 80X30X10 MM X 1 UNIDAD,0.0,10,URGENCIAS(2),4000368,0.0,0.0
4000368,TAPON NASAL 80X30X10 MM X 1 UNIDAD,0.0,10,INTERNADO(3),4000368,0.0,0.0
4000368,TAPON NASAL 80X30X10 MM X 1 UNIDAD,0.0,10,QUIROFANO(4),4000368,0.0,0.0
4000368,TAPON NASAL 80X30X10 MM X 1 UNIDAD,0.0,10,ADMINISTRACION,4000368,0.0,0.0
4000368,TAPON NASAL 80X30X10 MM X 1 UNIDAD,0.0,10,CARRO DE PARO,4000368,0.0,0.0
4000369,"TEGADERM CHG 8,5CMX11,5CM P/ VIA CENTRAL 1657R",0.0,10,FARMACIA INTERNA(1),4000369,0.0,0.0
4000369,"TEGADERM CHG 8,5CMX11,5CM P/ VIA CENTRAL 1657R",0.0,10,URGENCIAS(2),4000369,0.0,0.0
4000369,"TEGADERM CHG 8,5CMX11,5CM P/ VIA CENTRAL 1657R",0.0,10,INTERNADO(3),4000369,0.0,0.0
4000369,"TEGADERM CHG 8,5CMX11,5CM P/ VIA CENTRAL 1657R",0.0,10,QUIROFANO(4),4000369,0.0,0.0
4000369,"TEGADERM CHG 8,5CMX11,5CM P/ VIA CENTRAL 1657R",0.0,10,ADMINISTRACION,4000369,0.0,0.0
4000369,"TEGADERM CHG 8,5CMX11,5CM P/ VIA CENTRAL 1657R",0.0,10,CARRO DE PARO,4000369,0.0,0.0
4000370,TEGADERM P/ VIA IV ADULTO,1683.0,0,10 FARMACIA INTERNA(1),4000370,0.0,0.0
4000370,TEGADERM P/ VIA IV ADULTO,1683.0,0,10 URGENCIAS(2),4000370,0.0,0.0
4000370,TEGADERM P/ VIA IV ADULTO,1683.0,0,10 INTERNADO(3),4000370,0.0,0.0
4000370,TEGADERM P/ VIA IV ADULTO,1683.0,0,10 QUIROFANO(4),4000370,0.0,0.0
4000370,TEGADERM P/ VIA IV ADULTO,1683.0,0,10 ADMINISTRACION,4000370,0.0,0.0
4000370,TEGADERM P/ VIA IV ADULTO,1683.0,0,10 CARRO DE PARO,4000370,0.0,0.0
4000371,"TENSOPLAST SPORT 8CM X 2,5MTS",0.0,10,FARMACIA INTERNA(1),4000371,0.0,0.0
4000371,"TENSOPLAST SPORT 8CM X 2,5MTS",0.0,10,URGENCIAS(2),4000371,0.0,0.0
4000371,"TENSOPLAST SPORT 8CM X 2,5MTS",0.0,10,INTERNADO(3),4000371,0.0,0.0
4000371,"TENSOPLAST SPORT 8CM X 2,5MTS",0.0,10,QUIROFANO(4),4000371,0.0,0.0
4000371,"TENSOPLAST SPORT 8CM X 2,5MTS",0.0,10,ADMINISTRACION,4000371,0.0,0.0
4000371,"TENSOPLAST SPORT 8CM X 2,5MTS",0.0,10,CARRO DE PARO,4000371,0.0,0.0
4000372,TIRAS P/ ORINA A10- X 1 (COMBUSTER),0.0,10,FARMACIA INTERNA(1),4000372,0.0,0.0
4000372,TIRAS P/ ORINA A10- X 1 (COMBUSTER),0.0,10,URGENCIAS(2),4000372,0.0,0.0
4000372,TIRAS P/ ORINA A10- X 1 (COMBUSTER),0.0,10,INTERNADO(3),4000372,0.0,0.0
4000372,TIRAS P/ ORINA A10- X 1 (COMBUSTER),0.0,10,QUIROFANO(4),4000372,0.0,0.0
4000372,TIRAS P/ ORINA A10- X 1 (COMBUSTER),0.0,10,ADMINISTRACION,4000372,0.0,0.0
4000372,TIRAS P/ ORINA A10- X 1 (COMBUSTER),0.0,10,CARRO DE PARO,4000372,0.0,0.0
4000373,TRADUCTOR PIC,0.0,10,FARMACIA INTERNA(1),4000373,0.0,0.0
4000373,TRADUCTOR PIC,0.0,10,URGENCIAS(2),4000373,0.0,0.0
4000373,TRADUCTOR PIC,0.0,10,INTERNADO(3),4000373,0.0,0.0
4000373,TRADUCTOR PIC,0.0,10,QUIROFANO(4),4000373,0.0,0.0
4000373,TRADUCTOR PIC,0.0,10,ADMINISTRACION,4000373,0.0,0.0
4000373,TRADUCTOR PIC,0.0,10,CARRO DE PARO,4000373,0.0,0.0
4000374,TRAMPA P/ MOCOS 40ML,0.0,10,FARMACIA INTERNA(1),4000374,0.0,0.0
4000374,TRAMPA P/ MOCOS 40ML,0.0,10,URGENCIAS(2),4000374,0.0,0.0
4000374,TRAMPA P/ MOCOS 40ML,0.0,10,INTERNADO(3),4000374,0.0,0.0
4000374,TRAMPA P/ MOCOS 40ML,0.0,10,QUIROFANO(4),4000374,0.0,0.0
4000374,TRAMPA P/ MOCOS 40ML,0.0,10,ADMINISTRACION,4000374,0.0,0.0
4000374,TRAMPA P/ MOCOS 40ML,0.0,10,CARRO DE PARO,4000374,0.0,0.0
4000375,TRIFLO (EJERCITADOR PULMONAR),0.0,10,FARMACIA INTERNA(1),4000375,0.0,0.0
4000375,TRIFLO (EJERCITADOR PULMONAR),0.0,10,URGENCIAS(2),4000375,0.0,0.0
4000375,TRIFLO (EJERCITADOR PULMONAR),0.0,10,INTERNADO(3),4000375,0.0,0.0
4000375,TRIFLO (EJERCITADOR PULMONAR),0.0,10,QUIROFANO(4),4000375,0.0,0.0
4000375,TRIFLO (EJERCITADOR PULMONAR),0.0,10,ADMINISTRACION,4000375,0.0,0.0
4000375,TRIFLO (EJERCITADOR PULMONAR),0.0,10,CARRO DE PARO,4000375,0.0,0.0
4000376,TRIFLOW II (EJERCITADOR PULMONAR),0.0,10,FARMACIA INTERNA(1),4000376,0.0,0.0
4000376,TRIFLOW II (EJERCITADOR PULMONAR),0.0,10,URGENCIAS(2),4000376,0.0,0.0
4000376,TRIFLOW II (EJERCITADOR PULMONAR),0.0,10,INTERNADO(3),4000376,0.0,0.0
4000376,TRIFLOW II (EJERCITADOR PULMONAR),0.0,10,QUIROFANO(4),4000376,0.0,0.0
4000376,TRIFLOW II (EJERCITADOR PULMONAR),0.0,10,ADMINISTRACION,4000376,0.0,0.0
4000376,TRIFLOW II (EJERCITADOR PULMONAR),0.0,10,CARRO DE PARO,4000376,0.0,0.0
4000377,TROCAR TORAXICO FR,10.0,0,10 FARMACIA INTERNA(1),4000377,0.0,0.0
4000377,TROCAR TORAXICO FR,10.0,0,10 URGENCIAS(2),4000377,0.0,0.0
4000377,TROCAR TORAXICO FR,10.0,0,10 INTERNADO(3),4000377,0.0,0.0
4000377,TROCAR TORAXICO FR,10.0,0,10 QUIROFANO(4),4000377,0.0,0.0
4000377,TROCAR TORAXICO FR,10.0,0,10 ADMINISTRACION,4000377,0.0,0.0
4000377,TROCAR TORAXICO FR,10.0,0,10 CARRO DE PARO,4000377,0.0,0.0
4000378,TROCAR TORAXICO FR,12.0,0,10 FARMACIA INTERNA(1),4000378,0.0,0.0
4000378,TROCAR TORAXICO FR,12.0,0,10 URGENCIAS(2),4000378,0.0,0.0
4000378,TROCAR TORAXICO FR,12.0,0,10 INTERNADO(3),4000378,0.0,0.0
4000378,TROCAR TORAXICO FR,12.0,0,10 QUIROFANO(4),4000378,0.0,0.0
4000378,TROCAR TORAXICO FR,12.0,0,10 ADMINISTRACION,4000378,0.0,0.0
4000378,TROCAR TORAXICO FR,12.0,0,10 CARRO DE PARO,4000378,0.0,0.0
4000379,TROCAR TORAXICO FR,16.0,0,10 FARMACIA INTERNA(1),4000379,0.0,0.0
4000379,TROCAR TORAXICO FR,16.0,0,10 URGENCIAS(2),4000379,0.0,0.0
4000379,TROCAR TORAXICO FR,16.0,0,10 INTERNADO(3),4000379,0.0,0.0
4000379,TROCAR TORAXICO FR,16.0,0,10 QUIROFANO(4),4000379,0.0,0.0
4000379,TROCAR TORAXICO FR,16.0,0,10 ADMINISTRACION,4000379,0.0,0.0
4000379,TROCAR TORAXICO FR,16.0,0,10 CARRO DE PARO,4000379,0.0,0.0
4000380,TROCAR TORAXICO FR,20.0,0,10 FARMACIA INTERNA(1),4000380,0.0,0.0
4000380,TROCAR TORAXICO FR,20.0,0,10 URGENCIAS(2),4000380,0.0,0.0
4000380,TROCAR TORAXICO FR,20.0,0,10 INTERNADO(3),4000380,0.0,0.0
4000380,TROCAR TORAXICO FR,20.0,0,10 QUIROFANO(4),4000380,0.0,0.0
4000380,TROCAR TORAXICO FR,20.0,0,10 ADMINISTRACION,4000380,0.0,0.0
4000380,TROCAR TORAXICO FR,20.0,0,10 CARRO DE PARO,4000380,0.0,0.0
4000381,TROCAR TORAXICO FR 28 CODEX,0.0,10,FARMACIA INTERNA(1),4000381,0.0,0.0
4000381,TROCAR TORAXICO FR 28 CODEX,0.0,10,URGENCIAS(2),4000381,0.0,0.0
4000381,TROCAR TORAXICO FR 28 CODEX,0.0,10,INTERNADO(3),4000381,0.0,0.0
4000381,TROCAR TORAXICO FR 28 CODEX,0.0,10,QUIROFANO(4),4000381,0.0,0.0
4000381,TROCAR TORAXICO FR 28 CODEX,0.0,10,ADMINISTRACION,4000381,0.0,0.0
4000381,TROCAR TORAXICO FR 28 CODEX,0.0,10,CARRO DE PARO,4000381,0.0,0.0
4000382,TROCAR VERSAPORT 5MM 11MM,0.0,10,FARMACIA INTERNA(1),4000382,0.0,0.0
4000382,TROCAR VERSAPORT 5MM 11MM,0.0,10,URGENCIAS(2),4000382,0.0,0.0
4000382,TROCAR VERSAPORT 5MM 11MM,0.0,10,INTERNADO(3),4000382,0.0,0.0
4000382,TROCAR VERSAPORT 5MM 11MM,0.0,10,QUIROFANO(4),4000382,0.0,0.0
4000382,TROCAR VERSAPORT 5MM 11MM,0.0,10,ADMINISTRACION,4000382,0.0,0.0
4000382,TROCAR VERSAPORT 5MM 11MM,0.0,10,CARRO DE PARO,4000382,0.0,0.0
4000383,TROCAR VERSAPOT 12MM OPTICAL,0.0,10,FARMACIA INTERNA(1),4000383,0.0,0.0
4000383,TROCAR VERSAPOT 12MM OPTICAL,0.0,10,URGENCIAS(2),4000383,0.0,0.0
4000383,TROCAR VERSAPOT 12MM OPTICAL,0.0,10,INTERNADO(3),4000383,0.0,0.0
4000383,TROCAR VERSAPOT 12MM OPTICAL,0.0,10,QUIROFANO(4),4000383,0.0,0.0
4000383,TROCAR VERSAPOT 12MM OPTICAL,0.0,10,ADMINISTRACION,4000383,0.0,0.0
4000383,TROCAR VERSAPOT 12MM OPTICAL,0.0,10,CARRO DE PARO,4000383,0.0,0.0
4000384,TRUBOND 2-0 / 90CM / 26MM (ETHIBOND),0.0,10,FARMACIA INTERNA(1),4000384,0.0,0.0
4000384,TRUBOND 2-0 / 90CM / 26MM (ETHIBOND),0.0,10,URGENCIAS(2),4000384,0.0,0.0
4000384,TRUBOND 2-0 / 90CM / 26MM (ETHIBOND),0.0,10,INTERNADO(3),4000384,0.0,0.0
4000384,TRUBOND 2-0 / 90CM / 26MM (ETHIBOND),0.0,10,QUIROFANO(4),4000384,0.0,0.0
4000384,TRUBOND 2-0 / 90CM / 26MM (ETHIBOND),0.0,10,ADMINISTRACION,4000384,0.0,0.0
4000384,TRUBOND 2-0 / 90CM / 26MM (ETHIBOND),0.0,10,CARRO DE PARO,4000384,0.0,0.0
4000385,TRUBOND 5 1/2 48MM 4X75CM (ETHIBOND),168000.0,10,FARMACIA INTERNA(1),4000385,0.0,2.0
4000385,TRUBOND 5 1/2 48MM 4X75CM (ETHIBOND),168000.0,10,URGENCIAS(2),4000385,0.0,0.0
4000385,TRUBOND 5 1/2 48MM 4X75CM (ETHIBOND),168000.0,10,INTERNADO(3),4000385,0.0,0.0
4000385,TRUBOND 5 1/2 48MM 4X75CM (ETHIBOND),168000.0,10,QUIROFANO(4),4000385,0.0,0.0
4000385,TRUBOND 5 1/2 48MM 4X75CM (ETHIBOND),168000.0,10,ADMINISTRACION,4000385,0.0,0.0
4000385,TRUBOND 5 1/2 48MM 4X75CM (ETHIBOND),168000.0,10,CARRO DE PARO,4000385,0.0,0.0
4000386,TUBO BRONQUIAL DERECHO 39FR (TUBO SELECTIVO),0.0,10,FARMACIA INTERNA(1),4000386,0.0,0.0
4000386,TUBO BRONQUIAL DERECHO 39FR (TUBO SELECTIVO),0.0,10,URGENCIAS(2),4000386,0.0,0.0
4000386,TUBO BRONQUIAL DERECHO 39FR (TUBO SELECTIVO),0.0,10,INTERNADO(3),4000386,0.0,0.0
4000386,TUBO BRONQUIAL DERECHO 39FR (TUBO SELECTIVO),0.0,10,QUIROFANO(4),4000386,0.0,0.0
4000386,TUBO BRONQUIAL DERECHO 39FR (TUBO SELECTIVO),0.0,10,ADMINISTRACION,4000386,0.0,0.0
4000386,TUBO BRONQUIAL DERECHO 39FR (TUBO SELECTIVO),0.0,10,CARRO DE PARO,4000386,0.0,0.0
4000387,TUBO BRONQUIAL IZQUIERDO 37FR (TUBO SELECTIVO),0.0,10,FARMACIA INTERNA(1),4000387,0.0,0.0
4000387,TUBO BRONQUIAL IZQUIERDO 37FR (TUBO SELECTIVO),0.0,10,URGENCIAS(2),4000387,0.0,0.0
4000387,TUBO BRONQUIAL IZQUIERDO 37FR (TUBO SELECTIVO),0.0,10,INTERNADO(3),4000387,0.0,0.0
4000387,TUBO BRONQUIAL IZQUIERDO 37FR (TUBO SELECTIVO),0.0,10,QUIROFANO(4),4000387,0.0,0.0
4000387,TUBO BRONQUIAL IZQUIERDO 37FR (TUBO SELECTIVO),0.0,10,ADMINISTRACION,4000387,0.0,0.0
4000387,TUBO BRONQUIAL IZQUIERDO 37FR (TUBO SELECTIVO),0.0,10,CARRO DE PARO,4000387,0.0,0.0
4000388,TUBO BRONQUIAL IZQUIERDO 39 FR (TUBO SELECTIVO),0.0,10,FARMACIA INTERNA(1),4000388,0.0,0.0
4000388,TUBO BRONQUIAL IZQUIERDO 39 FR (TUBO SELECTIVO),0.0,10,URGENCIAS(2),4000388,0.0,0.0
4000388,TUBO BRONQUIAL IZQUIERDO 39 FR (TUBO SELECTIVO),0.0,10,INTERNADO(3),4000388,0.0,0.0
4000388,TUBO BRONQUIAL IZQUIERDO 39 FR (TUBO SELECTIVO),0.0,10,QUIROFANO(4),4000388,0.0,0.0
4000388,TUBO BRONQUIAL IZQUIERDO 39 FR (TUBO SELECTIVO),0.0,10,ADMINISTRACION,4000388,0.0,0.0
4000388,TUBO BRONQUIAL IZQUIERDO 39 FR (TUBO SELECTIVO),0.0,10,CARRO DE PARO,4000388,0.0,0.0
4000389,TUBO DE KEHR FR,14.0,0,10 FARMACIA INTERNA(1),4000389,0.0,0.0
4000389,TUBO DE KEHR FR,14.0,0,10 URGENCIAS(2),4000389,0.0,0.0
4000389,TUBO DE KEHR FR,14.0,0,10 INTERNADO(3),4000389,0.0,0.0
4000389,TUBO DE KEHR FR,14.0,0,10 QUIROFANO(4),4000389,0.0,0.0
4000389,TUBO DE KEHR FR,14.0,0,10 ADMINISTRACION,4000389,0.0,0.0
4000389,TUBO DE KEHR FR,14.0,0,10 CARRO DE PARO,4000389,0.0,0.0
4000390,TUBO EN T,0.0,10,FARMACIA INTERNA(1),4000390,0.0,0.0
4000390,TUBO EN T,0.0,10,URGENCIAS(2),4000390,0.0,0.0
4000390,TUBO EN T,0.0,10,INTERNADO(3),4000390,0.0,0.0
4000390,TUBO EN T,0.0,10,QUIROFANO(4),4000390,0.0,0.0
4000390,TUBO EN T,0.0,10,ADMINISTRACION,4000390,0.0,0.0
4000390,TUBO EN T,0.0,10,CARRO DE PARO,4000390,0.0,0.0
4000391,TUBO EN T CON CORRUGADO,0.0,10,FARMACIA INTERNA(1),4000391,0.0,0.0
4000391,TUBO EN T CON CORRUGADO,0.0,10,URGENCIAS(2),4000391,0.0,0.0
4000391,TUBO EN T CON CORRUGADO,0.0,10,INTERNADO(3),4000391,0.0,0.0
4000391,TUBO EN T CON CORRUGADO,0.0,10,QUIROFANO(4),4000391,0.0,0.0
4000391,TUBO EN T CON CORRUGADO,0.0,10,ADMINISTRACION,4000391,0.0,0.0
4000391,TUBO EN T CON CORRUGADO,0.0,10,CARRO DE PARO,4000391,0.0,0.0
4000392,"TUBO ENDOTRAQUEAL ESPIRALADO NRO 6,0 C/B RUSCH",0.0,10,FARMACIA INTERNA(1),4000392,0.0,0.0
4000392,"TUBO ENDOTRAQUEAL ESPIRALADO NRO 6,0 C/B RUSCH",0.0,10,URGENCIAS(2),4000392,0.0,0.0
4000392,"TUBO ENDOTRAQUEAL ESPIRALADO NRO 6,0 C/B RUSCH",0.0,10,INTERNADO(3),4000392,0.0,0.0
4000392,"TUBO ENDOTRAQUEAL ESPIRALADO NRO 6,0 C/B RUSCH",0.0,10,QUIROFANO(4),4000392,0.0,0.0
4000392,"TUBO ENDOTRAQUEAL ESPIRALADO NRO 6,0 C/B RUSCH",0.0,10,ADMINISTRACION,4000392,0.0,0.0
4000392,"TUBO ENDOTRAQUEAL ESPIRALADO NRO 6,0 C/B RUSCH",0.0,10,CARRO DE PARO,4000392,0.0,0.0
4000393,TUBO ENDOTRAQUEAL ESPIRALADO NRO 7 C/B RUSCH,0.0,10,FARMACIA INTERNA(1),4000393,0.0,0.0
4000393,TUBO ENDOTRAQUEAL ESPIRALADO NRO 7 C/B RUSCH,0.0,10,URGENCIAS(2),4000393,0.0,0.0
4000393,TUBO ENDOTRAQUEAL ESPIRALADO NRO 7 C/B RUSCH,0.0,10,INTERNADO(3),4000393,0.0,0.0
4000393,TUBO ENDOTRAQUEAL ESPIRALADO NRO 7 C/B RUSCH,0.0,10,QUIROFANO(4),4000393,0.0,0.0
4000393,TUBO ENDOTRAQUEAL ESPIRALADO NRO 7 C/B RUSCH,0.0,10,ADMINISTRACION,4000393,0.0,0.0
4000393,TUBO ENDOTRAQUEAL ESPIRALADO NRO 7 C/B RUSCH,0.0,10,CARRO DE PARO,4000393,0.0,0.0
4000394,"TUBO ENDOTRAQUEAL NRO 7,0 C/B (POLYMED)",19000.0,10,FARMACIA INTERNA(1),4000394,0.0,2.0
4000394,"TUBO ENDOTRAQUEAL NRO 7,0 C/B (POLYMED)",19000.0,10,URGENCIAS(2),4000394,0.0,3.0
4000394,"TUBO ENDOTRAQUEAL NRO 7,0 C/B (POLYMED)",19000.0,10,INTERNADO(3),4000394,0.0,0.0
4000394,"TUBO ENDOTRAQUEAL NRO 7,0 C/B (POLYMED)",19000.0,10,QUIROFANO(4),4000394,0.0,0.0
4000394,"TUBO ENDOTRAQUEAL NRO 7,0 C/B (POLYMED)",19000.0,10,ADMINISTRACION,4000394,0.0,0.0
4000394,"TUBO ENDOTRAQUEAL NRO 7,0 C/B (POLYMED)",19000.0,10,CARRO DE PARO,4000394,0.0,2.0
4000395,TUBO ENDOTRAQUEAL ESPIRALADO NRO 8 C/B RUSCH,0.0,10,FARMACIA INTERNA(1),4000395,0.0,0.0
4000395,TUBO ENDOTRAQUEAL ESPIRALADO NRO 8 C/B RUSCH,0.0,10,URGENCIAS(2),4000395,0.0,0.0
4000395,TUBO ENDOTRAQUEAL ESPIRALADO NRO 8 C/B RUSCH,0.0,10,INTERNADO(3),4000395,0.0,0.0
4000395,TUBO ENDOTRAQUEAL ESPIRALADO NRO 8 C/B RUSCH,0.0,10,QUIROFANO(4),4000395,0.0,0.0
4000395,TUBO ENDOTRAQUEAL ESPIRALADO NRO 8 C/B RUSCH,0.0,10,ADMINISTRACION,4000395,0.0,0.0
4000395,TUBO ENDOTRAQUEAL ESPIRALADO NRO 8 C/B RUSCH,0.0,10,CARRO DE PARO,4000395,0.0,0.0
4000396,"TUBO ENDOTRAQUEAL NRO 2,0 S/B",13200.0,10,FARMACIA INTERNA(1),4000396,0.0,6.0
4000396,"TUBO ENDOTRAQUEAL NRO 2,0 S/B",13200.0,10,URGENCIAS(2),4000396,0.0,0.0
4000396,"TUBO ENDOTRAQUEAL NRO 2,0 S/B",13200.0,10,INTERNADO(3),4000396,0.0,0.0
4000396,"TUBO ENDOTRAQUEAL NRO 2,0 S/B",13200.0,10,QUIROFANO(4),4000396,0.0,0.0
4000396,"TUBO ENDOTRAQUEAL NRO 2,0 S/B",13200.0,10,ADMINISTRACION,4000396,0.0,0.0
4000396,"TUBO ENDOTRAQUEAL NRO 2,0 S/B",13200.0,10,CARRO DE PARO,4000396,0.0,0.0
4000397,"TUBO ENDOTRAQUEAL NRO 3,0 S/B",14600.0,10,FARMACIA INTERNA(1),4000397,0.0,8.0
4000397,"TUBO ENDOTRAQUEAL NRO 3,0 S/B",14600.0,10,URGENCIAS(2),4000397,0.0,0.0
4000397,"TUBO ENDOTRAQUEAL NRO 3,0 S/B",14600.0,10,INTERNADO(3),4000397,0.0,0.0
4000397,"TUBO ENDOTRAQUEAL NRO 3,0 S/B",14600.0,10,QUIROFANO(4),4000397,0.0,0.0
4000397,"TUBO ENDOTRAQUEAL NRO 3,0 S/B",14600.0,10,ADMINISTRACION,4000397,0.0,0.0
4000397,"TUBO ENDOTRAQUEAL NRO 3,0 S/B",14600.0,10,CARRO DE PARO,4000397,0.0,0.0
4000398,"TUBO ENDOTRAQUEAL NRO 3,5 C/B",18000.0,10,FARMACIA INTERNA(1),4000398,0.0,4.0
4000398,"TUBO ENDOTRAQUEAL NRO 3,5 C/B",18000.0,10,URGENCIAS(2),4000398,0.0,0.0
4000398,"TUBO ENDOTRAQUEAL NRO 3,5 C/B",18000.0,10,INTERNADO(3),4000398,0.0,0.0
4000398,"TUBO ENDOTRAQUEAL NRO 3,5 C/B",18000.0,10,QUIROFANO(4),4000398,0.0,0.0
4000398,"TUBO ENDOTRAQUEAL NRO 3,5 C/B",18000.0,10,ADMINISTRACION,4000398,0.0,0.0
4000398,"TUBO ENDOTRAQUEAL NRO 3,5 C/B",18000.0,10,CARRO DE PARO,4000398,0.0,2.0
4000399,"TUBO ENDOTRAQUEAL NRO 3,5 S/B",18500.0,10,FARMACIA INTERNA(1),4000399,0.0,10.0
4000399,"TUBO ENDOTRAQUEAL NRO 3,5 S/B",18500.0,10,URGENCIAS(2),4000399,0.0,0.0
4000399,"TUBO ENDOTRAQUEAL NRO 3,5 S/B",18500.0,10,INTERNADO(3),4000399,0.0,0.0
4000399,"TUBO ENDOTRAQUEAL NRO 3,5 S/B",18500.0,10,QUIROFANO(4),4000399,0.0,0.0
4000399,"TUBO ENDOTRAQUEAL NRO 3,5 S/B",18500.0,10,ADMINISTRACION,4000399,0.0,0.0
4000399,"TUBO ENDOTRAQUEAL NRO 3,5 S/B",18500.0,10,CARRO DE PARO,4000399,0.0,0.0
4000400,"TUBO ENDOTRAQUEAL NRO 5,5 S/B",0.0,10,FARMACIA INTERNA(1),4000400,0.0,0.0
4000400,"TUBO ENDOTRAQUEAL NRO 5,5 S/B",0.0,10,URGENCIAS(2),4000400,0.0,0.0
4000400,"TUBO ENDOTRAQUEAL NRO 5,5 S/B",0.0,10,INTERNADO(3),4000400,0.0,0.0
4000400,"TUBO ENDOTRAQUEAL NRO 5,5 S/B",0.0,10,QUIROFANO(4),4000400,0.0,0.0
4000400,"TUBO ENDOTRAQUEAL NRO 5,5 S/B",0.0,10,ADMINISTRACION,4000400,0.0,0.0
4000400,"TUBO ENDOTRAQUEAL NRO 5,5 S/B",0.0,10,CARRO DE PARO,4000400,0.0,0.0
4000401,"TUBO ENDOTRAQUEAL NRO 9,0 C/B",0.0,10,FARMACIA INTERNA(1),4000401,0.0,0.0
4000401,"TUBO ENDOTRAQUEAL NRO 9,0 C/B",0.0,10,URGENCIAS(2),4000401,0.0,0.0
4000401,"TUBO ENDOTRAQUEAL NRO 9,0 C/B",0.0,10,INTERNADO(3),4000401,0.0,0.0
4000401,"TUBO ENDOTRAQUEAL NRO 9,0 C/B",0.0,10,QUIROFANO(4),4000401,0.0,0.0
4000401,"TUBO ENDOTRAQUEAL NRO 9,0 C/B",0.0,10,ADMINISTRACION,4000401,0.0,0.0
4000401,"TUBO ENDOTRAQUEAL NRO 9,0 C/B",0.0,10,CARRO DE PARO,4000401,0.0,0.0
4000402,TUBO NASAL 100MM NEO P/ CPAP,0.0,10,FARMACIA INTERNA(1),4000402,0.0,0.0
4000402,TUBO NASAL 100MM NEO P/ CPAP,0.0,10,URGENCIAS(2),4000402,0.0,0.0
4000402,TUBO NASAL 100MM NEO P/ CPAP,0.0,10,INTERNADO(3),4000402,0.0,0.0
4000402,TUBO NASAL 100MM NEO P/ CPAP,0.0,10,QUIROFANO(4),4000402,0.0,0.0
4000402,TUBO NASAL 100MM NEO P/ CPAP,0.0,10,ADMINISTRACION,4000402,0.0,0.0
4000402,TUBO NASAL 100MM NEO P/ CPAP,0.0,10,CARRO DE PARO,4000402,0.0,0.0
4000403,TUBO P/ DRENAJE MULTILUMEN 100%SILICON,177000.0,10,FARMACIA INTERNA(1),4000403,0.0,2.0
4000403,TUBO P/ DRENAJE MULTILUMEN 100%SILICON,177000.0,10,URGENCIAS(2),4000403,0.0,0.0
4000403,TUBO P/ DRENAJE MULTILUMEN 100%SILICON,177000.0,10,INTERNADO(3),4000403,0.0,0.0
4000403,TUBO P/ DRENAJE MULTILUMEN 100%SILICON,177000.0,10,QUIROFANO(4),4000403,0.0,0.0
4000403,TUBO P/ DRENAJE MULTILUMEN 100%SILICON,177000.0,10,ADMINISTRACION,4000403,0.0,0.0
4000403,TUBO P/ DRENAJE MULTILUMEN 100%SILICON,177000.0,10,CARRO DE PARO,4000403,0.0,0.0
4000404,VASELINA BLANCA GLORIMAR X 100GR,0.0,10,FARMACIA INTERNA(1),4000404,0.0,0.0
4000404,VASELINA BLANCA GLORIMAR X 100GR,0.0,10,URGENCIAS(2),4000404,0.0,0.0
4000404,VASELINA BLANCA GLORIMAR X 100GR,0.0,10,INTERNADO(3),4000404,0.0,0.0
4000404,VASELINA BLANCA GLORIMAR X 100GR,0.0,10,QUIROFANO(4),4000404,0.0,0.0
4000404,VASELINA BLANCA GLORIMAR X 100GR,0.0,10,ADMINISTRACION,4000404,0.0,0.0
4000404,VASELINA BLANCA GLORIMAR X 100GR,0.0,10,CARRO DE PARO,4000404,0.0,0.0
4000405,VASELINA LIQUIDA X 100 ML (GLORIMAR),0.0,10,FARMACIA INTERNA(1),4000405,0.0,0.0
4000405,VASELINA LIQUIDA X 100 ML (GLORIMAR),0.0,10,URGENCIAS(2),4000405,0.0,0.0
4000405,VASELINA LIQUIDA X 100 ML (GLORIMAR),0.0,10,INTERNADO(3),4000405,0.0,0.0
4000405,VASELINA LIQUIDA X 100 ML (GLORIMAR),0.0,10,QUIROFANO(4),4000405,0.0,0.0
4000405,VASELINA LIQUIDA X 100 ML (GLORIMAR),0.0,10,ADMINISTRACION,4000405,0.0,0.0
4000405,VASELINA LIQUIDA X 100 ML (GLORIMAR),0.0,10,CARRO DE PARO,4000405,0.0,0.0
4000406,VENDA CAMBRAI 10CM X 3M,0.0,10,FARMACIA INTERNA(1),4000406,0.0,0.0
4000406,VENDA CAMBRAI 10CM X 3M,0.0,10,URGENCIAS(2),4000406,0.0,0.0
4000406,VENDA CAMBRAI 10CM X 3M,0.0,10,INTERNADO(3),4000406,0.0,0.0
4000406,VENDA CAMBRAI 10CM X 3M,0.0,10,QUIROFANO(4),4000406,0.0,0.0
4000406,VENDA CAMBRAI 10CM X 3M,0.0,10,ADMINISTRACION,4000406,0.0,0.0
4000406,VENDA CAMBRAI 10CM X 3M,0.0,10,CARRO DE PARO,4000406,0.0,0.0
4000407,VENDA CAMBRAI 15CM X 3M,0.0,10,FARMACIA INTERNA(1),4000407,0.0,0.0
4000407,VENDA CAMBRAI 15CM X 3M,0.0,10,URGENCIAS(2),4000407,0.0,0.0
4000407,VENDA CAMBRAI 15CM X 3M,0.0,10,INTERNADO(3),4000407,0.0,0.0
4000407,VENDA CAMBRAI 15CM X 3M,0.0,10,QUIROFANO(4),4000407,0.0,0.0
4000407,VENDA CAMBRAI 15CM X 3M,0.0,10,ADMINISTRACION,4000407,0.0,0.0
4000407,VENDA CAMBRAI 15CM X 3M,0.0,10,CARRO DE PARO,4000407,0.0,0.0
4000408,"VENDA CAMBRAI 20CM X 4,5M",0.0,10,FARMACIA INTERNA(1),4000408,0.0,0.0
4000408,"VENDA CAMBRAI 20CM X 4,5M",0.0,10,URGENCIAS(2),4000408,0.0,0.0
4000408,"VENDA CAMBRAI 20CM X 4,5M",0.0,10,INTERNADO(3),4000408,0.0,0.0
4000408,"VENDA CAMBRAI 20CM X 4,5M",0.0,10,QUIROFANO(4),4000408,0.0,0.0
4000408,"VENDA CAMBRAI 20CM X 4,5M",0.0,10,ADMINISTRACION,4000408,0.0,0.0
4000408,"VENDA CAMBRAI 20CM X 4,5M",0.0,10,CARRO DE PARO,4000408,0.0,0.0
4000409,VENDA CAMBRAI 5CM X 3M,0.0,10,FARMACIA INTERNA(1),4000409,0.0,0.0
4000409,VENDA CAMBRAI 5CM X 3M,0.0,10,URGENCIAS(2),4000409,0.0,0.0
4000409,VENDA CAMBRAI 5CM X 3M,0.0,10,INTERNADO(3),4000409,0.0,0.0
4000409,VENDA CAMBRAI 5CM X 3M,0.0,10,QUIROFANO(4),4000409,0.0,0.0
4000409,VENDA CAMBRAI 5CM X 3M,0.0,10,ADMINISTRACION,4000409,0.0,0.0
4000409,VENDA CAMBRAI 5CM X 3M,0.0,10,CARRO DE PARO,4000409,0.0,0.0
4000410,VENDA CREPON CREMER 20 CM,16400.0,10,FARMACIA INTERNA(1),4000410,0.0,8.0
4000410,VENDA CREPON CREMER 20 CM,16400.0,10,URGENCIAS(2),4000410,0.0,4.0
4000410,VENDA CREPON CREMER 20 CM,16400.0,10,INTERNADO(3),4000410,0.0,0.0
4000410,VENDA CREPON CREMER 20 CM,16400.0,10,QUIROFANO(4),4000410,0.0,0.0
4000410,VENDA CREPON CREMER 20 CM,16400.0,10,ADMINISTRACION,4000410,0.0,0.0
4000410,VENDA CREPON CREMER 20 CM,16400.0,10,CARRO DE PARO,4000410,0.0,0.0
4000411,"VENDA ELASTICA 10CM X 2,5 MTRS",0.0,10,FARMACIA INTERNA(1),4000411,0.0,0.0
4000411,"VENDA ELASTICA 10CM X 2,5 MTRS",0.0,10,URGENCIAS(2),4000411,0.0,0.0
4000411,"VENDA ELASTICA 10CM X 2,5 MTRS",0.0,10,INTERNADO(3),4000411,0.0,0.0
4000411,"VENDA ELASTICA 10CM X 2,5 MTRS",0.0,10,QUIROFANO(4),4000411,0.0,0.0
4000411,"VENDA ELASTICA 10CM X 2,5 MTRS",0.0,10,ADMINISTRACION,4000411,0.0,0.0
4000411,"VENDA ELASTICA 10CM X 2,5 MTRS",0.0,10,CARRO DE PARO,4000411,0.0,0.0
4000412,VENDA ELASTICA 10CM X 5 M,0.0,10,FARMACIA INTERNA(1),4000412,0.0,0.0
4000412,VENDA ELASTICA 10CM X 5 M,0.0,10,URGENCIAS(2),4000412,0.0,0.0
4000412,VENDA ELASTICA 10CM X 5 M,0.0,10,INTERNADO(3),4000412,0.0,0.0
4000412,VENDA ELASTICA 10CM X 5 M,0.0,10,QUIROFANO(4),4000412,0.0,0.0
4000412,VENDA ELASTICA 10CM X 5 M,0.0,10,ADMINISTRACION,4000412,0.0,0.0
4000412,VENDA ELASTICA 10CM X 5 M,0.0,10,CARRO DE PARO,4000412,0.0,0.0
4000413,VENDA ELASTICA GRUESA 20CM X 3MTS,0.0,10,FARMACIA INTERNA(1),4000413,0.0,0.0
4000413,VENDA ELASTICA GRUESA 20CM X 3MTS,0.0,10,URGENCIAS(2),4000413,0.0,0.0
4000413,VENDA ELASTICA GRUESA 20CM X 3MTS,0.0,10,INTERNADO(3),4000413,0.0,0.0
4000413,VENDA ELASTICA GRUESA 20CM X 3MTS,0.0,10,QUIROFANO(4),4000413,0.0,0.0
4000413,VENDA ELASTICA GRUESA 20CM X 3MTS,0.0,10,ADMINISTRACION,4000413,0.0,0.0
4000413,VENDA ELASTICA GRUESA 20CM X 3MTS,0.0,10,CARRO DE PARO,4000413,0.0,0.0
4000414,VENDA ELASTICA MEDSUPAR 10CM X 4M,0.0,10,FARMACIA INTERNA(1),4000414,0.0,0.0
4000414,VENDA ELASTICA MEDSUPAR 10CM X 4M,0.0,10,URGENCIAS(2),4000414,0.0,0.0
4000414,VENDA ELASTICA MEDSUPAR 10CM X 4M,0.0,10,INTERNADO(3),4000414,0.0,0.0
4000414,VENDA ELASTICA MEDSUPAR 10CM X 4M,0.0,10,QUIROFANO(4),4000414,0.0,0.0
4000414,VENDA ELASTICA MEDSUPAR 10CM X 4M,0.0,10,ADMINISTRACION,4000414,0.0,0.0
4000414,VENDA ELASTICA MEDSUPAR 10CM X 4M,0.0,10,CARRO DE PARO,4000414,0.0,0.0
4000415,VENDA ELASTICA MEDSUPAR 15CM X 4 M,0.0,10,FARMACIA INTERNA(1),4000415,0.0,0.0
4000415,VENDA ELASTICA MEDSUPAR 15CM X 4 M,0.0,10,URGENCIAS(2),4000415,0.0,0.0
4000415,VENDA ELASTICA MEDSUPAR 15CM X 4 M,0.0,10,INTERNADO(3),4000415,0.0,0.0
4000415,VENDA ELASTICA MEDSUPAR 15CM X 4 M,0.0,10,QUIROFANO(4),4000415,0.0,0.0
4000415,VENDA ELASTICA MEDSUPAR 15CM X 4 M,0.0,10,ADMINISTRACION,4000415,0.0,0.0
4000415,VENDA ELASTICA MEDSUPAR 15CM X 4 M,0.0,10,CARRO DE PARO,4000415,0.0,0.0
4000416,VENDA ELASTICA MEDSUPAR 20CM X 4 M,0.0,10,FARMACIA INTERNA(1),4000416,0.0,0.0
4000416,VENDA ELASTICA MEDSUPAR 20CM X 4 M,0.0,10,URGENCIAS(2),4000416,0.0,0.0
4000416,VENDA ELASTICA MEDSUPAR 20CM X 4 M,0.0,10,INTERNADO(3),4000416,0.0,0.0
4000416,VENDA ELASTICA MEDSUPAR 20CM X 4 M,0.0,10,QUIROFANO(4),4000416,0.0,0.0
4000416,VENDA ELASTICA MEDSUPAR 20CM X 4 M,0.0,10,ADMINISTRACION,4000416,0.0,0.0
4000416,VENDA ELASTICA MEDSUPAR 20CM X 4 M,0.0,10,CARRO DE PARO,4000416,0.0,0.0
4000417,VENDA ELASTICA MEDSUPAR 5CM X 4 M,0.0,10,FARMACIA INTERNA(1),4000417,0.0,0.0
4000417,VENDA ELASTICA MEDSUPAR 5CM X 4 M,0.0,10,URGENCIAS(2),4000417,0.0,0.0
4000417,VENDA ELASTICA MEDSUPAR 5CM X 4 M,0.0,10,INTERNADO(3),4000417,0.0,0.0
4000417,VENDA ELASTICA MEDSUPAR 5CM X 4 M,0.0,10,QUIROFANO(4),4000417,0.0,0.0
4000417,VENDA ELASTICA MEDSUPAR 5CM X 4 M,0.0,10,ADMINISTRACION,4000417,0.0,0.0
4000417,VENDA ELASTICA MEDSUPAR 5CM X 4 M,0.0,10,CARRO DE PARO,4000417,0.0,0.0
4000418,VENDA ENYESADA CREMER 10 CM,12500.0,10,FARMACIA INTERNA(1),4000418,0.0,4.0
4000418,VENDA ENYESADA CREMER 10 CM,12500.0,10,URGENCIAS(2),4000418,0.0,2.0
4000418,VENDA ENYESADA CREMER 10 CM,12500.0,10,INTERNADO(3),4000418,0.0,0.0
4000418,VENDA ENYESADA CREMER 10 CM,12500.0,10,QUIROFANO(4),4000418,0.0,0.0
4000418,VENDA ENYESADA CREMER 10 CM,12500.0,10,ADMINISTRACION,4000418,0.0,0.0
4000418,VENDA ENYESADA CREMER 10 CM,12500.0,10,CARRO DE PARO,4000418,0.0,0.0
4000419,VENDA ENYESADA CREMER 15 CM,17900.0,10,FARMACIA INTERNA(1),4000419,0.0,5.0
4000419,VENDA ENYESADA CREMER 15 CM,17900.0,10,URGENCIAS(2),4000419,0.0,5.0
4000419,VENDA ENYESADA CREMER 15 CM,17900.0,10,INTERNADO(3),4000419,0.0,0.0
4000419,VENDA ENYESADA CREMER 15 CM,17900.0,10,QUIROFANO(4),4000419,0.0,0.0
4000419,VENDA ENYESADA CREMER 15 CM,17900.0,10,ADMINISTRACION,4000419,0.0,0.0
4000419,VENDA ENYESADA CREMER 15 CM,17900.0,10,CARRO DE PARO,4000419,0.0,0.0
4000420,VENDA ENYESADA CREMER 20 CM,22900.0,10,FARMACIA INTERNA(1),4000420,0.0,2.0
4000420,VENDA ENYESADA CREMER 20 CM,22900.0,10,URGENCIAS(2),4000420,0.0,1.0
4000420,VENDA ENYESADA CREMER 20 CM,22900.0,10,INTERNADO(3),4000420,0.0,0.0
4000420,VENDA ENYESADA CREMER 20 CM,22900.0,10,QUIROFANO(4),4000420,0.0,0.0
4000420,VENDA ENYESADA CREMER 20 CM,22900.0,10,ADMINISTRACION,4000420,0.0,0.0
4000420,VENDA ENYESADA CREMER 20 CM,22900.0,10,CARRO DE PARO,4000420,0.0,0.0
4000421,VENDA SEMIELASTICA 10CM NEVE,0.0,10,FARMACIA INTERNA(1),4000421,0.0,0.0
4000421,VENDA SEMIELASTICA 10CM NEVE,0.0,10,URGENCIAS(2),4000421,0.0,0.0
4000421,VENDA SEMIELASTICA 10CM NEVE,0.0,10,INTERNADO(3),4000421,0.0,0.0
4000421,VENDA SEMIELASTICA 10CM NEVE,0.0,10,QUIROFANO(4),4000421,0.0,0.0
4000421,VENDA SEMIELASTICA 10CM NEVE,0.0,10,ADMINISTRACION,4000421,0.0,0.0
4000421,VENDA SEMIELASTICA 10CM NEVE,0.0,10,CARRO DE PARO,4000421,0.0,0.0
4000422,VENDA SEMIELASTICA 15CM NEVE,0.0,10,FARMACIA INTERNA(1),4000422,0.0,0.0
4000422,VENDA SEMIELASTICA 15CM NEVE,0.0,10,URGENCIAS(2),4000422,0.0,0.0
4000422,VENDA SEMIELASTICA 15CM NEVE,0.0,10,INTERNADO(3),4000422,0.0,0.0
4000422,VENDA SEMIELASTICA 15CM NEVE,0.0,10,QUIROFANO(4),4000422,0.0,0.0
4000422,VENDA SEMIELASTICA 15CM NEVE,0.0,10,ADMINISTRACION,4000422,0.0,0.0
4000422,VENDA SEMIELASTICA 15CM NEVE,0.0,10,CARRO DE PARO,4000422,0.0,0.0
4000423,VENDA SEMIELASTICA 20CM NEVE,0.0,10,FARMACIA INTERNA(1),4000423,0.0,0.0
4000423,VENDA SEMIELASTICA 20CM NEVE,0.0,10,URGENCIAS(2),4000423,0.0,0.0
4000423,VENDA SEMIELASTICA 20CM NEVE,0.0,10,INTERNADO(3),4000423,0.0,0.0
4000423,VENDA SEMIELASTICA 20CM NEVE,0.0,10,QUIROFANO(4),4000423,0.0,0.0
4000423,VENDA SEMIELASTICA 20CM NEVE,0.0,10,ADMINISTRACION,4000423,0.0,0.0
4000423,VENDA SEMIELASTICA 20CM NEVE,0.0,10,CARRO DE PARO,4000423,0.0,0.0
4000424,"VENDA SEMIELASTICA 5CM X 2,2MTRS",0.0,10,FARMACIA INTERNA(1),4000424,0.0,0.0
4000424,"VENDA SEMIELASTICA 5CM X 2,2MTRS",0.0,10,URGENCIAS(2),4000424,0.0,0.0
4000424,"VENDA SEMIELASTICA 5CM X 2,2MTRS",0.0,10,INTERNADO(3),4000424,0.0,0.0
4000424,"VENDA SEMIELASTICA 5CM X 2,2MTRS",0.0,10,QUIROFANO(4),4000424,0.0,0.0
4000424,"VENDA SEMIELASTICA 5CM X 2,2MTRS",0.0,10,ADMINISTRACION,4000424,0.0,0.0
4000424,"VENDA SEMIELASTICA 5CM X 2,2MTRS",0.0,10,CARRO DE PARO,4000424,0.0,0.0
4000425,VICRYL 0 ETHICON,0.0,10,FARMACIA INTERNA(1),4000425,0.0,0.0
4000425,VICRYL 0 ETHICON,0.0,10,URGENCIAS(2),4000425,0.0,0.0
4000425,VICRYL 0 ETHICON,0.0,10,INTERNADO(3),4000425,0.0,0.0
4000425,VICRYL 0 ETHICON,0.0,10,QUIROFANO(4),4000425,0.0,0.0
4000425,VICRYL 0 ETHICON,0.0,10,ADMINISTRACION,4000425,0.0,0.0
4000425,VICRYL 0 ETHICON,0.0,10,CARRO DE PARO,4000425,0.0,0.0
4000426,VICRYL 2-0 ETHICON,0.0,10,FARMACIA INTERNA(1),4000426,0.0,0.0
4000426,VICRYL 2-0 ETHICON,0.0,10,URGENCIAS(2),4000426,0.0,0.0
4000426,VICRYL 2-0 ETHICON,0.0,10,INTERNADO(3),4000426,0.0,0.0
4000426,VICRYL 2-0 ETHICON,0.0,10,QUIROFANO(4),4000426,0.0,0.0
4000426,VICRYL 2-0 ETHICON,0.0,10,ADMINISTRACION,4000426,0.0,0.0
4000426,VICRYL 2-0 ETHICON,0.0,10,CARRO DE PARO,4000426,0.0,0.0
4000427,VICRYL 2-0 SH,0.0,10,FARMACIA INTERNA(1),4000427,0.0,0.0
4000427,VICRYL 2-0 SH,0.0,10,URGENCIAS(2),4000427,0.0,0.0
4000427,VICRYL 2-0 SH,0.0,10,INTERNADO(3),4000427,0.0,0.0
4000427,VICRYL 2-0 SH,0.0,10,QUIROFANO(4),4000427,0.0,0.0
4000427,VICRYL 2-0 SH,0.0,10,ADMINISTRACION,4000427,0.0,0.0
4000427,VICRYL 2-0 SH,0.0,10,CARRO DE PARO,4000427,0.0,0.0
4000428,VICRYL 3-0 SH ETHICON,0.0,10,FARMACIA INTERNA(1),4000428,0.0,0.0
4000428,VICRYL 3-0 SH ETHICON,0.0,10,URGENCIAS(2),4000428,0.0,0.0
4000428,VICRYL 3-0 SH ETHICON,0.0,10,INTERNADO(3),4000428,0.0,0.0
4000428,VICRYL 3-0 SH ETHICON,0.0,10,QUIROFANO(4),4000428,0.0,0.0
4000428,VICRYL 3-0 SH ETHICON,0.0,10,ADMINISTRACION,4000428,0.0,0.0
4000428,VICRYL 3-0 SH ETHICON,0.0,10,CARRO DE PARO,4000428,0.0,0.0
4000429,VICRYL 6-0 45CM S-14 1/4 (DOBLE AGUJA),0.0,10,FARMACIA INTERNA(1),4000429,0.0,0.0
4000429,VICRYL 6-0 45CM S-14 1/4 (DOBLE AGUJA),0.0,10,URGENCIAS(2),4000429,0.0,0.0
4000429,VICRYL 6-0 45CM S-14 1/4 (DOBLE AGUJA),0.0,10,INTERNADO(3),4000429,0.0,0.0
4000429,VICRYL 6-0 45CM S-14 1/4 (DOBLE AGUJA),0.0,10,QUIROFANO(4),4000429,0.0,0.0
4000429,VICRYL 6-0 45CM S-14 1/4 (DOBLE AGUJA),0.0,10,ADMINISTRACION,4000429,0.0,0.0
4000429,VICRYL 6-0 45CM S-14 1/4 (DOBLE AGUJA),0.0,10,CARRO DE PARO,4000429,0.0,0.0
4000430,VICRYL PLUS 4-0 SH 1/2 26MM 70CM ETHICON,0.0,10,FARMACIA INTERNA(1),4000430,0.0,0.0
4000430,VICRYL PLUS 4-0 SH 1/2 26MM 70CM ETHICON,0.0,10,URGENCIAS(2),4000430,0.0,0.0
4000430,VICRYL PLUS 4-0 SH 1/2 26MM 70CM ETHICON,0.0,10,INTERNADO(3),4000430,0.0,0.0
4000430,VICRYL PLUS 4-0 SH 1/2 26MM 70CM ETHICON,0.0,10,QUIROFANO(4),4000430,0.0,0.0
4000430,VICRYL PLUS 4-0 SH 1/2 26MM 70CM ETHICON,0.0,10,ADMINISTRACION,4000430,0.0,0.0
4000430,VICRYL PLUS 4-0 SH 1/2 26MM 70CM ETHICON,0.0,10,CARRO DE PARO,4000430,0.0,0.0
4000431,VISOR PROTECTOR FACIAL,0.0,10,FARMACIA INTERNA(1),4000431,0.0,0.0
4000431,VISOR PROTECTOR FACIAL,0.0,10,URGENCIAS(2),4000431,0.0,0.0
4000431,VISOR PROTECTOR FACIAL,0.0,10,INTERNADO(3),4000431,0.0,0.0
4000431,VISOR PROTECTOR FACIAL,0.0,10,QUIROFANO(4),4000431,0.0,0.0
4000431,VISOR PROTECTOR FACIAL,0.0,10,ADMINISTRACION,4000431,0.0,0.0
4000431,VISOR PROTECTOR FACIAL,0.0,10,CARRO DE PARO,4000431,0.0,0.0
4000432,V-LOC 2/0 - 26MM - 1/2 X 30CM,0.0,10,FARMACIA INTERNA(1),4000432,0.0,0.0
4000432,V-LOC 2/0 - 26MM - 1/2 X 30CM,0.0,10,URGENCIAS(2),4000432,0.0,0.0
4000432,V-LOC 2/0 - 26MM - 1/2 X 30CM,0.0,10,INTERNADO(3),4000432,0.0,0.0
4000432,V-LOC 2/0 - 26MM - 1/2 X 30CM,0.0,10,QUIROFANO(4),4000432,0.0,0.0
4000432,V-LOC 2/0 - 26MM - 1/2 X 30CM,0.0,10,ADMINISTRACION,4000432,0.0,0.0
4000432,V-LOC 2/0 - 26MM - 1/2 X 30CM,0.0,10,CARRO DE PARO,4000432,0.0,0.0
4000433,V-LOC 3-0 - 1/2 X 15CM,0.0,10,FARMACIA INTERNA(1),4000433,0.0,0.0
4000433,V-LOC 3-0 - 1/2 X 15CM,0.0,10,URGENCIAS(2),4000433,0.0,0.0
4000433,V-LOC 3-0 - 1/2 X 15CM,0.0,10,INTERNADO(3),4000433,0.0,0.0
4000433,V-LOC 3-0 - 1/2 X 15CM,0.0,10,QUIROFANO(4),4000433,0.0,0.0
4000433,V-LOC 3-0 - 1/2 X 15CM,0.0,10,ADMINISTRACION,4000433,0.0,0.0
4000433,V-LOC 3-0 - 1/2 X 15CM,0.0,10,CARRO DE PARO,4000433,0.0,0.0
4000434,V-LOC 3-0 - 1/2 X 45CM,0.0,10,FARMACIA INTERNA(1),4000434,0.0,0.0
4000434,V-LOC 3-0 - 1/2 X 45CM,0.0,10,URGENCIAS(2),4000434,0.0,0.0
4000434,V-LOC 3-0 - 1/2 X 45CM,0.0,10,INTERNADO(3),4000434,0.0,0.0
4000434,V-LOC 3-0 - 1/2 X 45CM,0.0,10,QUIROFANO(4),4000434,0.0,0.0
4000434,V-LOC 3-0 - 1/2 X 45CM,0.0,10,ADMINISTRACION,4000434,0.0,0.0
4000434,V-LOC 3-0 - 1/2 X 45CM,0.0,10,CARRO DE PARO,4000434,0.0,0.0
4000436,BOLSA PATOLOGICA ROJA P/ 150LTS X 10,50000.0,10,FARMACIA INTERNA(1),4000436,0.0,3.0
4000437,DESCARTADOR DE DESECHOS 13LTS,13200.0,10,FARMACIA INTERNA(1),4000437,0.0,0.0
4000437,DESCARTADOR DE DESECHOS 13LTS,13200.0,10,URGENCIAS(2),4000437,0.0,0.0
4000437,DESCARTADOR DE DESECHOS 13LTS,13200.0,10,INTERNADO(3),4000437,0.0,0.0
4000437,DESCARTADOR DE DESECHOS 13LTS,13200.0,10,QUIROFANO(4),4000437,0.0,0.0
4000437,DESCARTADOR DE DESECHOS 13LTS,13200.0,10,ADMINISTRACION,4000437,0.0,0.0
4000437,DESCARTADOR DE DESECHOS 13LTS,13200.0,10,CARRO DE PARO,4000437,0.0,0.0
4000438,APARATO DE PRESION AUTOMATICO (MICROLIFE),330000.0,10,FARMACIA INTERNA(1),4000438,0.0,1.0
4000438,APARATO DE PRESION AUTOMATICO (MICROLIFE),330000.0,10,URGENCIAS(2),4000438,0.0,0.0
4000438,APARATO DE PRESION AUTOMATICO (MICROLIFE),330000.0,10,INTERNADO(3),4000438,0.0,0.0
4000438,APARATO DE PRESION AUTOMATICO (MICROLIFE),330000.0,10,QUIROFANO(4),4000438,0.0,0.0
4000438,APARATO DE PRESION AUTOMATICO (MICROLIFE),330000.0,10,ADMINISTRACION,4000438,0.0,0.0
4000438,APARATO DE PRESION AUTOMATICO (MICROLIFE),330000.0,10,CARRO DE PARO,4000438,0.0,0.0
4000440,AGENDA PEDIATRICA SX DE DOWN,50000.0,10,FARMACIA INTERNA(1),4000440,0.0,2.0
4000440,AGENDA PEDIATRICA SX DE DOWN,50000.0,10,URGENCIAS(2),4000440,0.0,0.0
4000440,AGENDA PEDIATRICA SX DE DOWN,50000.0,10,INTERNADO(3),4000440,0.0,0.0
4000440,AGENDA PEDIATRICA SX DE DOWN,50000.0,10,QUIROFANO(4),4000440,0.0,0.0
4000440,AGENDA PEDIATRICA SX DE DOWN,50000.0,10,ADMINISTRACION,4000440,0.0,0.0
4000440,AGENDA PEDIATRICA SX DE DOWN,50000.0,10,CARRO DE PARO,4000440,0.0,0.0
4000441,PAÑAL ADULTO M (MILI) X 1,8000.0,10,FARMACIA INTERNA(1),4000441,0.0,0.0
4000441,PAÑAL ADULTO M (MILI) X 1,8000.0,10,URGENCIAS(2),4000441,0.0,0.0
4000441,PAÑAL ADULTO M (MILI) X 1,8000.0,10,INTERNADO(3),4000441,0.0,0.0
4000441,PAÑAL ADULTO M (MILI) X 1,8000.0,10,QUIROFANO(4),4000441,0.0,0.0
4000441,PAÑAL ADULTO M (MILI) X 1,8000.0,10,ADMINISTRACION,4000441,0.0,0.0
4000441,PAÑAL ADULTO M (MILI) X 1,8000.0,10,CARRO DE PARO,4000441,0.0,0.0
4000442,PAÑAL ADULTO G (MILI) X 1,9000.0,10,FARMACIA INTERNA(1),4000442,0.0,0.0
4000442,PAÑAL ADULTO G (MILI) X 1,9000.0,10,URGENCIAS(2),4000442,0.0,0.0
4000442,PAÑAL ADULTO G (MILI) X 1,9000.0,10,INTERNADO(3),4000442,0.0,0.0
4000442,PAÑAL ADULTO G (MILI) X 1,9000.0,10,QUIROFANO(4),4000442,0.0,0.0
4000442,PAÑAL ADULTO G (MILI) X 1,9000.0,10,ADMINISTRACION,4000442,0.0,0.0
4000442,PAÑAL ADULTO G (MILI) X 1,9000.0,10,CARRO DE PARO,4000442,0.0,0.0
4000443,BOLSA PATOLOGICA BLANCA P/ 150LTS X 10,50000.0,10,FARMACIA INTERNA(1),4000443,0.0,2.0
4000443,BOLSA PATOLOGICA BLANCA P/ 150LTS X 10,50000.0,10,URGENCIAS(2),4000443,0.0,0.0
4000443,BOLSA PATOLOGICA BLANCA P/ 150LTS X 10,50000.0,10,INTERNADO(3),4000443,0.0,0.0
4000443,BOLSA PATOLOGICA BLANCA P/ 150LTS X 10,50000.0,10,QUIROFANO(4),4000443,0.0,0.0
4000443,BOLSA PATOLOGICA BLANCA P/ 150LTS X 10,50000.0,10,ADMINISTRACION,4000443,0.0,0.0
4000443,BOLSA PATOLOGICA BLANCA P/ 150LTS X 10,50000.0,10,CARRO DE PARO,4000443,0.0,0.0
4000444,CUBRE CALZADOS C/ ANTIDESLIZANTES PAQ X 100,60000.0,10,FARMACIA INTERNA(1),4000444,0.0,0.0
4000444,CUBRE CALZADOS C/ ANTIDESLIZANTES PAQ X 100,60000.0,10,URGENCIAS(2),4000444,0.0,0.0
4000444,CUBRE CALZADOS C/ ANTIDESLIZANTES PAQ X 100,60000.0,10,INTERNADO(3),4000444,0.0,0.0
4000444,CUBRE CALZADOS C/ ANTIDESLIZANTES PAQ X 100,60000.0,10,QUIROFANO(4),4000444,0.0,0.0
4000444,CUBRE CALZADOS C/ ANTIDESLIZANTES PAQ X 100,60000.0,10,ADMINISTRACION,4000444,0.0,0.0
4000444,CUBRE CALZADOS C/ ANTIDESLIZANTES PAQ X 100,60000.0,10,CARRO DE PARO,4000444,0.0,0.0
4000445,BOLSA PATOLOGICA BLANCA 50X60X40 P/ 40LTS,0.0,10,FARMACIA INTERNA(1),4000445,0.0,0.0
4000445,BOLSA PATOLOGICA BLANCA 50X60X40 P/ 40LTS,0.0,10,URGENCIAS(2),4000445,0.0,0.0
4000445,BOLSA PATOLOGICA BLANCA 50X60X40 P/ 40LTS,0.0,10,INTERNADO(3),4000445,0.0,0.0
4000445,BOLSA PATOLOGICA BLANCA 50X60X40 P/ 40LTS,0.0,10,QUIROFANO(4),4000445,0.0,0.0
4000445,BOLSA PATOLOGICA BLANCA 50X60X40 P/ 40LTS,0.0,10,ADMINISTRACION,4000445,0.0,0.0
4000445,BOLSA PATOLOGICA BLANCA 50X60X40 P/ 40LTS,0.0,10,CARRO DE PARO,4000445,0.0,0.0
4000446,HALOCEFALICO PEQUEÑO,648000.0,10,FARMACIA INTERNA(1),4000446,0.0,1.0
4000446,HALOCEFALICO PEQUEÑO,648000.0,10,URGENCIAS(2),4000446,0.0,0.0
4000446,HALOCEFALICO PEQUEÑO,648000.0,10,INTERNADO(3),4000446,0.0,0.0
4000446,HALOCEFALICO PEQUEÑO,648000.0,10,QUIROFANO(4),4000446,0.0,0.0
4000446,HALOCEFALICO PEQUEÑO,648000.0,10,ADMINISTRACION,4000446,0.0,0.0
4000446,HALOCEFALICO PEQUEÑO,648000.0,10,CARRO DE PARO,4000446,0.0,0.0
4000447,HALOCEFALICO MEDIANO,648000.0,10,FARMACIA INTERNA(1),4000447,0.0,1.0
4000447,HALOCEFALICO MEDIANO,648000.0,10,URGENCIAS(2),4000447,0.0,0.0
4000447,HALOCEFALICO MEDIANO,648000.0,10,INTERNADO(3),4000447,0.0,0.0
4000447,HALOCEFALICO MEDIANO,648000.0,10,QUIROFANO(4),4000447,0.0,0.0
4000447,HALOCEFALICO MEDIANO,648000.0,10,ADMINISTRACION,4000447,0.0,0.0
4000447,HALOCEFALICO MEDIANO,648000.0,10,CARRO DE PARO,4000447,0.0,0.0
4000448,HALOCEFALICO GRANDE,648000.0,10,FARMACIA INTERNA(1),4000448,0.0,1.0
4000448,HALOCEFALICO GRANDE,648000.0,10,URGENCIAS(2),4000448,0.0,0.0
4000448,HALOCEFALICO GRANDE,648000.0,10,INTERNADO(3),4000448,0.0,0.0
4000448,HALOCEFALICO GRANDE,648000.0,10,QUIROFANO(4),4000448,0.0,0.0
4000448,HALOCEFALICO GRANDE,648000.0,10,ADMINISTRACION,4000448,0.0,0.0
4000448,HALOCEFALICO GRANDE,648000.0,10,CARRO DE PARO,4000448,0.0,0.0
4000449,AZUL DE METILENO DE 1L,158000.0,10,FARMACIA INTERNA(1),4000449,0.0,2.0
4000449,AZUL DE METILENO DE 1L,158000.0,10,URGENCIAS(2),4000449,0.0,0.0
4000449,AZUL DE METILENO DE 1L,158000.0,10,INTERNADO(3),4000449,0.0,0.0
4000449,AZUL DE METILENO DE 1L,158000.0,10,QUIROFANO(4),4000449,0.0,0.0
4000449,AZUL DE METILENO DE 1L,158000.0,10,ADMINISTRACION,4000449,0.0,0.0
4000449,AZUL DE METILENO DE 1L,158000.0,10,CARRO DE PARO,4000449,0.0,0.0
4000450,TAPA RABO QX X UNIDAD,10000.0,10,FARMACIA INTERNA(1),4000450,0.0,3.0
4000450,TAPA RABO QX X UNIDAD,10000.0,10,URGENCIAS(2),4000450,0.0,1.0
4000450,TAPA RABO QX X UNIDAD,10000.0,10,INTERNADO(3),4000450,0.0,0.0
4000450,TAPA RABO QX X UNIDAD,10000.0,10,QUIROFANO(4),4000450,0.0,0.0
4000450,TAPA RABO QX X UNIDAD,10000.0,10,ADMINISTRACION,4000450,0.0,0.0
4000450,TAPA RABO QX X UNIDAD,10000.0,10,CARRO DE PARO,4000450,0.0,0.0
4000451,OSITO COLORS VARIOS (ROPA PARA BEBE),0.0,10,FARMACIA INTERNA(1),4000451,0.0,0.0
4000451,OSITO COLORS VARIOS (ROPA PARA BEBE),0.0,10,URGENCIAS(2),4000451,0.0,0.0
4000451,OSITO COLORS VARIOS (ROPA PARA BEBE),0.0,10,INTERNADO(3),4000451,0.0,0.0
4000451,OSITO COLORS VARIOS (ROPA PARA BEBE),0.0,10,QUIROFANO(4),4000451,0.0,0.0
4000451,OSITO COLORS VARIOS (ROPA PARA BEBE),0.0,10,ADMINISTRACION,4000451,0.0,0.0
4000451,OSITO COLORS VARIOS (ROPA PARA BEBE),0.0,10,CARRO DE PARO,4000451,0.0,0.0
4000452,PANTALON INT COLORES VARIOS (ROPA PARA BEBE),0.0,10,FARMACIA INTERNA(1),4000452,0.0,0.0
4000452,PANTALON INT COLORES VARIOS (ROPA PARA BEBE),0.0,10,URGENCIAS(2),4000452,0.0,0.0
4000452,PANTALON INT COLORES VARIOS (ROPA PARA BEBE),0.0,10,INTERNADO(3),4000452,0.0,0.0
4000452,PANTALON INT COLORES VARIOS (ROPA PARA BEBE),0.0,10,QUIROFANO(4),4000452,0.0,0.0
4000452,PANTALON INT COLORES VARIOS (ROPA PARA BEBE),0.0,10,ADMINISTRACION,4000452,0.0,0.0
4000452,PANTALON INT COLORES VARIOS (ROPA PARA BEBE),0.0,10,CARRO DE PARO,4000452,0.0,0.0
4000453,BODY LISO COLORES VARIOS (ROPA PARA BEBE),0.0,10,FARMACIA INTERNA(1),4000453,0.0,0.0
4000453,BODY LISO COLORES VARIOS (ROPA PARA BEBE),0.0,10,URGENCIAS(2),4000453,0.0,0.0
4000453,BODY LISO COLORES VARIOS (ROPA PARA BEBE),0.0,10,INTERNADO(3),4000453,0.0,0.0
4000453,BODY LISO COLORES VARIOS (ROPA PARA BEBE),0.0,10,QUIROFANO(4),4000453,0.0,0.0
4000453,BODY LISO COLORES VARIOS (ROPA PARA BEBE),0.0,10,ADMINISTRACION,4000453,0.0,0.0
4000453,BODY LISO COLORES VARIOS (ROPA PARA BEBE),0.0,10,CARRO DE PARO,4000453,0.0,0.0
4000454,GORRO/MANOPLA COLORES VARIOS (ACCESORIOS PARA BEBE),0.0,10,FARMACIA INTERNA(1),4000454,0.0,0.0
4000454,GORRO/MANOPLA COLORES VARIOS (ACCESORIOS PARA BEBE),0.0,10,URGENCIAS(2),4000454,0.0,0.0
4000454,GORRO/MANOPLA COLORES VARIOS (ACCESORIOS PARA BEBE),0.0,10,INTERNADO(3),4000454,0.0,0.0
4000454,GORRO/MANOPLA COLORES VARIOS (ACCESORIOS PARA BEBE),0.0,10,QUIROFANO(4),4000454,0.0,0.0
4000454,GORRO/MANOPLA COLORES VARIOS (ACCESORIOS PARA BEBE),0.0,10,ADMINISTRACION,4000454,0.0,0.0
4000454,GORRO/MANOPLA COLORES VARIOS (ACCESORIOS PARA BEBE),0.0,10,CARRO DE PARO,4000454,0.0,0.0
4000455,FRAZADITA MAXIPLUS COLORES VARIOS (PARA AJUAR),68000.0,10,FARMACIA INTERNA(1),4000455,0.0,0.0
4000455,FRAZADITA MAXIPLUS COLORES VARIOS (PARA AJUAR),68000.0,10,URGENCIAS(2),4000455,0.0,0.0
4000455,FRAZADITA MAXIPLUS COLORES VARIOS (PARA AJUAR),68000.0,10,INTERNADO(3),4000455,0.0,0.0
4000455,FRAZADITA MAXIPLUS COLORES VARIOS (PARA AJUAR),68000.0,10,QUIROFANO(4),4000455,0.0,0.0
4000455,FRAZADITA MAXIPLUS COLORES VARIOS (PARA AJUAR),68000.0,10,ADMINISTRACION,4000455,0.0,0.0
4000455,FRAZADITA MAXIPLUS COLORES VARIOS (PARA AJUAR),68000.0,10,CARRO DE PARO,4000455,0.0,0.0
4000456,AJUAR CELESTE RN 5 PIEZAS (D MAMA),155000.0,10,FARMACIA INTERNA(1),4000456,0.0,1.0
4000456,AJUAR CELESTE RN 5 PIEZAS (D MAMA),155000.0,10,URGENCIAS(2),4000456,0.0,0.0
4000456,AJUAR CELESTE RN 5 PIEZAS (D MAMA),155000.0,10,INTERNADO(3),4000456,0.0,0.0
4000456,AJUAR CELESTE RN 5 PIEZAS (D MAMA),155000.0,10,QUIROFANO(4),4000456,0.0,0.0
4000456,AJUAR CELESTE RN 5 PIEZAS (D MAMA),155000.0,10,ADMINISTRACION,4000456,0.0,0.0
4000456,AJUAR CELESTE RN 5 PIEZAS (D MAMA),155000.0,10,CARRO DE PARO,4000456,0.0,0.0
4000457,AJUAR ROSA RN 5 PIEZAS (D MAMA),155000.0,10,FARMACIA INTERNA(1),4000457,0.0,1.0
4000457,AJUAR ROSA RN 5 PIEZAS (D MAMA),155000.0,10,URGENCIAS(2),4000457,0.0,0.0
4000457,AJUAR ROSA RN 5 PIEZAS (D MAMA),155000.0,10,INTERNADO(3),4000457,0.0,0.0
4000457,AJUAR ROSA RN 5 PIEZAS (D MAMA),155000.0,10,QUIROFANO(4),4000457,0.0,0.0
4000457,AJUAR ROSA RN 5 PIEZAS (D MAMA),155000.0,10,ADMINISTRACION,4000457,0.0,0.0
4000457,AJUAR ROSA RN 5 PIEZAS (D MAMA),155000.0,10,CARRO DE PARO,4000457,0.0,0.0
4000458,AJUAR BLANCO RN 5 PIEZAS (D MAMA),155000.0,10,FARMACIA INTERNA(1),4000458,0.0,1.0
4000458,AJUAR BLANCO RN 5 PIEZAS (D MAMA),155000.0,10,URGENCIAS(2),4000458,0.0,0.0
4000458,AJUAR BLANCO RN 5 PIEZAS (D MAMA),155000.0,10,INTERNADO(3),4000458,0.0,0.0
4000458,AJUAR BLANCO RN 5 PIEZAS (D MAMA),155000.0,10,QUIROFANO(4),4000458,0.0,0.0
4000458,AJUAR BLANCO RN 5 PIEZAS (D MAMA),155000.0,10,ADMINISTRACION,4000458,0.0,0.0
4000458,AJUAR BLANCO RN 5 PIEZAS (D MAMA),155000.0,10,CARRO DE PARO,4000458,0.0,0.0
500000,IMG. DE RADIOGRAFIA,180000.0,10,INTERNADO(3),500000,0.0,0.0
500000,IMG. DE RADIOGRAFIA,180000.0,10,QUIROFANO(4),500000,0.0,0.0
500000,IMG. DE RADIOGRAFIA,180000.0,10,ADMINISTRACION,500000,0.0,0.0
500001,IMG. DE RADIOGRAFIA 2P,230000.0,10,INTERNADO(3),500001,0.0,0.0
500001,IMG. DE RADIOGRAFIA 2P,230000.0,10,QUIROFANO(4),500001,0.0,0.0
500001,IMG. DE RADIOGRAFIA 2P,230000.0,10,ADMINISTRACION,500001,0.0,0.0
600000,SERVICIO DE ENVIO DE MERCADERIAS,0.0,10,ADMINISTRACION,600000,0.0,0.0
700000,ECOGRAFIA ABDOMINAL,230000.0,10,FARMACIA INTERNA(1),700000,0.0,0.0
700000,ECOGRAFIA ABDOMINAL,230000.0,10,INTERNADO(3),700000,0.0,0.0
700000,ECOGRAFIA ABDOMINAL,230000.0,10,QUIROFANO(4),700000,0.0,0.0
700000,ECOGRAFIA ABDOMINAL,230000.0,10,ADMINISTRACION,700000,0.0,0.0
700001,ECOGRAFIA RENAL,230000.0,10,INTERNADO(3),700001,0.0,0.0
700001,ECOGRAFIA RENAL,230000.0,10,QUIROFANO(4),700001,0.0,0.0
700001,ECOGRAFIA RENAL,230000.0,10,ADMINISTRACION,700001,0.0,0.0
700002,ECOGRAFIA DE PARTES BLANDAS,350000.0,10,FARMACIA INTERNA(1),700002,0.0,0.0
700002,ECOGRAFIA DE PARTES BLANDAS,350000.0,10,INTERNADO(3),700002,0.0,0.0
700002,ECOGRAFIA DE PARTES BLANDAS,350000.0,10,QUIROFANO(4),700002,0.0,0.0
700002,ECOGRAFIA DE PARTES BLANDAS,350000.0,10,ADMINISTRACION,700002,0.0,0.0
700003,ECOGRAFIA PROSTATICA,350000.0,10,FARMACIA INTERNA(1),700003,0.0,0.0
700003,ECOGRAFIA PROSTATICA,350000.0,10,INTERNADO(3),700003,0.0,0.0
700003,ECOGRAFIA PROSTATICA,350000.0,10,QUIROFANO(4),700003,0.0,0.0
700003,ECOGRAFIA PROSTATICA,350000.0,10,ADMINISTRACION,700003,0.0,0.0
700004,ECOGRAFIA TIROIDEA,350000.0,10,FARMACIA INTERNA(1),700004,0.0,0.0
700004,ECOGRAFIA TIROIDEA,350000.0,10,URGENCIAS(2),700004,0.0,0.0
700004,ECOGRAFIA TIROIDEA,350000.0,10,INTERNADO(3),700004,0.0,0.0
700004,ECOGRAFIA TIROIDEA,350000.0,10,QUIROFANO(4),700004,0.0,0.0
700004,ECOGRAFIA TIROIDEA,350000.0,10,ADMINISTRACION,700004,0.0,0.0
700005,ECOGRAFIA MAMARIA,350000.0,10,FARMACIA INTERNA(1),700005,0.0,0.0
700005,ECOGRAFIA MAMARIA,350000.0,10,URGENCIAS(2),700005,0.0,0.0
700005,ECOGRAFIA MAMARIA,350000.0,10,INTERNADO(3),700005,0.0,0.0
700005,ECOGRAFIA MAMARIA,350000.0,10,QUIROFANO(4),700005,0.0,0.0
700005,ECOGRAFIA MAMARIA,350000.0,10,ADMINISTRACION,700005,0.0,0.0
8000002,PINZA ANATOMICA 14 CM CON DIENTE MEDIBEL,55000.0,10,FARMACIA INTERNA(1),8000002,0.0,0.0
8000002,PINZA ANATOMICA 14 CM CON DIENTE MEDIBEL,55000.0,10,URGENCIAS(2),8000002,0.0,0.0
8000002,PINZA ANATOMICA 14 CM CON DIENTE MEDIBEL,55000.0,10,INTERNADO(3),8000002,0.0,0.0
8000002,PINZA ANATOMICA 14 CM CON DIENTE MEDIBEL,55000.0,10,QUIROFANO(4),8000002,0.0,0.0
8000002,PINZA ANATOMICA 14 CM CON DIENTE MEDIBEL,55000.0,10,ADMINISTRACION,8000002,0.0,6.0
8000002,PINZA ANATOMICA 14 CM CON DIENTE MEDIBEL,55000.0,10,CARRO DE PARO,8000002,0.0,0.0
8000003,TIJERA METZEMBAUM 18 CM RECTA MEDIBEL,95000.0,10,FARMACIA INTERNA(1),8000003,0.0,0.0
8000003,TIJERA METZEMBAUM 18 CM RECTA MEDIBEL,95000.0,10,URGENCIAS(2),8000003,0.0,0.0
8000003,TIJERA METZEMBAUM 18 CM RECTA MEDIBEL,95000.0,10,INTERNADO(3),8000003,0.0,0.0
8000003,TIJERA METZEMBAUM 18 CM RECTA MEDIBEL,95000.0,10,QUIROFANO(4),8000003,0.0,0.0
8000003,TIJERA METZEMBAUM 18 CM RECTA MEDIBEL,95000.0,10,ADMINISTRACION,8000003,0.0,2.0
8000003,TIJERA METZEMBAUM 18 CM RECTA MEDIBEL,95000.0,10,CARRO DE PARO,8000003,0.0,0.0
8000004,TIJERA METZEMBAUM 14 CM CURVA MEDIBEL,50000.0,10,FARMACIA INTERNA(1),8000004,0.0,0.0
8000004,TIJERA METZEMBAUM 14 CM CURVA MEDIBEL,50000.0,10,URGENCIAS(2),8000004,0.0,0.0
8000004,TIJERA METZEMBAUM 14 CM CURVA MEDIBEL,50000.0,10,INTERNADO(3),8000004,0.0,0.0
8000004,TIJERA METZEMBAUM 14 CM CURVA MEDIBEL,50000.0,10,QUIROFANO(4),8000004,0.0,0.0
8000004,TIJERA METZEMBAUM 14 CM CURVA MEDIBEL,50000.0,10,ADMINISTRACION,8000004,0.0,1.0
8000004,TIJERA METZEMBAUM 14 CM CURVA MEDIBEL,50000.0,10,CARRO DE PARO,8000004,0.0,0.0
8000005,TIJERA MAYO 17 CM CURVA MEDIBEL,110000.0,10,FARMACIA INTERNA(1),8000005,0.0,0.0
8000005,TIJERA MAYO 17 CM CURVA MEDIBEL,110000.0,10,URGENCIAS(2),8000005,0.0,0.0
8000005,TIJERA MAYO 17 CM CURVA MEDIBEL,110000.0,10,INTERNADO(3),8000005,0.0,0.0
8000005,TIJERA MAYO 17 CM CURVA MEDIBEL,110000.0,10,QUIROFANO(4),8000005,0.0,0.0
8000005,TIJERA MAYO 17 CM CURVA MEDIBEL,110000.0,10,ADMINISTRACION,8000005,0.0,2.0
8000005,TIJERA MAYO 17 CM CURVA MEDIBEL,110000.0,10,CARRO DE PARO,8000005,0.0,0.0
8000006,PINZA BACKHAUS 10 CM MEDIBEL,60000.0,10,FARMACIA INTERNA(1),8000006,0.0,0.0
8000006,PINZA BACKHAUS 10 CM MEDIBEL,60000.0,10,URGENCIAS(2),8000006,0.0,0.0
8000006,PINZA BACKHAUS 10 CM MEDIBEL,60000.0,10,INTERNADO(3),8000006,0.0,0.0
8000006,PINZA BACKHAUS 10 CM MEDIBEL,60000.0,10,QUIROFANO(4),8000006,0.0,0.0
8000006,PINZA BACKHAUS 10 CM MEDIBEL,60000.0,10,ADMINISTRACION,8000006,0.0,10.0
8000006,PINZA BACKHAUS 10 CM MEDIBEL,60000.0,10,CARRO DE PARO,8000006,0.0,0.0
8000007,PINZA FAURE P/ ARTERIA UTERINA 20CM BELMED,355000.0,10,FARMACIA INTERNA(1),8000007,0.0,0.0
8000007,PINZA FAURE P/ ARTERIA UTERINA 20CM BELMED,355000.0,10,URGENCIAS(2),8000007,0.0,0.0
8000007,PINZA FAURE P/ ARTERIA UTERINA 20CM BELMED,355000.0,10,INTERNADO(3),8000007,0.0,0.0
8000007,PINZA FAURE P/ ARTERIA UTERINA 20CM BELMED,355000.0,10,QUIROFANO(4),8000007,0.0,0.0
8000007,PINZA FAURE P/ ARTERIA UTERINA 20CM BELMED,355000.0,10,ADMINISTRACION,8000007,0.0,4.0
8000007,PINZA FAURE P/ ARTERIA UTERINA 20CM BELMED,355000.0,10,CARRO DE PARO,8000007,0.0,0.0
8000008,PINZA ALLIS 20CM 5X6 DIENTES MEDIBEL,245000.0,10,FARMACIA INTERNA(1),8000008,0.0,0.0
8000008,PINZA ALLIS 20CM 5X6 DIENTES MEDIBEL,245000.0,10,URGENCIAS(2),8000008,0.0,0.0
8000008,PINZA ALLIS 20CM 5X6 DIENTES MEDIBEL,245000.0,10,INTERNADO(3),8000008,0.0,0.0
8000008,PINZA ALLIS 20CM 5X6 DIENTES MEDIBEL,245000.0,10,QUIROFANO(4),8000008,0.0,0.0
8000008,PINZA ALLIS 20CM 5X6 DIENTES MEDIBEL,245000.0,10,ADMINISTRACION,8000008,0.0,8.0
8000008,PINZA ALLIS 20CM 5X6 DIENTES MEDIBEL,245000.0,10,CARRO DE PARO,8000008,0.0,0.0
8000009,PINZA BRAUN POZZI 25 CM MEDIBEL,150000.0,10,FARMACIA INTERNA(1),8000009,0.0,0.0
8000009,PINZA BRAUN POZZI 25 CM MEDIBEL,150000.0,10,URGENCIAS(2),8000009,0.0,0.0
8000009,PINZA BRAUN POZZI 25 CM MEDIBEL,150000.0,10,INTERNADO(3),8000009,0.0,0.0
8000009,PINZA BRAUN POZZI 25 CM MEDIBEL,150000.0,10,QUIROFANO(4),8000009,0.0,0.0
8000009,PINZA BRAUN POZZI 25 CM MEDIBEL,150000.0,10,ADMINISTRACION,8000009,0.0,2.0
8000009,PINZA BRAUN POZZI 25 CM MEDIBEL,150000.0,10,CARRO DE PARO,8000009,0.0,0.0
8000010,PINZA BABCOCK 18CM,210000.0,10,FARMACIA INTERNA(1),8000010,0.0,0.0
8000010,PINZA BABCOCK 18CM,210000.0,10,URGENCIAS(2),8000010,0.0,0.0
8000010,PINZA BABCOCK 18CM,210000.0,10,INTERNADO(3),8000010,0.0,0.0
8000010,PINZA BABCOCK 18CM,210000.0,10,QUIROFANO(4),8000010,0.0,0.0
8000010,PINZA BABCOCK 18CM,210000.0,10,ADMINISTRACION,8000010,0.0,2.0
8000010,PINZA BABCOCK 18CM,210000.0,10,CARRO DE PARO,8000010,0.0,0.0
8000011,PINZA KOCHER 16CM CURVA MEDIBEL,55000.0,10,FARMACIA INTERNA(1),8000011,0.0,0.0
8000011,PINZA KOCHER 16CM CURVA MEDIBEL,55000.0,10,URGENCIAS(2),8000011,0.0,0.0
8000011,PINZA KOCHER 16CM CURVA MEDIBEL,55000.0,10,INTERNADO(3),8000011,0.0,0.0
8000011,PINZA KOCHER 16CM CURVA MEDIBEL,55000.0,10,QUIROFANO(4),8000011,0.0,0.0
8000011,PINZA KOCHER 16CM CURVA MEDIBEL,55000.0,10,ADMINISTRACION,8000011,0.0,1.0
8000011,PINZA KOCHER 16CM CURVA MEDIBEL,55000.0,10,CARRO DE PARO,8000011,0.0,0.0
8000012,PINZA HEMOSTATICA CRILE 14CM CURVA,45000.0,10,FARMACIA INTERNA(1),8000012,0.0,0.0
8000012,PINZA HEMOSTATICA CRILE 14CM CURVA,45000.0,10,URGENCIAS(2),8000012,0.0,0.0
8000012,PINZA HEMOSTATICA CRILE 14CM CURVA,45000.0,10,INTERNADO(3),8000012,0.0,0.0
8000012,PINZA HEMOSTATICA CRILE 14CM CURVA,45000.0,10,QUIROFANO(4),8000012,0.0,0.0
8000012,PINZA HEMOSTATICA CRILE 14CM CURVA,45000.0,10,ADMINISTRACION,8000012,0.0,1.0
8000012,PINZA HEMOSTATICA CRILE 14CM CURVA,45000.0,10,CARRO DE PARO,8000012,0.0,0.0
8000013,PINZA HEMOSTATICA CRILE 14CM RECTA,105000.0,10,FARMACIA INTERNA(1),8000013,0.0,0.0
8000013,PINZA HEMOSTATICA CRILE 14CM RECTA,105000.0,10,URGENCIAS(2),8000013,0.0,0.0
8000013,PINZA HEMOSTATICA CRILE 14CM RECTA,105000.0,10,INTERNADO(3),8000013,0.0,0.0
8000013,PINZA HEMOSTATICA CRILE 14CM RECTA,105000.0,10,QUIROFANO(4),8000013,0.0,0.0
8000013,PINZA HEMOSTATICA CRILE 14CM RECTA,105000.0,10,ADMINISTRACION,8000013,0.0,1.0
8000013,PINZA HEMOSTATICA CRILE 14CM RECTA,105000.0,10,CARRO DE PARO,8000013,0.0,0.0
8000014,CAJA ACERO INOXIDABLE 40 CM LARGO 20X10CM MEDIBEL,980000.0,10,FARMACIA INTERNA(1),8000014,0.0,0.0
8000014,CAJA ACERO INOXIDABLE 40 CM LARGO 20X10CM MEDIBEL,980000.0,10,URGENCIAS(2),8000014,0.0,0.0
8000014,CAJA ACERO INOXIDABLE 40 CM LARGO 20X10CM MEDIBEL,980000.0,10,INTERNADO(3),8000014,0.0,0.0
8000014,CAJA ACERO INOXIDABLE 40 CM LARGO 20X10CM MEDIBEL,980000.0,10,QUIROFANO(4),8000014,0.0,0.0
8000014,CAJA ACERO INOXIDABLE 40 CM LARGO 20X10CM MEDIBEL,980000.0,10,ADMINISTRACION,8000014,0.0,3.0
8000014,CAJA ACERO INOXIDABLE 40 CM LARGO 20X10CM MEDIBEL,980000.0,10,CARRO DE PARO,8000014,0.0,0.0
8000015,TIJERA MAYO 14CM RECTA MEDIBEL,55000.0,10,FARMACIA INTERNA(1),8000015,0.0,0.0
8000015,TIJERA MAYO 14CM RECTA MEDIBEL,55000.0,10,URGENCIAS(2),8000015,0.0,0.0
8000015,TIJERA MAYO 14CM RECTA MEDIBEL,55000.0,10,QUIROFANO(4),8000015,0.0,0.0
8000015,TIJERA MAYO 14CM RECTA MEDIBEL,55000.0,10,ADMINISTRACION,8000015,0.0,1.0
8000015,TIJERA MAYO 14CM RECTA MEDIBEL,55000.0,10,CARRO DE PARO,8000015,0.0,0.0
8000016,TIJERA MAYO 20CM RECTA MEDIBEL,90000.0,10,FARMACIA INTERNA(1),8000016,0.0,0.0
8000016,TIJERA MAYO 20CM RECTA MEDIBEL,90000.0,10,URGENCIAS(2),8000016,0.0,0.0
8000016,TIJERA MAYO 20CM RECTA MEDIBEL,90000.0,10,INTERNADO(3),8000016,0.0,0.0
8000016,TIJERA MAYO 20CM RECTA MEDIBEL,90000.0,10,QUIROFANO(4),8000016,0.0,0.0
8000016,TIJERA MAYO 20CM RECTA MEDIBEL,90000.0,10,ADMINISTRACION,8000016,0.0,1.0
8000016,TIJERA MAYO 20CM RECTA MEDIBEL,90000.0,10,CARRO DE PARO,8000016,0.0,0.0
8000017,VALVA SUPRAPUBICA 25X80MM,850000.0,10,FARMACIA INTERNA(1),8000017,0.0,0.0
8000017,VALVA SUPRAPUBICA 25X80MM,850000.0,10,URGENCIAS(2),8000017,0.0,0.0
8000017,VALVA SUPRAPUBICA 25X80MM,850000.0,10,INTERNADO(3),8000017,0.0,0.0
8000017,VALVA SUPRAPUBICA 25X80MM,850000.0,10,QUIROFANO(4),8000017,0.0,0.0
8000017,VALVA SUPRAPUBICA 25X80MM,850000.0,10,ADMINISTRACION,8000017,0.0,1.0
8000017,VALVA SUPRAPUBICA 25X80MM,850000.0,10,CARRO DE PARO,8000017,0.0,0.0
8000018,MANGO PARA BISTURI NRO. 3,19800.0,10,FARMACIA INTERNA(1),8000018,0.0,1.0
8000018,MANGO PARA BISTURI NRO. 3,19800.0,10,URGENCIAS(2),8000018,0.0,0.0
8000018,MANGO PARA BISTURI NRO. 3,19800.0,10,INTERNADO(3),8000018,0.0,0.0
8000018,MANGO PARA BISTURI NRO. 3,19800.0,10,QUIROFANO(4),8000018,0.0,0.0
8000018,MANGO PARA BISTURI NRO. 3,19800.0,10,ADMINISTRACION,8000018,0.0,4.0
8000018,MANGO PARA BISTURI NRO. 3,19800.0,10,CARRO DE PARO,8000018,0.0,0.0
8000019,SEPARADOR FARABEUF 15X3 PAR MEDIBEL,120000.0,10,FARMACIA INTERNA(1),8000019,0.0,0.0
8000019,SEPARADOR FARABEUF 15X3 PAR MEDIBEL,120000.0,10,URGENCIAS(2),8000019,0.0,0.0
8000019,SEPARADOR FARABEUF 15X3 PAR MEDIBEL,120000.0,10,QUIROFANO(4),8000019,0.0,0.0
8000019,SEPARADOR FARABEUF 15X3 PAR MEDIBEL,120000.0,10,ADMINISTRACION,8000019,0.0,1.0
8000019,SEPARADOR FARABEUF 15X3 PAR MEDIBEL,120000.0,10,CARRO DE PARO,8000019,0.0,0.0
8000020,PINZA ANATOMICA 14CM SIN DIENTE MEDIBEL,55000.0,10,FARMACIA INTERNA(1),8000020,0.0,0.0
8000020,PINZA ANATOMICA 14CM SIN DIENTE MEDIBEL,55000.0,10,URGENCIAS(2),8000020,0.0,0.0
8000020,PINZA ANATOMICA 14CM SIN DIENTE MEDIBEL,55000.0,10,INTERNADO(3),8000020,0.0,0.0
8000020,PINZA ANATOMICA 14CM SIN DIENTE MEDIBEL,55000.0,10,QUIROFANO(4),8000020,0.0,0.0
8000020,PINZA ANATOMICA 14CM SIN DIENTE MEDIBEL,55000.0,10,ADMINISTRACION,8000020,0.0,3.0
8000020,PINZA ANATOMICA 14CM SIN DIENTE MEDIBEL,55000.0,10,CARRO DE PARO,8000020,0.0,0.0
8000021,PINZA ARO COLLIN 19 CM MEDIBEL,160000.0,10,FARMACIA INTERNA(1),8000021,0.0,0.0
8000021,PINZA ARO COLLIN 19 CM MEDIBEL,160000.0,10,URGENCIAS(2),8000021,0.0,0.0
8000021,PINZA ARO COLLIN 19 CM MEDIBEL,160000.0,10,INTERNADO(3),8000021,0.0,0.0
8000021,PINZA ARO COLLIN 19 CM MEDIBEL,160000.0,10,QUIROFANO(4),8000021,0.0,0.0
8000021,PINZA ARO COLLIN 19 CM MEDIBEL,160000.0,10,ADMINISTRACION,8000021,0.0,1.0
8000021,PINZA ARO COLLIN 19 CM MEDIBEL,160000.0,10,CARRO DE PARO,8000021,0.0,0.0
8000022,PINZA KOCHER 20CM RECTA MEDIBEL,105000.0,10,FARMACIA INTERNA(1),8000022,0.0,0.0
8000022,PINZA KOCHER 20CM RECTA MEDIBEL,105000.0,10,URGENCIAS(2),8000022,0.0,0.0
8000022,PINZA KOCHER 20CM RECTA MEDIBEL,105000.0,10,INTERNADO(3),8000022,0.0,0.0
8000022,PINZA KOCHER 20CM RECTA MEDIBEL,105000.0,10,QUIROFANO(4),8000022,0.0,0.0
8000022,PINZA KOCHER 20CM RECTA MEDIBEL,105000.0,10,ADMINISTRACION,8000022,0.0,1.0
8000022,PINZA KOCHER 20CM RECTA MEDIBEL,105000.0,10,CARRO DE PARO,8000022,0.0,0.0
8000023,PORTA AGUJA MAYO HEGAR 14 CM MEDIBEL,67000.0,10,FARMACIA INTERNA(1),8000023,0.0,0.0
8000023,PORTA AGUJA MAYO HEGAR 14 CM MEDIBEL,67000.0,10,URGENCIAS(2),8000023,0.0,0.0
8000023,PORTA AGUJA MAYO HEGAR 14 CM MEDIBEL,67000.0,10,INTERNADO(3),8000023,0.0,0.0
8000023,PORTA AGUJA MAYO HEGAR 14 CM MEDIBEL,67000.0,10,QUIROFANO(4),8000023,0.0,0.0
8000023,PORTA AGUJA MAYO HEGAR 14 CM MEDIBEL,67000.0,10,ADMINISTRACION,8000023,0.0,5.0
8000023,PORTA AGUJA MAYO HEGAR 14 CM MEDIBEL,67000.0,10,CARRO DE PARO,8000023,0.0,0.0
8000024,PINZA ADSON 15CM CON DIENTE,85000.0,10,FARMACIA INTERNA(1),8000024,0.0,0.0
8000024,PINZA ADSON 15CM CON DIENTE,85000.0,10,URGENCIAS(2),8000024,0.0,0.0
8000024,PINZA ADSON 15CM CON DIENTE,85000.0,10,INTERNADO(3),8000024,0.0,0.0
8000024,PINZA ADSON 15CM CON DIENTE,85000.0,10,QUIROFANO(4),8000024,0.0,0.0
8000024,PINZA ADSON 15CM CON DIENTE,85000.0,10,ADMINISTRACION,8000024,0.0,2.0
8000024,PINZA ADSON 15CM CON DIENTE,85000.0,10,CARRO DE PARO,8000024,0.0,0.0
8000025,PINZA HALSTEAD MOSQUITO 125 CURVA MEDIBEL,60000.0,10,FARMACIA INTERNA(1),8000025,0.0,0.0
8000025,PINZA HALSTEAD MOSQUITO 125 CURVA MEDIBEL,60000.0,10,URGENCIAS(2),8000025,0.0,0.0
8000025,PINZA HALSTEAD MOSQUITO 125 CURVA MEDIBEL,60000.0,10,INTERNADO(3),8000025,0.0,0.0
8000025,PINZA HALSTEAD MOSQUITO 125 CURVA MEDIBEL,60000.0,10,QUIROFANO(4),8000025,0.0,0.0
8000025,PINZA HALSTEAD MOSQUITO 125 CURVA MEDIBEL,60000.0,10,ADMINISTRACION,8000025,0.0,2.0
8000025,PINZA HALSTEAD MOSQUITO 125 CURVA MEDIBEL,60000.0,10,CARRO DE PARO,8000025,0.0,0.0
8000026,PORTA AGUJA MAYO HEGAR 16CM MEDIBEL,75000.0,10,FARMACIA INTERNA(1),8000026,0.0,0.0
8000026,PORTA AGUJA MAYO HEGAR 16CM MEDIBEL,75000.0,10,URGENCIAS(2),8000026,0.0,0.0
8000026,PORTA AGUJA MAYO HEGAR 16CM MEDIBEL,75000.0,10,INTERNADO(3),8000026,0.0,0.0
8000026,PORTA AGUJA MAYO HEGAR 16CM MEDIBEL,75000.0,10,QUIROFANO(4),8000026,0.0,0.0
8000026,PORTA AGUJA MAYO HEGAR 16CM MEDIBEL,75000.0,10,ADMINISTRACION,8000026,0.0,2.0
8000026,PORTA AGUJA MAYO HEGAR 16CM MEDIBEL,75000.0,10,CARRO DE PARO,8000026,0.0,0.0
8000027,TIJERA MAYO 17 CM RECTA MEDIBEL,110000.0,10,FARMACIA INTERNA(1),8000027,0.0,0.0
8000027,TIJERA MAYO 17 CM RECTA MEDIBEL,110000.0,10,URGENCIAS(2),8000027,0.0,0.0
8000027,TIJERA MAYO 17 CM RECTA MEDIBEL,110000.0,10,INTERNADO(3),8000027,0.0,0.0
8000027,TIJERA MAYO 17 CM RECTA MEDIBEL,110000.0,10,QUIROFANO(4),8000027,0.0,0.0
8000027,TIJERA MAYO 17 CM RECTA MEDIBEL,110000.0,10,ADMINISTRACION,8000027,0.0,2.0
8000027,TIJERA MAYO 17 CM RECTA MEDIBEL,110000.0,10,CARRO DE PARO,8000027,0.0,0.0
8000028,CAJA ACERO INOXIDABLE 25X12X6CM MEDIBEL,430000.0,10,FARMACIA INTERNA(1),8000028,0.0,0.0
8000028,CAJA ACERO INOXIDABLE 25X12X6CM MEDIBEL,430000.0,10,URGENCIAS(2),8000028,0.0,0.0
8000028,CAJA ACERO INOXIDABLE 25X12X6CM MEDIBEL,430000.0,10,INTERNADO(3),8000028,0.0,0.0
8000028,CAJA ACERO INOXIDABLE 25X12X6CM MEDIBEL,430000.0,10,QUIROFANO(4),8000028,0.0,0.0
8000028,CAJA ACERO INOXIDABLE 25X12X6CM MEDIBEL,430000.0,10,ADMINISTRACION,8000028,0.0,2.0
8000028,CAJA ACERO INOXIDABLE 25X12X6CM MEDIBEL,430000.0,10,CARRO DE PARO,8000028,0.0,0.0
8000029,MARTILLO 200 GR PARA HUESO PARTSCH,380000.0,10,FARMACIA INTERNA(1),8000029,0.0,0.0
8000029,MARTILLO 200 GR PARA HUESO PARTSCH,380000.0,10,URGENCIAS(2),8000029,0.0,0.0
8000029,MARTILLO 200 GR PARA HUESO PARTSCH,380000.0,10,INTERNADO(3),8000029,0.0,0.0
8000029,MARTILLO 200 GR PARA HUESO PARTSCH,380000.0,10,QUIROFANO(4),8000029,0.0,0.0
8000029,MARTILLO 200 GR PARA HUESO PARTSCH,380000.0,10,ADMINISTRACION,8000029,0.0,1.0
8000029,MARTILLO 200 GR PARA HUESO PARTSCH,380000.0,10,CARRO DE PARO,8000029,0.0,0.0
8000030,PINZA BIOPSIA KEVORKIAN CON TRABA 20CM MEDIBEL,1300000.0,10,FARMACIA INTERNA(1),8000030,0.0,0.0
8000030,PINZA BIOPSIA KEVORKIAN CON TRABA 20CM MEDIBEL,1300000.0,10,URGENCIAS(2),8000030,0.0,0.0
8000030,PINZA BIOPSIA KEVORKIAN CON TRABA 20CM MEDIBEL,1300000.0,10,INTERNADO(3),8000030,0.0,0.0
8000030,PINZA BIOPSIA KEVORKIAN CON TRABA 20CM MEDIBEL,1300000.0,10,QUIROFANO(4),8000030,0.0,0.0
8000030,PINZA BIOPSIA KEVORKIAN CON TRABA 20CM MEDIBEL,1300000.0,10,ADMINISTRACION,8000030,0.0,1.0
8000030,PINZA BIOPSIA KEVORKIAN CON TRABA 20CM MEDIBEL,1300000.0,10,CARRO DE PARO,8000030,0.0,0.0
8000031,CURETA NOVAK CON MANDRIL FIG 3.3.23 CM,580000.0,10,FARMACIA INTERNA(1),8000031,0.0,0.0
8000031,CURETA NOVAK CON MANDRIL FIG 3.3.23 CM,580000.0,10,URGENCIAS(2),8000031,0.0,0.0
8000031,CURETA NOVAK CON MANDRIL FIG 3.3.23 CM,580000.0,10,INTERNADO(3),8000031,0.0,0.0
8000031,CURETA NOVAK CON MANDRIL FIG 3.3.23 CM,580000.0,10,QUIROFANO(4),8000031,0.0,0.0
8000031,CURETA NOVAK CON MANDRIL FIG 3.3.23 CM,580000.0,10,ADMINISTRACION,8000031,0.0,1.0
8000031,CURETA NOVAK CON MANDRIL FIG 3.3.23 CM,580000.0,10,CARRO DE PARO,8000031,0.0,0.0
8000032,PINZA MAIER GROSS 25 CM RECTA,170000.0,10,FARMACIA INTERNA(1),8000032,0.0,0.0
8000032,PINZA MAIER GROSS 25 CM RECTA,170000.0,10,URGENCIAS(2),8000032,0.0,0.0
8000032,PINZA MAIER GROSS 25 CM RECTA,170000.0,10,INTERNADO(3),8000032,0.0,0.0
8000032,PINZA MAIER GROSS 25 CM RECTA,170000.0,10,QUIROFANO(4),8000032,0.0,0.0
8000032,PINZA MAIER GROSS 25 CM RECTA,170000.0,10,ADMINISTRACION,8000032,0.0,1.0
8000032,PINZA MAIER GROSS 25 CM RECTA,170000.0,10,CARRO DE PARO,8000032,0.0,0.0
8000033,PINZA HEMOSTATICA KELLY RANKIN 16 CM CURVA,48000.0,10,FARMACIA INTERNA(1),8000033,0.0,0.0
8000033,PINZA HEMOSTATICA KELLY RANKIN 16 CM CURVA,48000.0,10,URGENCIAS(2),8000033,0.0,0.0
8000033,PINZA HEMOSTATICA KELLY RANKIN 16 CM CURVA,48000.0,10,INTERNADO(3),8000033,0.0,0.0
8000033,PINZA HEMOSTATICA KELLY RANKIN 16 CM CURVA,48000.0,10,QUIROFANO(4),8000033,0.0,0.0
8000033,PINZA HEMOSTATICA KELLY RANKIN 16 CM CURVA,48000.0,10,ADMINISTRACION,8000033,0.0,1.0
8000033,PINZA HEMOSTATICA KELLY RANKIN 16 CM CURVA,48000.0,10,CARRO DE PARO,8000033,0.0,0.0
8000034,PINZA HEMOSTATICA KELLY 14CM RECTA,50000.0,10,FARMACIA INTERNA(1),8000034,0.0,0.0
8000034,PINZA HEMOSTATICA KELLY 14CM RECTA,50000.0,10,URGENCIAS(2),8000034,0.0,0.0
8000034,PINZA HEMOSTATICA KELLY 14CM RECTA,50000.0,10,INTERNADO(3),8000034,0.0,0.0
8000034,PINZA HEMOSTATICA KELLY 14CM RECTA,50000.0,10,QUIROFANO(4),8000034,0.0,0.0
8000034,PINZA HEMOSTATICA KELLY 14CM RECTA,50000.0,10,ADMINISTRACION,8000034,0.0,9.0
8000034,PINZA HEMOSTATICA KELLY 14CM RECTA,50000.0,10,CARRO DE PARO,8000034,0.0,0.0
8000035,CAJA ACERO INOXIDABLE 28X14X6CM MEDIBEL,430000.0,10,FARMACIA INTERNA(1),8000035,0.0,0.0
8000035,CAJA ACERO INOXIDABLE 28X14X6CM MEDIBEL,430000.0,10,URGENCIAS(2),8000035,0.0,0.0
8000035,CAJA ACERO INOXIDABLE 28X14X6CM MEDIBEL,430000.0,10,INTERNADO(3),8000035,0.0,0.0
8000035,CAJA ACERO INOXIDABLE 28X14X6CM MEDIBEL,430000.0,10,QUIROFANO(4),8000035,0.0,0.0
8000035,CAJA ACERO INOXIDABLE 28X14X6CM MEDIBEL,430000.0,10,ADMINISTRACION,8000035,0.0,1.0
8000035,CAJA ACERO INOXIDABLE 28X14X6CM MEDIBEL,430000.0,10,CARRO DE PARO,8000035,0.0,0.0
8000036,TIJERA METZEMBAUM 15CM CURVA,78000.0,10,FARMACIA INTERNA(1),8000036,0.0,0.0
8000036,TIJERA METZEMBAUM 15CM CURVA,78000.0,10,URGENCIAS(2),8000036,0.0,0.0
8000036,TIJERA METZEMBAUM 15CM CURVA,78000.0,10,INTERNADO(3),8000036,0.0,0.0
8000036,TIJERA METZEMBAUM 15CM CURVA,78000.0,10,QUIROFANO(4),8000036,0.0,0.0
8000036,TIJERA METZEMBAUM 15CM CURVA,78000.0,10,ADMINISTRACION,8000036,0.0,1.0
8000036,TIJERA METZEMBAUM 15CM CURVA,78000.0,10,CARRO DE PARO,8000036,0.0,0.0
8000037,PINZA FOERSTER RECTA 24CM CIRU,240000.0,10,FARMACIA INTERNA(1),8000037,0.0,0.0
8000037,PINZA FOERSTER RECTA 24CM CIRU,240000.0,10,URGENCIAS(2),8000037,0.0,0.0
8000037,PINZA FOERSTER RECTA 24CM CIRU,240000.0,10,INTERNADO(3),8000037,0.0,0.0
8000037,PINZA FOERSTER RECTA 24CM CIRU,240000.0,10,QUIROFANO(4),8000037,0.0,0.0
8000037,PINZA FOERSTER RECTA 24CM CIRU,240000.0,10,ADMINISTRACION,8000037,0.0,2.0
8000037,PINZA FOERSTER RECTA 24CM CIRU,240000.0,10,CARRO DE PARO,8000037,0.0,0.0
8000038,PINZA HEMOSTATICA HAISTED 125 CM CURVA CIRU,110000.0,10,FARMACIA INTERNA(1),8000038,0.0,0.0
8000038,PINZA HEMOSTATICA HAISTED 125 CM CURVA CIRU,110000.0,10,URGENCIAS(2),8000038,0.0,0.0
8000038,PINZA HEMOSTATICA HAISTED 125 CM CURVA CIRU,110000.0,10,INTERNADO(3),8000038,0.0,0.0
8000038,PINZA HEMOSTATICA HAISTED 125 CM CURVA CIRU,110000.0,10,QUIROFANO(4),8000038,0.0,0.0
8000038,PINZA HEMOSTATICA HAISTED 125 CM CURVA CIRU,110000.0,10,ADMINISTRACION,8000038,0.0,8.0
8000038,PINZA HEMOSTATICA HAISTED 125 CM CURVA CIRU,110000.0,10,CARRO DE PARO,8000038,0.0,0.0
8000039,PINZA BABCOCK 20 CM MEDIBEL,190000.0,10,FARMACIA INTERNA(1),8000039,0.0,0.0
8000039,PINZA BABCOCK 20 CM MEDIBEL,190000.0,10,URGENCIAS(2),8000039,0.0,0.0
8000039,PINZA BABCOCK 20 CM MEDIBEL,190000.0,10,INTERNADO(3),8000039,0.0,0.0
8000039,PINZA BABCOCK 20 CM MEDIBEL,190000.0,10,QUIROFANO(4),8000039,0.0,0.0
8000039,PINZA BABCOCK 20 CM MEDIBEL,190000.0,10,ADMINISTRACION,8000039,0.0,2.0
8000039,PINZA BABCOCK 20 CM MEDIBEL,190000.0,10,CARRO DE PARO,8000039,0.0,0.0
8000040,SEPARADOR GOSSET 160 MM CON VALVA 63 X 50 MM,750000.0,10,FARMACIA INTERNA(1),8000040,0.0,0.0
8000040,SEPARADOR GOSSET 160 MM CON VALVA 63 X 50 MM,750000.0,10,URGENCIAS(2),8000040,0.0,0.0
8000040,SEPARADOR GOSSET 160 MM CON VALVA 63 X 50 MM,750000.0,10,INTERNADO(3),8000040,0.0,0.0
8000040,SEPARADOR GOSSET 160 MM CON VALVA 63 X 50 MM,750000.0,10,QUIROFANO(4),8000040,0.0,0.0
8000040,SEPARADOR GOSSET 160 MM CON VALVA 63 X 50 MM,750000.0,10,ADMINISTRACION,8000040,0.0,1.0
8000040,SEPARADOR GOSSET 160 MM CON VALVA 63 X 50 MM,750000.0,10,CARRO DE PARO,8000040,0.0,0.0
8000041,VALVA VAGINAL ANCHO 60MM LARGO WELDON,225000.0,10,FARMACIA INTERNA(1),8000041,0.0,0.0
8000041,VALVA VAGINAL ANCHO 60MM LARGO WELDON,225000.0,10,URGENCIAS(2),8000041,0.0,0.0
8000041,VALVA VAGINAL ANCHO 60MM LARGO WELDON,225000.0,10,INTERNADO(3),8000041,0.0,0.0
8000041,VALVA VAGINAL ANCHO 60MM LARGO WELDON,225000.0,10,QUIROFANO(4),8000041,0.0,0.0
8000041,VALVA VAGINAL ANCHO 60MM LARGO WELDON,225000.0,10,ADMINISTRACION,8000041,0.0,2.0
8000041,VALVA VAGINAL ANCHO 60MM LARGO WELDON,225000.0,10,CARRO DE PARO,8000041,0.0,0.0
8000042,PINZA FOERSTER 25CM RECTA ESTRIADA,135000.0,10,FARMACIA INTERNA(1),8000042,0.0,0.0
8000042,PINZA FOERSTER 25CM RECTA ESTRIADA,135000.0,10,URGENCIAS(2),8000042,0.0,0.0
8000042,PINZA FOERSTER 25CM RECTA ESTRIADA,135000.0,10,INTERNADO(3),8000042,0.0,0.0
8000042,PINZA FOERSTER 25CM RECTA ESTRIADA,135000.0,10,QUIROFANO(4),8000042,0.0,0.0
8000042,PINZA FOERSTER 25CM RECTA ESTRIADA,135000.0,10,ADMINISTRACION,8000042,0.0,1.0
8000042,PINZA FOERSTER 25CM RECTA ESTRIADA,135000.0,10,CARRO DE PARO,8000042,0.0,0.0
8000043,PINZA KOCHER 18CM CURVA MEDIBEL,135000.0,10,FARMACIA INTERNA(1),8000043,0.0,0.0
8000043,PINZA KOCHER 18CM CURVA MEDIBEL,135000.0,10,URGENCIAS(2),8000043,0.0,0.0
8000043,PINZA KOCHER 18CM CURVA MEDIBEL,135000.0,10,QUIROFANO(4),8000043,0.0,0.0
8000043,PINZA KOCHER 18CM CURVA MEDIBEL,135000.0,10,ADMINISTRACION,8000043,0.0,4.0
8000043,PINZA KOCHER 18CM CURVA MEDIBEL,135000.0,10,CARRO DE PARO,8000043,0.0,0.0
8000044,PINZA HALSTEAD DE 12.5 CM SIN DIENTE CURVA WELDON,135000.0,10,FARMACIA INTERNA(1),8000044,0.0,0.0
8000044,PINZA HALSTEAD DE 12.5 CM SIN DIENTE CURVA WELDON,135000.0,10,URGENCIAS(2),8000044,0.0,0.0
8000044,PINZA HALSTEAD DE 12.5 CM SIN DIENTE CURVA WELDON,135000.0,10,INTERNADO(3),8000044,0.0,0.0
8000044,PINZA HALSTEAD DE 12.5 CM SIN DIENTE CURVA WELDON,135000.0,10,QUIROFANO(4),8000044,0.0,0.0
8000044,PINZA HALSTEAD DE 12.5 CM SIN DIENTE CURVA WELDON,135000.0,10,ADMINISTRACION,8000044,0.0,4.0
8000044,PINZA HALSTEAD DE 12.5 CM SIN DIENTE CURVA WELDON,135000.0,10,CARRO DE PARO,8000044,0.0,0.0
8000045,MANGO PARA BISTURI NRO. 4 MEDIBEL,38000.0,10,FARMACIA INTERNA(1),8000045,0.0,0.0
8000045,MANGO PARA BISTURI NRO. 4 MEDIBEL,38000.0,10,URGENCIAS(2),8000045,0.0,0.0
8000045,MANGO PARA BISTURI NRO. 4 MEDIBEL,38000.0,10,INTERNADO(3),8000045,0.0,0.0
8000045,MANGO PARA BISTURI NRO. 4 MEDIBEL,38000.0,10,QUIROFANO(4),8000045,0.0,0.0
8000045,MANGO PARA BISTURI NRO. 4 MEDIBEL,38000.0,10,ADMINISTRACION,8000045,0.0,2.0
8000045,MANGO PARA BISTURI NRO. 4 MEDIBEL,38000.0,10,CARRO DE PARO,8000045,0.0,0.0
8000046,PINZA ANATOMICA 14CM SIN DIENTES WELDON,77000.0,10,FARMACIA INTERNA(1),8000046,0.0,0.0
8000046,PINZA ANATOMICA 14CM SIN DIENTES WELDON,77000.0,10,URGENCIAS(2),8000046,0.0,0.0
8000046,PINZA ANATOMICA 14CM SIN DIENTES WELDON,77000.0,10,INTERNADO(3),8000046,0.0,0.0
8000046,PINZA ANATOMICA 14CM SIN DIENTES WELDON,77000.0,10,QUIROFANO(4),8000046,0.0,0.0
8000046,PINZA ANATOMICA 14CM SIN DIENTES WELDON,77000.0,10,ADMINISTRACION,8000046,0.0,2.0
8000046,PINZA ANATOMICA 14CM SIN DIENTES WELDON,77000.0,10,CARRO DE PARO,8000046,0.0,0.0
8000047,VALVA DOYEN ANCHO 45MM LARGO 115 MM MEDIBEL,230000.0,10,FARMACIA INTERNA(1),8000047,0.0,0.0
8000047,VALVA DOYEN ANCHO 45MM LARGO 115 MM MEDIBEL,230000.0,10,URGENCIAS(2),8000047,0.0,0.0
8000047,VALVA DOYEN ANCHO 45MM LARGO 115 MM MEDIBEL,230000.0,10,INTERNADO(3),8000047,0.0,0.0
8000047,VALVA DOYEN ANCHO 45MM LARGO 115 MM MEDIBEL,230000.0,10,QUIROFANO(4),8000047,0.0,0.0
8000047,VALVA DOYEN ANCHO 45MM LARGO 115 MM MEDIBEL,230000.0,10,ADMINISTRACION,8000047,0.0,2.0
8000047,VALVA DOYEN ANCHO 45MM LARGO 115 MM MEDIBEL,230000.0,10,CARRO DE PARO,8000047,0.0,0.0
8000048,PINZA HEMOSTATICA KELLY 14CM CURVA,50000.0,10,FARMACIA INTERNA(1),8000048,0.0,0.0
8000048,PINZA HEMOSTATICA KELLY 14CM CURVA,50000.0,10,URGENCIAS(2),8000048,0.0,0.0
8000048,PINZA HEMOSTATICA KELLY 14CM CURVA,50000.0,10,INTERNADO(3),8000048,0.0,0.0
8000048,PINZA HEMOSTATICA KELLY 14CM CURVA,50000.0,10,QUIROFANO(4),8000048,0.0,0.0
8000048,PINZA HEMOSTATICA KELLY 14CM CURVA,50000.0,10,ADMINISTRACION,8000048,0.0,3.0
8000048,PINZA HEMOSTATICA KELLY 14CM CURVA,50000.0,10,CARRO DE PARO,8000048,0.0,0.0
8000049,PINZA ANATOMICA 20CM CON DIENTE MEDIBEL,70000.0,10,FARMACIA INTERNA(1),8000049,0.0,0.0
8000049,PINZA ANATOMICA 20CM CON DIENTE MEDIBEL,70000.0,10,URGENCIAS(2),8000049,0.0,0.0
8000049,PINZA ANATOMICA 20CM CON DIENTE MEDIBEL,70000.0,10,INTERNADO(3),8000049,0.0,0.0
8000049,PINZA ANATOMICA 20CM CON DIENTE MEDIBEL,70000.0,10,QUIROFANO(4),8000049,0.0,0.0
8000049,PINZA ANATOMICA 20CM CON DIENTE MEDIBEL,70000.0,10,ADMINISTRACION,8000049,0.0,4.0
8000049,PINZA ANATOMICA 20CM CON DIENTE MEDIBEL,70000.0,10,CARRO DE PARO,8000049,0.0,0.0
8000050,JUEGO DE 14 DILATADORES MEDIBEL,1250000.0,10,FARMACIA INTERNA(1),8000050,0.0,0.0
8000050,JUEGO DE 14 DILATADORES MEDIBEL,1250000.0,10,URGENCIAS(2),8000050,0.0,0.0
8000050,JUEGO DE 14 DILATADORES MEDIBEL,1250000.0,10,INTERNADO(3),8000050,0.0,0.0
8000050,JUEGO DE 14 DILATADORES MEDIBEL,1250000.0,10,QUIROFANO(4),8000050,0.0,0.0
8000050,JUEGO DE 14 DILATADORES MEDIBEL,1250000.0,10,ADMINISTRACION,8000050,0.0,1.0
8000050,JUEGO DE 14 DILATADORES MEDIBEL,1250000.0,10,CARRO DE PARO,8000050,0.0,0.0
8000051,PINZA MAIER GROSS 20CM RECTA WELDON,115000.0,10,FARMACIA INTERNA(1),8000051,0.0,0.0
8000051,PINZA MAIER GROSS 20CM RECTA WELDON,115000.0,10,URGENCIAS(2),8000051,0.0,0.0
8000051,PINZA MAIER GROSS 20CM RECTA WELDON,115000.0,10,INTERNADO(3),8000051,0.0,0.0
8000051,PINZA MAIER GROSS 20CM RECTA WELDON,115000.0,10,QUIROFANO(4),8000051,0.0,0.0
8000051,PINZA MAIER GROSS 20CM RECTA WELDON,115000.0,10,ADMINISTRACION,8000051,0.0,1.0
8000051,PINZA MAIER GROSS 20CM RECTA WELDON,115000.0,10,CARRO DE PARO,8000051,0.0,0.0
8000052,PINZA KOCHER 16CM RECTA MEDIBEL,75000.0,10,FARMACIA INTERNA(1),8000052,0.0,0.0
8000052,PINZA KOCHER 16CM RECTA MEDIBEL,75000.0,10,URGENCIAS(2),8000052,0.0,0.0
8000052,PINZA KOCHER 16CM RECTA MEDIBEL,75000.0,10,INTERNADO(3),8000052,0.0,0.0
8000052,PINZA KOCHER 16CM RECTA MEDIBEL,75000.0,10,QUIROFANO(4),8000052,0.0,0.0
8000052,PINZA KOCHER 16CM RECTA MEDIBEL,75000.0,10,ADMINISTRACION,8000052,0.0,1.0
8000052,PINZA KOCHER 16CM RECTA MEDIBEL,75000.0,10,CARRO DE PARO,8000052,0.0,0.0
8000053,ASPIRADOR DE SECRECION 5LTS N38V-A SILFAB,3600000.0,10,FARMACIA INTERNA(1),8000053,0.0,0.0
8000053,ASPIRADOR DE SECRECION 5LTS N38V-A SILFAB,3600000.0,10,URGENCIAS(2),8000053,0.0,0.0
8000053,ASPIRADOR DE SECRECION 5LTS N38V-A SILFAB,3600000.0,10,INTERNADO(3),8000053,0.0,0.0
8000053,ASPIRADOR DE SECRECION 5LTS N38V-A SILFAB,3600000.0,10,QUIROFANO(4),8000053,0.0,0.0
8000053,ASPIRADOR DE SECRECION 5LTS N38V-A SILFAB,3600000.0,10,ADMINISTRACION,8000053,0.0,1.0
8000053,ASPIRADOR DE SECRECION 5LTS N38V-A SILFAB,3600000.0,10,CARRO DE PARO,8000053,0.0,0.0
8000054,ALMOHADA FRESH ICE 70X50,0.0,10,FARMACIA INTERNA(1),8000054,0.0,0.0
8000054,ALMOHADA FRESH ICE 70X50,0.0,10,URGENCIAS(2),8000054,0.0,0.0
8000054,ALMOHADA FRESH ICE 70X50,0.0,10,INTERNADO(3),8000054,0.0,0.0
8000054,ALMOHADA FRESH ICE 70X50,0.0,10,QUIROFANO(4),8000054,0.0,0.0
8000054,ALMOHADA FRESH ICE 70X50,0.0,10,ADMINISTRACION,8000054,0.0,24.0
8000054,ALMOHADA FRESH ICE 70X50,0.0,10,CARRO DE PARO,8000054,0.0,0.0
89000000,ING. MEDICAMENTO 5%,0.0,5,ADMINISTRACION,89000000,0.0,0.0
89000001,MEDICAMENTOS AL 5%,0.0,5,ADMINISTRACION,89000001,0.0,0.0
89000002,MEDICAMENTOS AL 10%,0.0,10,ADMINISTRACION,89000002,0.0,0.0
91000002,SISTEMA NEXTSYS - SYSMED - LICENCIA INFORMATICA,33525000.0,10,URGENCIAS(2),91000002,0.0,0.0
91000002,SISTEMA NEXTSYS - SYSMED - LICENCIA INFORMATICA,33525000.0,10,INTERNADO(3),91000002,0.0,0.0
91000002,SISTEMA NEXTSYS - SYSMED - LICENCIA INFORMATICA,33525000.0,10,QUIROFANO(4),91000002,0.0,0.0
91000002,SISTEMA NEXTSYS - SYSMED - LICENCIA INFORMATICA,33525000.0,10,ADMINISTRACION,91000002,0.0,1.0
91000002,SISTEMA NEXTSYS - SYSMED - LICENCIA INFORMATICA,33525000.0,10,CARRO DE PARO,91000002,0.0,0.0
91000003,POLIZA DE SEGURO - TODO RIESGO OPERATIVO,0.0,10,URGENCIAS(2),91000003,0.0,0.0
91000003,POLIZA DE SEGURO - TODO RIESGO OPERATIVO,0.0,10,INTERNADO(3),91000003,0.0,0.0
91000003,POLIZA DE SEGURO - TODO RIESGO OPERATIVO,0.0,10,QUIROFANO(4),91000003,0.0,0.0
91000003,POLIZA DE SEGURO - TODO RIESGO OPERATIVO,0.0,10,ADMINISTRACION,91000003,0.0,0.0
91000003,POLIZA DE SEGURO - TODO RIESGO OPERATIVO,0.0,10,CARRO DE PARO,91000003,0.0,0.0
91000004,PLAN DE TELEFONIA,0.0,10,URGENCIAS(2),91000004,0.0,0.0
91000004,PLAN DE TELEFONIA,0.0,10,INTERNADO(3),91000004,0.0,0.0
91000004,PLAN DE TELEFONIA,0.0,10,QUIROFANO(4),91000004,0.0,0.0
91000004,PLAN DE TELEFONIA,0.0,10,ADMINISTRACION,91000004,0.0,0.0
91000004,PLAN DE TELEFONIA,0.0,10,CARRO DE PARO,91000004,0.0,0.0
91000005,SERV. DE INSTALACION DE AIRE COMPRIMIDO,0.0,10,URGENCIAS(2),91000005,0.0,0.0
91000005,SERV. DE INSTALACION DE AIRE COMPRIMIDO,0.0,10,INTERNADO(3),91000005,0.0,0.0
91000005,SERV. DE INSTALACION DE AIRE COMPRIMIDO,0.0,10,QUIROFANO(4),91000005,0.0,0.0
91000005,SERV. DE INSTALACION DE AIRE COMPRIMIDO,0.0,10,ADMINISTRACION,91000005,0.0,0.0
91000005,SERV. DE INSTALACION DE AIRE COMPRIMIDO,0.0,10,CARRO DE PARO,91000005,0.0,0.0
91000006,CORTINAS DE PVC CON LOGO,0.0,10,URGENCIAS(2),91000006,0.0,0.0
91000006,CORTINAS DE PVC CON LOGO,0.0,10,INTERNADO(3),91000006,0.0,0.0
91000006,CORTINAS DE PVC CON LOGO,0.0,10,QUIROFANO(4),91000006,0.0,0.0
91000006,CORTINAS DE PVC CON LOGO,0.0,10,ADMINISTRACION,91000006,0.0,0.0
91000006,CORTINAS DE PVC CON LOGO,0.0,10,CARRO DE PARO,91000006,0.0,0.0
91000007,CORTINA DE PVC DOBLE LOGO,1800000.0,10,URGENCIAS(2),91000007,0.0,0.0
91000007,CORTINA DE PVC DOBLE LOGO,1800000.0,10,INTERNADO(3),91000007,0.0,0.0
91000007,CORTINA DE PVC DOBLE LOGO,1800000.0,10,QUIROFANO(4),91000007,0.0,0.0
91000007,CORTINA DE PVC DOBLE LOGO,1800000.0,10,ADMINISTRACION,91000007,0.0,1.0
91000007,CORTINA DE PVC DOBLE LOGO,1800000.0,10,CARRO DE PARO,91000007,0.0,0.0
91000008,COMBUSTIBLES Y LUBRICANTES,0.0,0,URGENCIAS(2),91000008,0.0,0.0
91000008,COMBUSTIBLES Y LUBRICANTES,0.0,0,INTERNADO(3),91000008,0.0,0.0
91000008,COMBUSTIBLES Y LUBRICANTES,0.0,0,QUIROFANO(4),91000008,0.0,0.0
91000008,COMBUSTIBLES Y LUBRICANTES,0.0,0,ADMINISTRACION,91000008,0.0,0.0
91000008,COMBUSTIBLES Y LUBRICANTES,0.0,0,CARRO DE PARO,91000008,0.0,0.0
91000009,SERVICIO DE CALIBRACION TERMOHIGROMETRO,250000.0,10,URGENCIAS(2),91000009,0.0,0.0
91000009,SERVICIO DE CALIBRACION TERMOHIGROMETRO,250000.0,10,INTERNADO(3),91000009,0.0,0.0
91000009,SERVICIO DE CALIBRACION TERMOHIGROMETRO,250000.0,10,QUIROFANO(4),91000009,0.0,0.0
91000009,SERVICIO DE CALIBRACION TERMOHIGROMETRO,250000.0,10,ADMINISTRACION,91000009,0.0,1.0
91000009,SERVICIO DE CALIBRACION TERMOHIGROMETRO,250000.0,10,CARRO DE PARO,91000009,0.0,0.0
91000010,CONTROL DE PLAGAS,0.0,10,URGENCIAS(2),91000010,0.0,0.0
91000010,CONTROL DE PLAGAS,0.0,10,INTERNADO(3),91000010,0.0,0.0
91000010,CONTROL DE PLAGAS,0.0,10,QUIROFANO(4),91000010,0.0,0.0
91000010,CONTROL DE PLAGAS,0.0,10,ADMINISTRACION,91000010,0.0,0.0
91000010,CONTROL DE PLAGAS,0.0,10,CARRO DE PARO,91000010,0.0,0.0
92000000,GASTOS SALARIOS,0.0,10,URGENCIAS(2),92000000,0.0,0.0
92000000,GASTOS SALARIOS,0.0,10,INTERNADO(3),92000000,0.0,0.0
92000000,GASTOS SALARIOS,0.0,10,QUIROFANO(4),92000000,0.0,0.0
92000001,TELEFONIA,0.0,10,ADMINISTRACION,92000001,0.0,0.0
92000002,ENERGIA ELECTRICA,0.0,10,URGENCIAS(2),92000002,0.0,0.0
92000002,ENERGIA ELECTRICA,0.0,10,INTERNADO(3),92000002,0.0,0.0
92000002,ENERGIA ELECTRICA,0.0,10,QUIROFANO(4),92000002,0.0,0.0
92000002,ENERGIA ELECTRICA,0.0,10,ADMINISTRACION,92000002,0.0,0.0
92000002,ENERGIA ELECTRICA,0.0,10,CARRO DE PARO,92000002,0.0,0.0
92000012,MATERIALES DE ASEO Y LIMPIEZA,0.0,10,ADMINISTRACION,92000012,0.0,0.0
92000013,SERVICIOS DE SEGURIDAD,0.0,10,URGENCIAS(2),92000013,0.0,0.0
92000013,SERVICIOS DE SEGURIDAD,0.0,10,INTERNADO(3),92000013,0.0,0.0
92000013,SERVICIOS DE SEGURIDAD,0.0,10,QUIROFANO(4),92000013,0.0,1.0
92000013,SERVICIOS DE SEGURIDAD,0.0,10,ADMINISTRACION,92000013,0.0,19.0
92000013,SERVICIOS DE SEGURIDAD,0.0,10,CARRO DE PARO,92000013,0.0,0.0
92000014,SERVICIO DE ENCOMIENDAS,0.0,10,ADMINISTRACION,92000014,0.0,5.0
92000015,HONORARIO MEDICOS,0.0,10,URGENCIAS(2),92000015,0.0,0.0
92000015,HONORARIO MEDICOS,0.0,10,INTERNADO(3),92000015,0.0,0.0
92000015,HONORARIO MEDICOS,0.0,10,QUIROFANO(4),92000015,0.0,0.0
92000015,HONORARIO MEDICOS,0.0,10,ADMINISTRACION,92000015,0.0,78.0
92000015,HONORARIO MEDICOS,0.0,10,CARRO DE PARO,92000015,0.0,0.0
92000016,SERVICIO DE COBRANZA,1720144.0,10,URGENCIAS(2),92000016,0.0,0.0
92000016,SERVICIO DE COBRANZA,1720144.0,10,INTERNADO(3),92000016,0.0,0.0
92000016,SERVICIO DE COBRANZA,1720144.0,10,QUIROFANO(4),92000016,0.0,0.0
92000016,SERVICIO DE COBRANZA,1720144.0,10,ADMINISTRACION,92000016,0.0,42.0
92000016,SERVICIO DE COBRANZA,1720144.0,10,CARRO DE PARO,92000016,0.0,0.0
92000017,GASTOS DE INTERNET,0.0,10,ADMINISTRACION,92000017,0.0,31.0
92000018,GASTOS DE SERVICIOS CONTRATADOS,0.0,10,ADMINISTRACION,92000018,0.0,4.0
92000019,GASTOS UTILES DE OFICINA,0.0,10,ADMINISTRACION,92000019,0.0,38.0
92000020,SERVICIOS DE ENCOMIENDAS,0.0,10,ADMINISTRACION,92000020,0.0,127.0
92000021,GASTO PRUEBA,0.0,10,ADMINISTRACION,92000021,0.0,0.0
92000022,GASTO DE VIAJE COMBUSTIBLE,0.0,0,ADMINISTRACION,92000022,0.0,0.0
92000023,GASTOS DE PERSONAL,0.0,10,ADMINISTRACION,92000023,0.0,0.0
92000024,INMOBILIZADO MATERIAL,2061840.0,10,ADMINISTRACION,92000024,0.0,1.0
92000025,SUMINISTROS,678700.0,10,URGENCIAS(2),92000025,0.0,0.0
92000025,SUMINISTROS,678700.0,10,INTERNADO(3),92000025,0.0,0.0
92000025,SUMINISTROS,678700.0,10,QUIROFANO(4),92000025,0.0,0.0
92000025,SUMINISTROS,678700.0,10,ADMINISTRACION,92000025,0.0,3.0
92000025,SUMINISTROS,678700.0,10,CARRO DE PARO,92000025,0.0,0.0
92000026,OTROS SERVICIOS,0.0,10,URGENCIAS(2),92000026,0.0,0.0
92000026,OTROS SERVICIOS,0.0,10,INTERNADO(3),92000026,0.0,0.0
92000026,OTROS SERVICIOS,0.0,10,QUIROFANO(4),92000026,0.0,0.0
92000026,OTROS SERVICIOS,0.0,10,ADMINISTRACION,92000026,0.0,11.0
92000026,OTROS SERVICIOS,0.0,10,CARRO DE PARO,92000026,0.0,0.0
92000027,MUEBLES Y EQUIPOS,6950000.0,10,URGENCIAS(2),92000027,0.0,0.0
92000027,MUEBLES Y EQUIPOS,6950000.0,10,INTERNADO(3),92000027,0.0,0.0
92000027,MUEBLES Y EQUIPOS,6950000.0,10,QUIROFANO(4),92000027,0.0,0.0
92000027,MUEBLES Y EQUIPOS,6950000.0,10,ADMINISTRACION,92000027,0.0,16.0
92000027,MUEBLES Y EQUIPOS,6950000.0,10,CARRO DE PARO,92000027,0.0,0.0
92000028,GASTOS GENERALES 10%,1496000.0,10,URGENCIAS(2),92000028,0.0,0.0
92000028,GASTOS GENERALES 10%,1496000.0,10,INTERNADO(3),92000028,0.0,0.0
92000028,GASTOS GENERALES 10%,1496000.0,10,QUIROFANO(4),92000028,0.0,0.0
92000028,GASTOS GENERALES 10%,1496000.0,10,ADMINISTRACION,92000028,0.0,15.0
92000028,GASTOS GENERALES 10%,1496000.0,10,CARRO DE PARO,92000028,0.0,0.0
92000029,LARINGOSCOPIO FIBRA OPTICA RECTO CON HOJAS,1750000.0,10,URGENCIAS(2),92000029,0.0,0.0
92000029,LARINGOSCOPIO FIBRA OPTICA RECTO CON HOJAS,1750000.0,10,INTERNADO(3),92000029,0.0,0.0
92000029,LARINGOSCOPIO FIBRA OPTICA RECTO CON HOJAS,1750000.0,10,QUIROFANO(4),92000029,0.0,0.0
92000029,LARINGOSCOPIO FIBRA OPTICA RECTO CON HOJAS,1750000.0,10,ADMINISTRACION,92000029,0.0,1.0
92000029,LARINGOSCOPIO FIBRA OPTICA RECTO CON HOJAS,1750000.0,10,CARRO DE PARO,92000029,0.0,0.0
92000030,JUEGO AMERCICANO INDIVIDUAL P/ COCINA,18000.0,10,URGENCIAS(2),92000030,0.0,0.0
92000030,JUEGO AMERCICANO INDIVIDUAL P/ COCINA,18000.0,10,INTERNADO(3),92000030,0.0,0.0
92000030,JUEGO AMERCICANO INDIVIDUAL P/ COCINA,18000.0,10,QUIROFANO(4),92000030,0.0,0.0
92000030,JUEGO AMERCICANO INDIVIDUAL P/ COCINA,18000.0,10,ADMINISTRACION,92000030,0.0,0.0
92000030,JUEGO AMERCICANO INDIVIDUAL P/ COCINA,18000.0,10,CARRO DE PARO,92000030,0.0,0.0
92000031,MOTOR COMPRESOR DE AIRE - 12.000 BTU'S,950000.0,10,URGENCIAS(2),92000031,0.0,0.0
92000031,MOTOR COMPRESOR DE AIRE - 12.000 BTU'S,950000.0,10,INTERNADO(3),92000031,0.0,0.0
92000031,MOTOR COMPRESOR DE AIRE - 12.000 BTU'S,950000.0,10,QUIROFANO(4),92000031,0.0,0.0
92000031,MOTOR COMPRESOR DE AIRE - 12.000 BTU'S,950000.0,10,ADMINISTRACION,92000031,0.0,1.0
92000031,MOTOR COMPRESOR DE AIRE - 12.000 BTU'S,950000.0,10,CARRO DE PARO,92000031,0.0,0.0
92000032,MOTOR COMPRESOR DE AIRE - 60.000 BTU`S,4500000.0,10,URGENCIAS(2),92000032,0.0,0.0
92000032,MOTOR COMPRESOR DE AIRE - 60.000 BTU`S,4500000.0,10,INTERNADO(3),92000032,0.0,0.0
92000032,MOTOR COMPRESOR DE AIRE - 60.000 BTU`S,4500000.0,10,QUIROFANO(4),92000032,0.0,0.0
92000032,MOTOR COMPRESOR DE AIRE - 60.000 BTU`S,4500000.0,10,ADMINISTRACION,92000032,0.0,1.0
92000032,MOTOR COMPRESOR DE AIRE - 60.000 BTU`S,4500000.0,10,CARRO DE PARO,92000032,0.0,0.0
92000033,SENSOR DE SPO2 ANALOGICO PEDIATRICO 9PIN,485000.0,10,URGENCIAS(2),92000033,0.0,0.0
92000033,SENSOR DE SPO2 ANALOGICO PEDIATRICO 9PIN,485000.0,10,INTERNADO(3),92000033,0.0,0.0
92000033,SENSOR DE SPO2 ANALOGICO PEDIATRICO 9PIN,485000.0,10,QUIROFANO(4),92000033,0.0,0.0
92000033,SENSOR DE SPO2 ANALOGICO PEDIATRICO 9PIN,485000.0,10,ADMINISTRACION,92000033,0.0,3.0
92000033,SENSOR DE SPO2 ANALOGICO PEDIATRICO 9PIN,485000.0,10,CARRO DE PARO,92000033,0.0,0.0
92000034,CABLE DE EXTENSION SPO2 SERIE 9A 12PIN,650000.0,10,URGENCIAS(2),92000034,0.0,0.0
92000034,CABLE DE EXTENSION SPO2 SERIE 9A 12PIN,650000.0,10,INTERNADO(3),92000034,0.0,0.0
92000034,CABLE DE EXTENSION SPO2 SERIE 9A 12PIN,650000.0,10,QUIROFANO(4),92000034,0.0,0.0
92000034,CABLE DE EXTENSION SPO2 SERIE 9A 12PIN,650000.0,10,ADMINISTRACION,92000034,0.0,2.0
92000034,CABLE DE EXTENSION SPO2 SERIE 9A 12PIN,650000.0,10,CARRO DE PARO,92000034,0.0,0.0
92000035,PORTA AGUJA MAYO HEGAR 18CM,0.0,10,URGENCIAS(2),92000035,0.0,0.0
92000035,PORTA AGUJA MAYO HEGAR 18CM,0.0,10,INTERNADO(3),92000035,0.0,0.0
92000035,PORTA AGUJA MAYO HEGAR 18CM,0.0,10,QUIROFANO(4),92000035,0.0,0.0
92000035,PORTA AGUJA MAYO HEGAR 18CM,0.0,10,ADMINISTRACION,92000035,0.0,0.0
92000035,PORTA AGUJA MAYO HEGAR 18CM,0.0,10,CARRO DE PARO,92000035,0.0,0.0
92000036,PORTA AGUJA MAYO HEGAR 18 CM,81180.0,10,URGENCIAS(2),92000036,0.0,0.0
92000036,PORTA AGUJA MAYO HEGAR 18 CM,81180.0,10,INTERNADO(3),92000036,0.0,0.0
92000036,PORTA AGUJA MAYO HEGAR 18 CM,81180.0,10,QUIROFANO(4),92000036,0.0,0.0
92000036,PORTA AGUJA MAYO HEGAR 18 CM,81180.0,10,ADMINISTRACION,92000036,0.0,0.0
92000036,PORTA AGUJA MAYO HEGAR 18 CM,81180.0,10,CARRO DE PARO,92000036,0.0,0.0
92000037,MANGO DE BISTURI Nº 4,24750.0,10,URGENCIAS(2),92000037,0.0,0.0
92000037,MANGO DE BISTURI Nº 4,24750.0,10,INTERNADO(3),92000037,0.0,0.0
92000037,MANGO DE BISTURI Nº 4,24750.0,10,QUIROFANO(4),92000037,0.0,0.0
92000037,MANGO DE BISTURI Nº 4,24750.0,10,ADMINISTRACION,92000037,0.0,0.0
92000037,MANGO DE BISTURI Nº 4,24750.0,10,CARRO DE PARO,92000037,0.0,0.0
92000038,SEPARADOR WEITKANER-LOKTITE 13CM (DE 3X4 DIENTES),415800.0,10,URGENCIAS(2),92000038,0.0,0.0
92000038,SEPARADOR WEITKANER-LOKTITE 13CM (DE 3X4 DIENTES),415800.0,10,INTERNADO(3),92000038,0.0,0.0
92000038,SEPARADOR WEITKANER-LOKTITE 13CM (DE 3X4 DIENTES),415800.0,10,QUIROFANO(4),92000038,0.0,0.0
92000038,SEPARADOR WEITKANER-LOKTITE 13CM (DE 3X4 DIENTES),415800.0,10,ADMINISTRACION,92000038,0.0,0.0
92000038,SEPARADOR WEITKANER-LOKTITE 13CM (DE 3X4 DIENTES),415800.0,10,CARRO DE PARO,92000038,0.0,0.0
92000039,ESPECULO VAGINAL KRISTELLER FIG. 2,257400.0,10,URGENCIAS(2),92000039,0.0,0.0
92000039,ESPECULO VAGINAL KRISTELLER FIG. 2,257400.0,10,INTERNADO(3),92000039,0.0,0.0
92000039,ESPECULO VAGINAL KRISTELLER FIG. 2,257400.0,10,QUIROFANO(4),92000039,0.0,0.0
92000039,ESPECULO VAGINAL KRISTELLER FIG. 2,257400.0,10,ADMINISTRACION,92000039,0.0,0.0
92000039,ESPECULO VAGINAL KRISTELLER FIG. 2,257400.0,10,CARRO DE PARO,92000039,0.0,0.0
92000040,"SEPARADOR 3 GANCHOS, 16 CM. AFILADO. FLEXIBLE",91080.0,10,URGENCIAS(2),92000040,0.0,0.0
92000040,"SEPARADOR 3 GANCHOS, 16 CM. AFILADO. FLEXIBLE",91080.0,10,INTERNADO(3),92000040,0.0,0.0
92000040,"SEPARADOR 3 GANCHOS, 16 CM. AFILADO. FLEXIBLE",91080.0,10,QUIROFANO(4),92000040,0.0,0.0
92000040,"SEPARADOR 3 GANCHOS, 16 CM. AFILADO. FLEXIBLE",91080.0,10,ADMINISTRACION,92000040,0.0,0.0
92000040,"SEPARADOR 3 GANCHOS, 16 CM. AFILADO. FLEXIBLE",91080.0,10,CARRO DE PARO,92000040,0.0,0.0
92000041,PINZA BENGOLEA 20CM RECTA,0.0,10,URGENCIAS(2),92000041,0.0,0.0
92000041,PINZA BENGOLEA 20CM RECTA,0.0,10,INTERNADO(3),92000041,0.0,0.0
92000041,PINZA BENGOLEA 20CM RECTA,0.0,10,QUIROFANO(4),92000041,0.0,0.0
92000041,PINZA BENGOLEA 20CM RECTA,0.0,10,ADMINISTRACION,92000041,0.0,0.0
92000041,PINZA BENGOLEA 20CM RECTA,0.0,10,CARRO DE PARO,92000041,0.0,0.0
92000042,PINZA ADSON 12CM S/ DIENTE,0.0,10,URGENCIAS(2),92000042,0.0,0.0
92000042,PINZA ADSON 12CM S/ DIENTE,0.0,10,INTERNADO(3),92000042,0.0,0.0
92000042,PINZA ADSON 12CM S/ DIENTE,0.0,10,QUIROFANO(4),92000042,0.0,0.0
92000042,PINZA ADSON 12CM S/ DIENTE,0.0,10,ADMINISTRACION,92000042,0.0,0.0
92000042,PINZA ADSON 12CM S/ DIENTE,0.0,10,CARRO DE PARO,92000042,0.0,0.0
92000043,PINZA ROCHESTER PEAN 14CM RECTA,62370.0,10,URGENCIAS(2),92000043,0.0,0.0
92000043,PINZA ROCHESTER PEAN 14CM RECTA,62370.0,10,INTERNADO(3),92000043,0.0,0.0
92000043,PINZA ROCHESTER PEAN 14CM RECTA,62370.0,10,QUIROFANO(4),92000043,0.0,0.0
92000043,PINZA ROCHESTER PEAN 14CM RECTA,62370.0,10,ADMINISTRACION,92000043,0.0,0.0
92000043,PINZA ROCHESTER PEAN 14CM RECTA,62370.0,10,CARRO DE PARO,92000043,0.0,0.0
92000044,PINZA BACKHAUS 11CM,50490.0,10,URGENCIAS(2),92000044,0.0,0.0
92000044,PINZA BACKHAUS 11CM,50490.0,10,INTERNADO(3),92000044,0.0,0.0
92000044,PINZA BACKHAUS 11CM,50490.0,10,QUIROFANO(4),92000044,0.0,0.0
92000044,PINZA BACKHAUS 11CM,50490.0,10,ADMINISTRACION,92000044,0.0,0.0
92000044,PINZA BACKHAUS 11CM,50490.0,10,CARRO DE PARO,92000044,0.0,0.0
92000045,PINZA ADSON 12CM C/ DIENTE,39600.0,10,URGENCIAS(2),92000045,0.0,0.0
92000045,PINZA ADSON 12CM C/ DIENTE,39600.0,10,INTERNADO(3),92000045,0.0,0.0
92000045,PINZA ADSON 12CM C/ DIENTE,39600.0,10,QUIROFANO(4),92000045,0.0,0.0
92000045,PINZA ADSON 12CM C/ DIENTE,39600.0,10,ADMINISTRACION,92000045,0.0,0.0
92000045,PINZA ADSON 12CM C/ DIENTE,39600.0,10,CARRO DE PARO,92000045,0.0,0.0
92000046,TIJERA LISTER 18CM,0.0,10,URGENCIAS(2),92000046,0.0,0.0
92000046,TIJERA LISTER 18CM,0.0,10,INTERNADO(3),92000046,0.0,0.0
92000046,TIJERA LISTER 18CM,0.0,10,QUIROFANO(4),92000046,0.0,0.0
92000046,TIJERA LISTER 18CM,0.0,10,ADMINISTRACION,92000046,0.0,0.0
92000046,TIJERA LISTER 18CM,0.0,10,CARRO DE PARO,92000046,0.0,0.0
92000047,PINZA MIXTER 23CM,0.0,10,URGENCIAS(2),92000047,0.0,0.0
92000047,PINZA MIXTER 23CM,0.0,10,INTERNADO(3),92000047,0.0,0.0
92000047,PINZA MIXTER 23CM,0.0,10,QUIROFANO(4),92000047,0.0,0.0
92000047,PINZA MIXTER 23CM,0.0,10,ADMINISTRACION,92000047,0.0,0.0
92000047,PINZA MIXTER 23CM,0.0,10,CARRO DE PARO,92000047,0.0,0.0
92000048,TIJERA ROMA ROMA 18CM RECTA,0.0,10,URGENCIAS(2),92000048,0.0,0.0
92000048,TIJERA ROMA ROMA 18CM RECTA,0.0,10,INTERNADO(3),92000048,0.0,0.0
92000048,TIJERA ROMA ROMA 18CM RECTA,0.0,10,QUIROFANO(4),92000048,0.0,0.0
92000048,TIJERA ROMA ROMA 18CM RECTA,0.0,10,ADMINISTRACION,92000048,0.0,0.0
92000048,TIJERA ROMA ROMA 18CM RECTA,0.0,10,CARRO DE PARO,92000048,0.0,0.0
92000049,PORTA AGUJA MAYO HEGAR 14CM,61380.0,10,URGENCIAS(2),92000049,0.0,0.0
92000049,PORTA AGUJA MAYO HEGAR 14CM,61380.0,10,INTERNADO(3),92000049,0.0,0.0
92000049,PORTA AGUJA MAYO HEGAR 14CM,61380.0,10,QUIROFANO(4),92000049,0.0,0.0
92000049,PORTA AGUJA MAYO HEGAR 14CM,61380.0,10,ADMINISTRACION,92000049,0.0,0.0
92000049,PORTA AGUJA MAYO HEGAR 14CM,61380.0,10,CARRO DE PARO,92000049,0.0,0.0
92000050,PINZA ALLIS 19CM,89100.0,10,URGENCIAS(2),92000050,0.0,0.0
92000050,PINZA ALLIS 19CM,89100.0,10,INTERNADO(3),92000050,0.0,0.0
92000050,PINZA ALLIS 19CM,89100.0,10,QUIROFANO(4),92000050,0.0,0.0
92000050,PINZA ALLIS 19CM,89100.0,10,ADMINISTRACION,92000050,0.0,0.0
92000050,PINZA ALLIS 19CM,89100.0,10,CARRO DE PARO,92000050,0.0,0.0
92000051,PINZA KOCHER 18CM CURVA,69300.0,10,URGENCIAS(2),92000051,0.0,0.0
92000051,PINZA KOCHER 18CM CURVA,69300.0,10,INTERNADO(3),92000051,0.0,0.0
92000051,PINZA KOCHER 18CM CURVA,69300.0,10,QUIROFANO(4),92000051,0.0,0.0
92000051,PINZA KOCHER 18CM CURVA,69300.0,10,ADMINISTRACION,92000051,0.0,0.0
92000051,PINZA KOCHER 18CM CURVA,69300.0,10,CARRO DE PARO,92000051,0.0,0.0
92000052,PINZA ROCHESTER PEAN 14CM CURVA,62370.0,10,URGENCIAS(2),92000052,0.0,0.0
92000052,PINZA ROCHESTER PEAN 14CM CURVA,62370.0,10,INTERNADO(3),92000052,0.0,0.0
92000052,PINZA ROCHESTER PEAN 14CM CURVA,62370.0,10,QUIROFANO(4),92000052,0.0,0.0
92000052,PINZA ROCHESTER PEAN 14CM CURVA,62370.0,10,ADMINISTRACION,92000052,0.0,0.0
92000052,PINZA ROCHESTER PEAN 14CM CURVA,62370.0,10,CARRO DE PARO,92000052,0.0,0.0
92000053,CAJA DE ACERO INOX. 35X18X08 CM PERFORADO,0.0,10,URGENCIAS(2),92000053,0.0,0.0
92000053,CAJA DE ACERO INOX. 35X18X08 CM PERFORADO,0.0,10,INTERNADO(3),92000053,0.0,0.0
92000053,CAJA DE ACERO INOX. 35X18X08 CM PERFORADO,0.0,10,QUIROFANO(4),92000053,0.0,0.0
92000053,CAJA DE ACERO INOX. 35X18X08 CM PERFORADO,0.0,10,ADMINISTRACION,92000053,0.0,0.0
92000053,CAJA DE ACERO INOX. 35X18X08 CM PERFORADO,0.0,10,CARRO DE PARO,92000053,0.0,0.0
92000054,TAMBOR DE ACERO INOX 16X12 CM,0.0,10,URGENCIAS(2),92000054,0.0,0.0
92000054,TAMBOR DE ACERO INOX 16X12 CM,0.0,10,INTERNADO(3),92000054,0.0,0.0
92000054,TAMBOR DE ACERO INOX 16X12 CM,0.0,10,QUIROFANO(4),92000054,0.0,0.0
92000054,TAMBOR DE ACERO INOX 16X12 CM,0.0,10,ADMINISTRACION,92000054,0.0,0.0
92000054,TAMBOR DE ACERO INOX 16X12 CM,0.0,10,CARRO DE PARO,92000054,0.0,0.0
92000055,TAMBOR DE ACERO INOX 24X24 CM,313500.0,10,URGENCIAS(2),92000055,0.0,0.0
92000055,TAMBOR DE ACERO INOX 24X24 CM,313500.0,10,INTERNADO(3),92000055,0.0,0.0
92000055,TAMBOR DE ACERO INOX 24X24 CM,313500.0,10,QUIROFANO(4),92000055,0.0,0.0
92000055,TAMBOR DE ACERO INOX 24X24 CM,313500.0,10,ADMINISTRACION,92000055,0.0,0.0
92000055,TAMBOR DE ACERO INOX 24X24 CM,313500.0,10,CARRO DE PARO,92000055,0.0,0.0
92000056,TAMBOR DE ACERO INOX 34X18 CM,940500.0,10,URGENCIAS(2),92000056,0.0,0.0
92000056,TAMBOR DE ACERO INOX 34X18 CM,940500.0,10,INTERNADO(3),92000056,0.0,0.0
92000056,TAMBOR DE ACERO INOX 34X18 CM,940500.0,10,QUIROFANO(4),92000056,0.0,0.0
92000056,TAMBOR DE ACERO INOX 34X18 CM,940500.0,10,ADMINISTRACION,92000056,0.0,0.0
92000056,TAMBOR DE ACERO INOX 34X18 CM,940500.0,10,CARRO DE PARO,92000056,0.0,0.0
92000057,GEL 5KG INCOLORO P/ ULTRASONIDO,141000.0,10,URGENCIAS(2),92000057,0.0,0.0
92000057,GEL 5KG INCOLORO P/ ULTRASONIDO,141000.0,10,INTERNADO(3),92000057,0.0,0.0
92000057,GEL 5KG INCOLORO P/ ULTRASONIDO,141000.0,10,QUIROFANO(4),92000057,0.0,0.0
92000057,GEL 5KG INCOLORO P/ ULTRASONIDO,141000.0,10,ADMINISTRACION,92000057,0.0,0.0
92000057,GEL 5KG INCOLORO P/ ULTRASONIDO,141000.0,10,CARRO DE PARO,92000057,0.0,0.0
92000058,"ESPECULO DE 2,5 MM DESCARTABLE P/ OTOSCOPIO",880.0,10,URGENCIAS(2),92000058,0.0,0.0
92000058,"ESPECULO DE 2,5 MM DESCARTABLE P/ OTOSCOPIO",880.0,10,INTERNADO(3),92000058,0.0,0.0
92000058,"ESPECULO DE 2,5 MM DESCARTABLE P/ OTOSCOPIO",880.0,10,QUIROFANO(4),92000058,0.0,0.0
92000058,"ESPECULO DE 2,5 MM DESCARTABLE P/ OTOSCOPIO",880.0,10,ADMINISTRACION,92000058,0.0,0.0
92000058,"ESPECULO DE 2,5 MM DESCARTABLE P/ OTOSCOPIO",880.0,10,CARRO DE PARO,92000058,0.0,0.0
92000059,"ESPECULO DE 4,0 MM DESCARTABLE P/ OTOSCOPIO",880.0,10,URGENCIAS(2),92000059,0.0,0.0
92000059,"ESPECULO DE 4,0 MM DESCARTABLE P/ OTOSCOPIO",880.0,10,INTERNADO(3),92000059,0.0,0.0
92000059,"ESPECULO DE 4,0 MM DESCARTABLE P/ OTOSCOPIO",880.0,10,QUIROFANO(4),92000059,0.0,0.0
92000059,"ESPECULO DE 4,0 MM DESCARTABLE P/ OTOSCOPIO",880.0,10,ADMINISTRACION,92000059,0.0,0.0
92000059,"ESPECULO DE 4,0 MM DESCARTABLE P/ OTOSCOPIO",880.0,10,CARRO DE PARO,92000059,0.0,0.0
92000060,HIELO SECO,7500.0,10,URGENCIAS(2),92000060,0.0,0.0
92000060,HIELO SECO,7500.0,10,INTERNADO(3),92000060,0.0,0.0
92000060,HIELO SECO,7500.0,10,QUIROFANO(4),92000060,0.0,0.0
92000060,HIELO SECO,7500.0,10,ADMINISTRACION,92000060,0.0,0.0
92000060,HIELO SECO,7500.0,10,CARRO DE PARO,92000060,0.0,0.0
92000061,IMPRESORA EPSON PRO CS 890 C/ TINTAS,5740000.0,10,URGENCIAS(2),92000061,0.0,0.0
92000061,IMPRESORA EPSON PRO CS 890 C/ TINTAS,5740000.0,10,INTERNADO(3),92000061,0.0,0.0
92000061,IMPRESORA EPSON PRO CS 890 C/ TINTAS,5740000.0,10,QUIROFANO(4),92000061,0.0,0.0
92000061,IMPRESORA EPSON PRO CS 890 C/ TINTAS,5740000.0,10,ADMINISTRACION,92000061,0.0,1.0
92000061,IMPRESORA EPSON PRO CS 890 C/ TINTAS,5740000.0,10,CARRO DE PARO,92000061,0.0,0.0
92000062,IMPRESORA EPSON M2120 C/TINTA,2390000.0,10,URGENCIAS(2),92000062,0.0,0.0
92000062,IMPRESORA EPSON M2120 C/TINTA,2390000.0,10,INTERNADO(3),92000062,0.0,0.0
92000062,IMPRESORA EPSON M2120 C/TINTA,2390000.0,10,QUIROFANO(4),92000062,0.0,0.0
92000062,IMPRESORA EPSON M2120 C/TINTA,2390000.0,10,ADMINISTRACION,92000062,0.0,1.0
92000062,IMPRESORA EPSON M2120 C/TINTA,2390000.0,10,CARRO DE PARO,92000062,0.0,0.0
92000063,IMPRESORA TERMCA 3N STAR,800000.0,10,URGENCIAS(2),92000063,0.0,0.0
92000063,IMPRESORA TERMCA 3N STAR,800000.0,10,INTERNADO(3),92000063,0.0,0.0
92000063,IMPRESORA TERMCA 3N STAR,800000.0,10,QUIROFANO(4),92000063,0.0,0.0
92000063,IMPRESORA TERMCA 3N STAR,800000.0,10,ADMINISTRACION,92000063,0.0,1.0
92000063,IMPRESORA TERMCA 3N STAR,800000.0,10,CARRO DE PARO,92000063,0.0,0.0
92000064,CONTADOR DE BILLETES QUANTA,3687000.0,10,URGENCIAS(2),92000064,0.0,0.0
92000064,CONTADOR DE BILLETES QUANTA,3687000.0,10,INTERNADO(3),92000064,0.0,0.0
92000064,CONTADOR DE BILLETES QUANTA,3687000.0,10,QUIROFANO(4),92000064,0.0,0.0
92000064,CONTADOR DE BILLETES QUANTA,3687000.0,10,ADMINISTRACION,92000064,0.0,1.0
92000064,CONTADOR DE BILLETES QUANTA,3687000.0,10,CARRO DE PARO,92000064,0.0,0.0
92000065,DETECTOR DE BILLETE,180000.0,10,URGENCIAS(2),92000065,0.0,0.0
92000065,DETECTOR DE BILLETE,180000.0,10,INTERNADO(3),92000065,0.0,0.0
92000065,DETECTOR DE BILLETE,180000.0,10,QUIROFANO(4),92000065,0.0,0.0
92000065,DETECTOR DE BILLETE,180000.0,10,ADMINISTRACION,92000065,0.0,1.0
92000065,DETECTOR DE BILLETE,180000.0,10,CARRO DE PARO,92000065,0.0,0.0
92000066,TRITURADOR DE PAPEL,250000.0,10,URGENCIAS(2),92000066,0.0,0.0
92000066,TRITURADOR DE PAPEL,250000.0,10,INTERNADO(3),92000066,0.0,0.0
92000066,TRITURADOR DE PAPEL,250000.0,10,QUIROFANO(4),92000066,0.0,0.0
92000066,TRITURADOR DE PAPEL,250000.0,10,ADMINISTRACION,92000066,0.0,1.0
92000066,TRITURADOR DE PAPEL,250000.0,10,CARRO DE PARO,92000066,0.0,0.0
92000067,IMAC I5/16/512/22,3600000.0,10,URGENCIAS(2),92000067,0.0,0.0
92000067,IMAC I5/16/512/22,3600000.0,10,INTERNADO(3),92000067,0.0,0.0
92000067,IMAC I5/16/512/22,3600000.0,10,QUIROFANO(4),92000067,0.0,0.0
92000067,IMAC I5/16/512/22,3600000.0,10,ADMINISTRACION,92000067,0.0,1.0
92000067,IMAC I5/16/512/22,3600000.0,10,CARRO DE PARO,92000067,0.0,0.0
92000068,ESPECULO VAGINAL GRAEVE GRANDE 115X35 MM,0.0,10,URGENCIAS(2),92000068,0.0,0.0
92000068,ESPECULO VAGINAL GRAEVE GRANDE 115X35 MM,0.0,10,INTERNADO(3),92000068,0.0,0.0
92000068,ESPECULO VAGINAL GRAEVE GRANDE 115X35 MM,0.0,10,QUIROFANO(4),92000068,0.0,0.0
92000068,ESPECULO VAGINAL GRAEVE GRANDE 115X35 MM,0.0,10,ADMINISTRACION,92000068,0.0,0.0
92000068,ESPECULO VAGINAL GRAEVE GRANDE 115X35 MM,0.0,10,CARRO DE PARO,92000068,0.0,0.0
92000069,HISTEROMETRO DE SIMS 32 CM,0.0,10,URGENCIAS(2),92000069,0.0,0.0
92000069,HISTEROMETRO DE SIMS 32 CM,0.0,10,INTERNADO(3),92000069,0.0,0.0
92000069,HISTEROMETRO DE SIMS 32 CM,0.0,10,QUIROFANO(4),92000069,0.0,0.0
92000069,HISTEROMETRO DE SIMS 32 CM,0.0,10,ADMINISTRACION,92000069,0.0,0.0
92000069,HISTEROMETRO DE SIMS 32 CM,0.0,10,CARRO DE PARO,92000069,0.0,0.0
92000070,CURETA RECAIMER Nº,0.0,0,10 URGENCIAS(2),92000070,0.0,0.0
92000070,CURETA RECAIMER Nº,0.0,0,10 INTERNADO(3),92000070,0.0,0.0
92000070,CURETA RECAIMER Nº,0.0,0,10 QUIROFANO(4),92000070,0.0,0.0
92000070,CURETA RECAIMER Nº,0.0,0,10 ADMINISTRACION,92000070,0.0,0.0
92000070,CURETA RECAIMER Nº,0.0,0,10 CARRO DE PARO,92000070,0.0,0.0
92000071,CURETA RECAIMER Nº,1.0,0,10 URGENCIAS(2),92000071,0.0,0.0
92000071,CURETA RECAIMER Nº,1.0,0,10 INTERNADO(3),92000071,0.0,0.0
92000071,CURETA RECAIMER Nº,1.0,0,10 QUIROFANO(4),92000071,0.0,0.0
92000071,CURETA RECAIMER Nº,1.0,0,10 ADMINISTRACION,92000071,0.0,0.0
92000071,CURETA RECAIMER Nº,1.0,0,10 CARRO DE PARO,92000071,0.0,0.0
92000072,CURETA RECAIMER Nº,2.0,0,10 URGENCIAS(2),92000072,0.0,0.0
92000072,CURETA RECAIMER Nº,2.0,0,10 INTERNADO(3),92000072,0.0,0.0
92000072,CURETA RECAIMER Nº,2.0,0,10 QUIROFANO(4),92000072,0.0,0.0
92000072,CURETA RECAIMER Nº,2.0,0,10 ADMINISTRACION,92000072,0.0,0.0
92000072,CURETA RECAIMER Nº,2.0,0,10 CARRO DE PARO,92000072,0.0,0.0
92000073,CURETA RECAIMER Nº,3.0,0,10 URGENCIAS(2),92000073,0.0,0.0
92000073,CURETA RECAIMER Nº,3.0,0,10 INTERNADO(3),92000073,0.0,0.0
92000073,CURETA RECAIMER Nº,3.0,0,10 QUIROFANO(4),92000073,0.0,0.0
92000073,CURETA RECAIMER Nº,3.0,0,10 ADMINISTRACION,92000073,0.0,0.0
92000073,CURETA RECAIMER Nº,3.0,0,10 CARRO DE PARO,92000073,0.0,0.0
92000074,CURETA RECAIMER Nº,4.0,0,10 URGENCIAS(2),92000074,0.0,0.0
92000074,CURETA RECAIMER Nº,4.0,0,10 INTERNADO(3),92000074,0.0,0.0
92000074,CURETA RECAIMER Nº,4.0,0,10 QUIROFANO(4),92000074,0.0,0.0
92000074,CURETA RECAIMER Nº,4.0,0,10 ADMINISTRACION,92000074,0.0,0.0
92000074,CURETA RECAIMER Nº,4.0,0,10 CARRO DE PARO,92000074,0.0,0.0
92000075,CURETA RECAIMER Nº,5.0,0,10 URGENCIAS(2),92000075,0.0,0.0
92000075,CURETA RECAIMER Nº,5.0,0,10 INTERNADO(3),92000075,0.0,0.0
92000075,CURETA RECAIMER Nº,5.0,0,10 QUIROFANO(4),92000075,0.0,0.0
92000075,CURETA RECAIMER Nº,5.0,0,10 ADMINISTRACION,92000075,0.0,0.0
92000075,CURETA RECAIMER Nº,5.0,0,10 CARRO DE PARO,92000075,0.0,0.0
92000076,SONDA ACANALADA 14 CM,39600.0,10,URGENCIAS(2),92000076,0.0,0.0
92000076,SONDA ACANALADA 14 CM,39600.0,10,INTERNADO(3),92000076,0.0,0.0
92000076,SONDA ACANALADA 14 CM,39600.0,10,QUIROFANO(4),92000076,0.0,0.0
92000076,SONDA ACANALADA 14 CM,39600.0,10,ADMINISTRACION,92000076,0.0,0.0
92000076,SONDA ACANALADA 14 CM,39600.0,10,CARRO DE PARO,92000076,0.0,0.0
92000077,CAJA DE ACERO INOX 20X10X05 CM PERFORADO,178200.0,10,URGENCIAS(2),92000077,0.0,0.0
92000077,CAJA DE ACERO INOX 20X10X05 CM PERFORADO,178200.0,10,INTERNADO(3),92000077,0.0,0.0
92000077,CAJA DE ACERO INOX 20X10X05 CM PERFORADO,178200.0,10,QUIROFANO(4),92000077,0.0,0.0
92000077,CAJA DE ACERO INOX 20X10X05 CM PERFORADO,178200.0,10,ADMINISTRACION,92000077,0.0,0.0
92000077,CAJA DE ACERO INOX 20X10X05 CM PERFORADO,178200.0,10,CARRO DE PARO,92000077,0.0,0.0
92000078,ESPECULO VAGINAL GRAEVE PEQUEÑO,138600.0,10,URGENCIAS(2),92000078,0.0,0.0
92000078,ESPECULO VAGINAL GRAEVE PEQUEÑO,138600.0,10,INTERNADO(3),92000078,0.0,0.0
92000078,ESPECULO VAGINAL GRAEVE PEQUEÑO,138600.0,10,QUIROFANO(4),92000078,0.0,0.0
92000078,ESPECULO VAGINAL GRAEVE PEQUEÑO,138600.0,10,ADMINISTRACION,92000078,0.0,0.0
92000078,ESPECULO VAGINAL GRAEVE PEQUEÑO,138600.0,10,CARRO DE PARO,92000078,0.0,0.0
92000079,ESPECULO VAGINAL GRAEVE MEDIANO,138600.0,10,URGENCIAS(2),92000079,0.0,0.0
92000079,ESPECULO VAGINAL GRAEVE MEDIANO,138600.0,10,INTERNADO(3),92000079,0.0,0.0
92000079,ESPECULO VAGINAL GRAEVE MEDIANO,138600.0,10,QUIROFANO(4),92000079,0.0,0.0
92000079,ESPECULO VAGINAL GRAEVE MEDIANO,138600.0,10,ADMINISTRACION,92000079,0.0,0.0
92000079,ESPECULO VAGINAL GRAEVE MEDIANO,138600.0,10,CARRO DE PARO,92000079,0.0,0.0
92000080,PINZA ARO FOERSTER 20 CM C/ DIENTE,49500.0,10,URGENCIAS(2),92000080,0.0,0.0
92000080,PINZA ARO FOERSTER 20 CM C/ DIENTE,49500.0,10,INTERNADO(3),92000080,0.0,0.0
92000080,PINZA ARO FOERSTER 20 CM C/ DIENTE,49500.0,10,QUIROFANO(4),92000080,0.0,0.0
92000080,PINZA ARO FOERSTER 20 CM C/ DIENTE,49500.0,10,ADMINISTRACION,92000080,0.0,0.0
92000080,PINZA ARO FOERSTER 20 CM C/ DIENTE,49500.0,10,CARRO DE PARO,92000080,0.0,0.0
92000081,PINZA ARO FOERSTER 20 CM CURVA,99000.0,10,URGENCIAS(2),92000081,0.0,0.0
92000081,PINZA ARO FOERSTER 20 CM CURVA,99000.0,10,INTERNADO(3),92000081,0.0,0.0
92000081,PINZA ARO FOERSTER 20 CM CURVA,99000.0,10,QUIROFANO(4),92000081,0.0,0.0
92000081,PINZA ARO FOERSTER 20 CM CURVA,99000.0,10,ADMINISTRACION,92000081,0.0,0.0
92000081,PINZA ARO FOERSTER 20 CM CURVA,99000.0,10,CARRO DE PARO,92000081,0.0,0.0
92000082,PINZA ARO FOERSTER 24 CM RECTA,138600.0,10,URGENCIAS(2),92000082,0.0,0.0
92000082,PINZA ARO FOERSTER 24 CM RECTA,138600.0,10,INTERNADO(3),92000082,0.0,0.0
92000082,PINZA ARO FOERSTER 24 CM RECTA,138600.0,10,QUIROFANO(4),92000082,0.0,0.0
92000082,PINZA ARO FOERSTER 24 CM RECTA,138600.0,10,ADMINISTRACION,92000082,0.0,0.0
92000082,PINZA ARO FOERSTER 24 CM RECTA,138600.0,10,CARRO DE PARO,92000082,0.0,0.0
92000083,PINZA ARO FOERSTER 24 CM CURVA,138600.0,10,URGENCIAS(2),92000083,0.0,0.0
92000083,PINZA ARO FOERSTER 24 CM CURVA,138600.0,10,INTERNADO(3),92000083,0.0,0.0
92000083,PINZA ARO FOERSTER 24 CM CURVA,138600.0,10,QUIROFANO(4),92000083,0.0,0.0
92000083,PINZA ARO FOERSTER 24 CM CURVA,138600.0,10,ADMINISTRACION,92000083,0.0,0.0
92000083,PINZA ARO FOERSTER 24 CM CURVA,138600.0,10,CARRO DE PARO,92000083,0.0,0.0
92000084,TIJERA METZENBAUM 18 CM RECTA,81180.0,10,URGENCIAS(2),92000084,0.0,0.0
92000084,TIJERA METZENBAUM 18 CM RECTA,81180.0,10,INTERNADO(3),92000084,0.0,0.0
92000084,TIJERA METZENBAUM 18 CM RECTA,81180.0,10,QUIROFANO(4),92000084,0.0,0.0
92000084,TIJERA METZENBAUM 18 CM RECTA,81180.0,10,ADMINISTRACION,92000084,0.0,0.0
92000084,TIJERA METZENBAUM 18 CM RECTA,81180.0,10,CARRO DE PARO,92000084,0.0,0.0
92000085,PORTA AGUJA MAYO HEGAR 16 CM,81280.0,10,URGENCIAS(2),92000085,0.0,0.0
92000085,PORTA AGUJA MAYO HEGAR 16 CM,81280.0,10,INTERNADO(3),92000085,0.0,0.0
92000085,PORTA AGUJA MAYO HEGAR 16 CM,81280.0,10,QUIROFANO(4),92000085,0.0,0.0
92000085,PORTA AGUJA MAYO HEGAR 16 CM,81280.0,10,ADMINISTRACION,92000085,0.0,0.0
92000085,PORTA AGUJA MAYO HEGAR 16 CM,81280.0,10,CARRO DE PARO,92000085,0.0,0.0
92000086,PINZA POZZI UTERINA 25 CM,99000.0,10,URGENCIAS(2),92000086,0.0,0.0
92000086,PINZA POZZI UTERINA 25 CM,99000.0,10,INTERNADO(3),92000086,0.0,0.0
92000086,PINZA POZZI UTERINA 25 CM,99000.0,10,QUIROFANO(4),92000086,0.0,0.0
92000086,PINZA POZZI UTERINA 25 CM,99000.0,10,ADMINISTRACION,92000086,0.0,0.0
92000086,PINZA POZZI UTERINA 25 CM,99000.0,10,CARRO DE PARO,92000086,0.0,0.0
92000087,PINZA BABY TISCHLER 20 CM P/ BIOPSIA TIPO LAWTON,1782000.0,10,URGENCIAS(2),92000087,0.0,0.0
92000087,PINZA BABY TISCHLER 20 CM P/ BIOPSIA TIPO LAWTON,1782000.0,10,INTERNADO(3),92000087,0.0,0.0
92000087,PINZA BABY TISCHLER 20 CM P/ BIOPSIA TIPO LAWTON,1782000.0,10,QUIROFANO(4),92000087,0.0,0.0
92000087,PINZA BABY TISCHLER 20 CM P/ BIOPSIA TIPO LAWTON,1782000.0,10,ADMINISTRACION,92000087,0.0,0.0
92000087,PINZA BABY TISCHLER 20 CM P/ BIOPSIA TIPO LAWTON,1782000.0,10,CARRO DE PARO,92000087,0.0,0.0
92000088,PINZA MORGAN TISCHLER 25 CM,1683000.0,10,URGENCIAS(2),92000088,0.0,0.0
92000088,PINZA MORGAN TISCHLER 25 CM,1683000.0,10,INTERNADO(3),92000088,0.0,0.0
92000088,PINZA MORGAN TISCHLER 25 CM,1683000.0,10,QUIROFANO(4),92000088,0.0,0.0
92000088,PINZA MORGAN TISCHLER 25 CM,1683000.0,10,ADMINISTRACION,92000088,0.0,0.0
92000088,PINZA MORGAN TISCHLER 25 CM,1683000.0,10,CARRO DE PARO,92000088,0.0,0.0
92000089,PINZA ROCHESTER PEAN 18CM CURVA,81180.0,10,URGENCIAS(2),92000089,0.0,0.0
92000089,PINZA ROCHESTER PEAN 18CM CURVA,81180.0,10,INTERNADO(3),92000089,0.0,0.0
92000089,PINZA ROCHESTER PEAN 18CM CURVA,81180.0,10,QUIROFANO(4),92000089,0.0,0.0
92000089,PINZA ROCHESTER PEAN 18CM CURVA,81180.0,10,ADMINISTRACION,92000089,0.0,0.0
92000089,PINZA ROCHESTER PEAN 18CM CURVA,81180.0,10,CARRO DE PARO,92000089,0.0,0.0
92000090,TIJERA MAYO 17CM CURVA,71280.0,10,URGENCIAS(2),92000090,0.0,0.0
92000090,TIJERA MAYO 17CM CURVA,71280.0,10,INTERNADO(3),92000090,0.0,0.0
92000090,TIJERA MAYO 17CM CURVA,71280.0,10,QUIROFANO(4),92000090,0.0,0.0
92000090,TIJERA MAYO 17CM CURVA,71280.0,10,ADMINISTRACION,92000090,0.0,0.0
92000090,TIJERA MAYO 17CM CURVA,71280.0,10,CARRO DE PARO,92000090,0.0,0.0
92000091,"TIJERA MAYO 14,5CM RECTA",59400.0,10,URGENCIAS(2),92000091,0.0,0.0
92000091,"TIJERA MAYO 14,5CM RECTA",59400.0,10,INTERNADO(3),92000091,0.0,0.0
92000091,"TIJERA MAYO 14,5CM RECTA",59400.0,10,QUIROFANO(4),92000091,0.0,0.0
92000091,"TIJERA MAYO 14,5CM RECTA",59400.0,10,ADMINISTRACION,92000091,0.0,0.0
92000091,"TIJERA MAYO 14,5CM RECTA",59400.0,10,CARRO DE PARO,92000091,0.0,0.0
92000092,PINZA ANATOMICA 14CM S/ DIENTE,34650.0,10,URGENCIAS(2),92000092,0.0,0.0
92000092,PINZA ANATOMICA 14CM S/ DIENTE,34650.0,10,INTERNADO(3),92000092,0.0,0.0
92000092,PINZA ANATOMICA 14CM S/ DIENTE,34650.0,10,QUIROFANO(4),92000092,0.0,0.0
92000092,PINZA ANATOMICA 14CM S/ DIENTE,34650.0,10,ADMINISTRACION,92000092,0.0,0.0
92000092,PINZA ANATOMICA 14CM S/ DIENTE,34650.0,10,CARRO DE PARO,92000092,0.0,0.0
92000093,PINZA KOCHER 16CM RECTA,59400.0,10,URGENCIAS(2),92000093,0.0,0.0
92000093,PINZA KOCHER 16CM RECTA,59400.0,10,INTERNADO(3),92000093,0.0,0.0
92000093,PINZA KOCHER 16CM RECTA,59400.0,10,QUIROFANO(4),92000093,0.0,0.0
92000093,PINZA KOCHER 16CM RECTA,59400.0,10,ADMINISTRACION,92000093,0.0,0.0
92000093,PINZA KOCHER 16CM RECTA,59400.0,10,CARRO DE PARO,92000093,0.0,0.0
92000094,TIJERA MAYO 18CM CURVA,64350.0,10,URGENCIAS(2),92000094,0.0,0.0
92000094,TIJERA MAYO 18CM CURVA,64350.0,10,INTERNADO(3),92000094,0.0,0.0
92000094,TIJERA MAYO 18CM CURVA,64350.0,10,QUIROFANO(4),92000094,0.0,0.0
92000094,TIJERA MAYO 18CM CURVA,64350.0,10,ADMINISTRACION,92000094,0.0,0.0
92000094,TIJERA MAYO 18CM CURVA,64350.0,10,CARRO DE PARO,92000094,0.0,0.0
92000095,BOL DE ACERO INOX 128X60 MM,59400.0,10,URGENCIAS(2),92000095,0.0,0.0
92000095,BOL DE ACERO INOX 128X60 MM,59400.0,10,INTERNADO(3),92000095,0.0,0.0
92000095,BOL DE ACERO INOX 128X60 MM,59400.0,10,QUIROFANO(4),92000095,0.0,0.0
92000095,BOL DE ACERO INOX 128X60 MM,59400.0,10,ADMINISTRACION,92000095,0.0,0.0
92000095,BOL DE ACERO INOX 128X60 MM,59400.0,10,CARRO DE PARO,92000095,0.0,0.0
92000096,TIJERA IRIS 11CM RECTA,46530.0,10,URGENCIAS(2),92000096,0.0,0.0
92000096,TIJERA IRIS 11CM RECTA,46530.0,10,INTERNADO(3),92000096,0.0,0.0
92000096,TIJERA IRIS 11CM RECTA,46530.0,10,QUIROFANO(4),92000096,0.0,0.0
92000096,TIJERA IRIS 11CM RECTA,46530.0,10,ADMINISTRACION,92000096,0.0,0.0
92000096,TIJERA IRIS 11CM RECTA,46530.0,10,CARRO DE PARO,92000096,0.0,0.0
92000097,"PINZA MOSQUITO 12,5 CM CURVA",54450.0,10,URGENCIAS(2),92000097,0.0,0.0
92000097,"PINZA MOSQUITO 12,5 CM CURVA",54450.0,10,INTERNADO(3),92000097,0.0,0.0
92000097,"PINZA MOSQUITO 12,5 CM CURVA",54450.0,10,QUIROFANO(4),92000097,0.0,0.0
92000097,"PINZA MOSQUITO 12,5 CM CURVA",54450.0,10,ADMINISTRACION,92000097,0.0,0.0
92000097,"PINZA MOSQUITO 12,5 CM CURVA",54450.0,10,CARRO DE PARO,92000097,0.0,0.0
92000098,BANDEJA DE ACERO INOX 38X28X05 CM C/ TAPA,396000.0,10,URGENCIAS(2),92000098,0.0,0.0
92000098,BANDEJA DE ACERO INOX 38X28X05 CM C/ TAPA,396000.0,10,INTERNADO(3),92000098,0.0,0.0
92000098,BANDEJA DE ACERO INOX 38X28X05 CM C/ TAPA,396000.0,10,QUIROFANO(4),92000098,0.0,0.0
92000098,BANDEJA DE ACERO INOX 38X28X05 CM C/ TAPA,396000.0,10,ADMINISTRACION,92000098,0.0,0.0
92000098,BANDEJA DE ACERO INOX 38X28X05 CM C/ TAPA,396000.0,10,CARRO DE PARO,92000098,0.0,0.0
92000099,"TIJERA METZENBAUM 16,5CM RECTA",65340.0,10,URGENCIAS(2),92000099,0.0,0.0
92000099,"TIJERA METZENBAUM 16,5CM RECTA",65340.0,10,INTERNADO(3),92000099,0.0,0.0
92000099,"TIJERA METZENBAUM 16,5CM RECTA",65340.0,10,QUIROFANO(4),92000099,0.0,0.0
92000099,"TIJERA METZENBAUM 16,5CM RECTA",65340.0,10,ADMINISTRACION,92000099,0.0,0.0
92000099,"TIJERA METZENBAUM 16,5CM RECTA",65340.0,10,CARRO DE PARO,92000099,0.0,0.0
92000100,PORTA AGUJA MAYO HEGAR 20 CM,89100.0,10,URGENCIAS(2),92000100,0.0,0.0
92000100,PORTA AGUJA MAYO HEGAR 20 CM,89100.0,10,INTERNADO(3),92000100,0.0,0.0
92000100,PORTA AGUJA MAYO HEGAR 20 CM,89100.0,10,QUIROFANO(4),92000100,0.0,0.0
92000100,PORTA AGUJA MAYO HEGAR 20 CM,89100.0,10,ADMINISTRACION,92000100,0.0,0.0
92000100,PORTA AGUJA MAYO HEGAR 20 CM,89100.0,10,CARRO DE PARO,92000100,0.0,0.0
93000008,BASUREO TRAMONTINA,105000.0,10,URGENCIAS(2),93000008,0.0,0.0
93000008,BASUREO TRAMONTINA,105000.0,10,INTERNADO(3),93000008,0.0,0.0
93000008,BASUREO TRAMONTINA,105000.0,10,QUIROFANO(4),93000008,0.0,0.0
93000008,BASUREO TRAMONTINA,105000.0,10,ADMINISTRACION,93000008,0.0,20.0
93000008,BASUREO TRAMONTINA,105000.0,10,CARRO DE PARO,93000008,0.0,0.0
93000009,CAJA ORGANIZADORA,80000.0,10,URGENCIAS(2),93000009,0.0,0.0
93000009,CAJA ORGANIZADORA,80000.0,10,INTERNADO(3),93000009,0.0,0.0
93000009,CAJA ORGANIZADORA,80000.0,10,QUIROFANO(4),93000009,0.0,0.0
93000009,CAJA ORGANIZADORA,80000.0,10,ADMINISTRACION,93000009,0.0,4.0
93000009,CAJA ORGANIZADORA,80000.0,10,CARRO DE PARO,93000009,0.0,0.0
93000010,ARTICULOS VARIOS PARA COCINA,0.0,10,URGENCIAS(2),93000010,0.0,0.0
93000010,ARTICULOS VARIOS PARA COCINA,0.0,10,INTERNADO(3),93000010,0.0,0.0
93000010,ARTICULOS VARIOS PARA COCINA,0.0,10,QUIROFANO(4),93000010,0.0,0.0
93000010,ARTICULOS VARIOS PARA COCINA,0.0,10,ADMINISTRACION,93000010,0.0,0.0
93000010,ARTICULOS VARIOS PARA COCINA,0.0,10,CARRO DE PARO,93000010,0.0,0.0
93000011,SERVICIO DE RECOLECCION DE RESIDUOS,0.0,10,URGENCIAS(2),93000011,0.0,0.0
93000011,SERVICIO DE RECOLECCION DE RESIDUOS,0.0,10,INTERNADO(3),93000011,0.0,0.0
93000011,SERVICIO DE RECOLECCION DE RESIDUOS,0.0,10,QUIROFANO(4),93000011,0.0,0.0
93000011,SERVICIO DE RECOLECCION DE RESIDUOS,0.0,10,ADMINISTRACION,93000011,0.0,0.0
93000011,SERVICIO DE RECOLECCION DE RESIDUOS,0.0,10,CARRO DE PARO,93000011,0.0,0.0
93000012,SERVICIOS DE LIMPIEZA,0.0,10,URGENCIAS(2),93000012,0.0,0.0
93000012,SERVICIOS DE LIMPIEZA,0.0,10,INTERNADO(3),93000012,0.0,0.0
93000012,SERVICIOS DE LIMPIEZA,0.0,10,QUIROFANO(4),93000012,0.0,0.0
93000012,SERVICIOS DE LIMPIEZA,0.0,10,ADMINISTRACION,93000012,0.0,0.0
93000012,SERVICIOS DE LIMPIEZA,0.0,10,CARRO DE PARO,93000012,0.0,0.0
93000013,SERVICIOS PERSONALES,2200000.0,10,URGENCIAS(2),93000013,0.0,0.0
93000013,SERVICIOS PERSONALES,2200000.0,10,INTERNADO(3),93000013,0.0,0.0
93000013,SERVICIOS PERSONALES,2200000.0,10,QUIROFANO(4),93000013,0.0,0.0
93000013,SERVICIOS PERSONALES,2200000.0,10,ADMINISTRACION,93000013,0.0,44.0
93000013,SERVICIOS PERSONALES,2200000.0,10,CARRO DE PARO,93000013,0.0,0.0
93000014,ARTICULOS DE LIBRERIA,0.0,10,URGENCIAS(2),93000014,0.0,0.0
93000014,ARTICULOS DE LIBRERIA,0.0,10,INTERNADO(3),93000014,0.0,0.0
93000014,ARTICULOS DE LIBRERIA,0.0,10,QUIROFANO(4),93000014,0.0,0.0
93000014,ARTICULOS DE LIBRERIA,0.0,10,ADMINISTRACION,93000014,0.0,0.0
93000014,ARTICULOS DE LIBRERIA,0.0,10,CARRO DE PARO,93000014,0.0,0.0
93000015,GASTOS VARIOS GND,0.0,0,URGENCIAS(2),93000015,0.0,0.0
93000015,GASTOS VARIOS GND,0.0,0,INTERNADO(3),93000015,0.0,0.0
93000015,GASTOS VARIOS GND,0.0,0,QUIROFANO(4),93000015,0.0,0.0
93000015,GASTOS VARIOS GND,0.0,0,ADMINISTRACION,93000015,0.0,5.0
93000015,GASTOS VARIOS GND,0.0,0,CARRO DE PARO,93000015,0.0,0.0
93000016,DESCUENTOS CONCEDIDOS AL,10.0,0,10 URGENCIAS(2),93000016,0.0,0.0
93000016,DESCUENTOS CONCEDIDOS AL,10.0,0,10 INTERNADO(3),93000016,0.0,0.0
93000016,DESCUENTOS CONCEDIDOS AL,10.0,0,10 QUIROFANO(4),93000016,0.0,0.0
93000016,DESCUENTOS CONCEDIDOS AL,10.0,0,10 ADMINISTRACION,93000016,0.0,0.0
93000016,DESCUENTOS CONCEDIDOS AL,10.0,0,10 CARRO DE PARO,93000016,0.0,0.0
93000017,VARIOS AL 5%,0.0,5,URGENCIAS(2),93000017,0.0,0.0
93000017,VARIOS AL 5%,0.0,5,INTERNADO(3),93000017,0.0,0.0
93000017,VARIOS AL 5%,0.0,5,QUIROFANO(4),93000017,0.0,0.0
93000017,VARIOS AL 5%,0.0,5,ADMINISTRACION,93000017,0.0,0.0
93000017,VARIOS AL 5%,0.0,5,CARRO DE PARO,93000017,0.0,0.0
93000018,VARIOS AL 10%,0.0,10,URGENCIAS(2),93000018,0.0,0.0
93000018,VARIOS AL 10%,0.0,10,INTERNADO(3),93000018,0.0,0.0
93000018,VARIOS AL 10%,0.0,10,QUIROFANO(4),93000018,0.0,0.0
93000018,VARIOS AL 10%,0.0,10,ADMINISTRACION,93000018,0.0,0.0
93000018,VARIOS AL 10%,0.0,10,CARRO DE PARO,93000018,0.0,0.0
93000019,ALQUILERES PAGADOS,0.0,10,URGENCIAS(2),93000019,0.0,0.0
93000019,ALQUILERES PAGADOS,0.0,10,INTERNADO(3),93000019,0.0,0.0
93000019,ALQUILERES PAGADOS,0.0,10,QUIROFANO(4),93000019,0.0,0.0
93000019,ALQUILERES PAGADOS,0.0,10,ADMINISTRACION,93000019,0.0,0.0
93000019,ALQUILERES PAGADOS,0.0,10,CARRO DE PARO,93000019,0.0,0.0
93000020,GASTOS DE EVENTOS,0.0,10,URGENCIAS(2),93000020,0.0,0.0
93000020,GASTOS DE EVENTOS,0.0,10,INTERNADO(3),93000020,0.0,0.0
93000020,GASTOS DE EVENTOS,0.0,10,QUIROFANO(4),93000020,0.0,0.0
93000020,GASTOS DE EVENTOS,0.0,10,ADMINISTRACION,93000020,0.0,0.0
93000020,GASTOS DE EVENTOS,0.0,10,CARRO DE PARO,93000020,0.0,0.0
93000021,DESCUENTOS CONCEDIDOS AL,5.0,0,5 URGENCIAS(2),93000021,0.0,0.0
93000021,DESCUENTOS CONCEDIDOS AL,5.0,0,5 INTERNADO(3),93000021,0.0,0.0
93000021,DESCUENTOS CONCEDIDOS AL,5.0,0,5 QUIROFANO(4),93000021,0.0,0.0
93000021,DESCUENTOS CONCEDIDOS AL,5.0,0,5 ADMINISTRACION,93000021,0.0,0.0
93000021,DESCUENTOS CONCEDIDOS AL,5.0,0,5 CARRO DE PARO,93000021,0.0,0.0
93000022,CAJA CABLE DE RED,121.0,10,URGENCIAS(2),93000022,0.0,0.0
93000022,CAJA CABLE DE RED,121.0,10,INTERNADO(3),93000022,0.0,0.0
93000022,CAJA CABLE DE RED,121.0,10,QUIROFANO(4),93000022,0.0,0.0
93000022,CAJA CABLE DE RED,121.0,10,ADMINISTRACION,93000022,0.0,2.0
93000022,CAJA CABLE DE RED,121.0,10,CARRO DE PARO,93000022,0.0,0.0
93000023,BARRA GALVANIZADA,0.0,10,URGENCIAS(2),93000023,0.0,0.0
93000023,BARRA GALVANIZADA,0.0,10,INTERNADO(3),93000023,0.0,0.0
93000023,BARRA GALVANIZADA,0.0,10,QUIROFANO(4),93000023,0.0,0.0
93000023,BARRA GALVANIZADA,0.0,10,ADMINISTRACION,93000023,0.0,0.0
93000023,BARRA GALVANIZADA,0.0,10,CARRO DE PARO,93000023,0.0,0.0
93000024,TOMACORRIENTE HEMBRA,0.0,10,URGENCIAS(2),93000024,0.0,0.0
93000024,TOMACORRIENTE HEMBRA,0.0,10,INTERNADO(3),93000024,0.0,0.0
93000024,TOMACORRIENTE HEMBRA,0.0,10,QUIROFANO(4),93000024,0.0,0.0
93000024,TOMACORRIENTE HEMBRA,0.0,10,ADMINISTRACION,93000024,0.0,0.0
93000024,TOMACORRIENTE HEMBRA,0.0,10,CARRO DE PARO,93000024,0.0,0.0
4000459,FRAZADITA CELESTE MAXIPLUS (D MAMA),0.0,10,FARMACIA INTERNA(1),4000459,0.0,1.0
